experiment,Issue,rank,feature,coefficient,train_document_frequency,train_class_document_frequency
tfidf_df1_C1.0_none,"Advertising and marketing, including promotional offers",1,offer,2.2931438699830604,158,57
tfidf_df1_C1.0_none,"Advertising and marketing, including promotional offers",2,promotion,1.5259641726702473,69,36
tfidf_df1_C1.0_none,"Advertising and marketing, including promotional offers",3,bonus,1.434678674276364,56,27
tfidf_df1_C1.0_none,"Advertising and marketing, including promotional offers",4,promotional,1.1876914669892766,75,30
tfidf_df1_C1.0_none,"Advertising and marketing, including promotional offers",5,the offer,0.954358589489487,42,22
tfidf_df1_C1.0_none,"Advertising and marketing, including promotional offers",6,offer .,0.8934496000287814,40,25
tfidf_df1_C1.0_none,"Advertising and marketing, including promotional offers",7,misleading,0.8631545724608449,68,25
tfidf_df1_C1.0_none,"Advertising and marketing, including promotional offers",8,spend,0.8583850527245237,53,22
tfidf_df1_C1.0_none,"Advertising and marketing, including promotional offers",9,advertised,0.8576100127032051,48,17
tfidf_df1_C1.0_none,"Advertising and marketing, including promotional offers",10,approved,0.8570660497368563,132,25
tfidf_df1_C1.0_none,"Advertising and marketing, including promotional offers",11,terms,0.7883338447063933,142,28
tfidf_df1_C1.0_none,"Advertising and marketing, including promotional offers",12,up,0.7388553851647194,544,53
tfidf_df1_C1.0_none,"Advertising and marketing, including promotional offers",13,%,0.7313323665522232,173,25
tfidf_df1_C1.0_none,"Advertising and marketing, including promotional offers",14,first,0.7011869818829062,336,42
tfidf_df1_C1.0_none,"Advertising and marketing, including promotional offers",15,promotional offer,0.6960573594611509,25,17
tfidf_df1_C1.0_none,"Advertising and marketing, including promotional offers",16,0,0.6956888188978642,50,14
tfidf_df1_C1.0_none,"Advertising and marketing, including promotional offers",17,the promotion,0.6911358527275782,35,18
tfidf_df1_C1.0_none,"Advertising and marketing, including promotional offers",18,spending,0.6875812341346552,66,21
tfidf_df1_C1.0_none,"Advertising and marketing, including promotional offers",19,0 %,0.6875526101218028,48,13
tfidf_df1_C1.0_none,"Advertising and marketing, including promotional offers",20,the first,0.6872124216126798,173,30
tfidf_df1_C1.0_none,"Advertising and marketing, including promotional offers",21,up for,0.658367959745698,64,19
tfidf_df1_C1.0_none,"Advertising and marketing, including promotional offers",22,signed up,0.6545838554324123,43,16
tfidf_df1_C1.0_none,"Advertising and marketing, including promotional offers",23,spend {,0.6485956385929676,17,13
tfidf_df1_C1.0_none,"Advertising and marketing, including promotional offers",24,for the,0.6255932929679534,629,55
tfidf_df1_C1.0_none,"Advertising and marketing, including promotional offers",25,advertising,0.6134949585580025,28,15
tfidf_df1_C1.0_none,Closing your account,1,closed,3.535184258660636,499,154
tfidf_df1_C1.0_none,Closing your account,2,closed my,1.8470645000191424,122,59
tfidf_df1_C1.0_none,Closing your account,3,account,1.7779925709744877,1367,183
tfidf_df1_C1.0_none,Closing your account,4,close,1.6922352384158246,226,68
tfidf_df1_C1.0_none,Closing your account,5,to close,1.448244372586118,111,46
tfidf_df1_C1.0_none,Closing your account,6,my account,1.4370258933593316,699,114
tfidf_df1_C1.0_none,Closing your account,7,closure,1.348636480935848,64,36
tfidf_df1_C1.0_none,Closing your account,8,was closed,1.1422705603044607,136,46
tfidf_df1_C1.0_none,Closing your account,9,account was,1.1340219525310202,233,63
tfidf_df1_C1.0_none,Closing your account,10,reason,1.0319885133509796,238,54
tfidf_df1_C1.0_none,Closing your account,11,close my,0.9878411459659309,58,29
tfidf_df1_C1.0_none,Closing your account,12,the account,0.9469805113327395,466,83
tfidf_df1_C1.0_none,Closing your account,13,closed .,0.9327939639027082,106,39
tfidf_df1_C1.0_none,Closing your account,14,reopen,0.8009488537785076,61,21
tfidf_df1_C1.0_none,Closing your account,15,accounts,0.7835196632274566,283,50
tfidf_df1_C1.0_none,Closing your account,16,account .,0.7297052341679651,498,71
tfidf_df1_C1.0_none,Closing your account,17,card account,0.7113953872692089,158,32
tfidf_df1_C1.0_none,Closing your account,18,closing,0.6876160609270933,82,30
tfidf_df1_C1.0_none,Closing your account,19,this account,0.6745666380494602,167,34
tfidf_df1_C1.0_none,Closing your account,20,my,0.6657307784599998,2134,198
tfidf_df1_C1.0_none,Closing your account,21,my credit,0.6571375167170357,825,114
tfidf_df1_C1.0_none,Closing your account,22,of my,0.6540617552886183,489,71
tfidf_df1_C1.0_none,Closing your account,23,cards,0.645123784648964,256,42
tfidf_df1_C1.0_none,Closing your account,24,without,0.6364408867847793,416,63
tfidf_df1_C1.0_none,Closing your account,25,my accounts,0.6272129967339468,63,22
tfidf_df1_C1.0_none,Fees or interest,1,interest,4.15445818253311,413,189
tfidf_df1_C1.0_none,Fees or interest,2,fee,3.3233652256218305,278,140
tfidf_df1_C1.0_none,Fees or interest,3,fees,2.7780099997442464,290,132
tfidf_df1_C1.0_none,Fees or interest,4,late,2.0823684090523398,374,132
tfidf_df1_C1.0_none,Fees or interest,5,charged,2.059880871648982,483,155
tfidf_df1_C1.0_none,Fees or interest,6,late fee,1.5347899892220984,107,65
tfidf_df1_C1.0_none,Fees or interest,7,the interest,1.4780670217157168,96,60
tfidf_df1_C1.0_none,Fees or interest,8,late fees,1.3849152140172454,126,66
tfidf_df1_C1.0_none,Fees or interest,9,rate,1.2787988325275887,105,48
tfidf_df1_C1.0_none,Fees or interest,10,%,1.227132566551017,173,61
tfidf_df1_C1.0_none,Fees or interest,11,balance,1.2021748473310396,542,139
tfidf_df1_C1.0_none,Fees or interest,12,charge,1.1689193395374158,552,123
tfidf_df1_C1.0_none,Fees or interest,13,fee .,1.158096746265275,102,56
tfidf_df1_C1.0_none,Fees or interest,14,paid,1.1282674752100579,530,138
tfidf_df1_C1.0_none,Fees or interest,15,interest charge,1.0250333198890709,51,38
tfidf_df1_C1.0_none,Fees or interest,16,interest rate,1.006876541521763,66,33
tfidf_df1_C1.0_none,Fees or interest,17,month,0.9993072694130652,311,90
tfidf_df1_C1.0_none,Fees or interest,18,interest .,0.9978634025560436,85,45
tfidf_df1_C1.0_none,Fees or interest,19,apr,0.9908232273450431,54,27
tfidf_df1_C1.0_none,Fees or interest,20,charging,0.98300062805548,113,49
tfidf_df1_C1.0_none,Fees or interest,21,interest charges,0.954333658345794,57,36
tfidf_df1_C1.0_none,Fees or interest,22,$,0.9041960447833749,1173,201
tfidf_df1_C1.0_none,Fees or interest,23,the late,0.8538129132780278,70,41
tfidf_df1_C1.0_none,Fees or interest,24,{ $,0.8529302770278175,1143,196
tfidf_df1_C1.0_none,Fees or interest,25,{,0.8413021605324347,1145,196
tfidf_df1_C1.0_none,Getting a credit card,1,application,2.3806296758212073,149,73
tfidf_df1_C1.0_none,Getting a credit card,2,applied for,1.8529673909319289,148,71
tfidf_df1_C1.0_none,Getting a credit card,3,opened,1.8222259226845614,280,77
tfidf_df1_C1.0_none,Getting a credit card,4,my name,1.7035320082061391,150,65
tfidf_df1_C1.0_none,Getting a credit card,5,applied,1.5455100979342735,255,77
tfidf_df1_C1.0_none,Getting a credit card,6,name,1.4948139346014855,277,80
tfidf_df1_C1.0_none,Getting a credit card,7,report,1.4727355642306972,434,107
tfidf_df1_C1.0_none,Getting a credit card,8,open,1.3151153206312522,199,55
tfidf_df1_C1.0_none,Getting a credit card,9,credit,1.3063312736178077,1721,241
tfidf_df1_C1.0_none,Getting a credit card,10,credit report,1.2381325867076454,232,75
tfidf_df1_C1.0_none,Getting a credit card,11,knowledge,1.1409349034669338,82,27
tfidf_df1_C1.0_none,Getting a credit card,12,name .,1.1354059623971242,49,29
tfidf_df1_C1.0_none,Getting a credit card,13,a credit,1.0735443215348235,293,67
tfidf_df1_C1.0_none,Getting a credit card,14,denial,1.066462175600314,72,34
tfidf_df1_C1.0_none,Getting a credit card,15,without my,1.03267987762227,109,35
tfidf_df1_C1.0_none,Getting a credit card,16,inquiries,1.0129092528511818,33,18
tfidf_df1_C1.0_none,Getting a credit card,17,identity,0.9311415119152983,123,44
tfidf_df1_C1.0_none,Getting a credit card,18,denied,0.9195221851225722,243,56
tfidf_df1_C1.0_none,Getting a credit card,19,for a,0.9148064306544719,494,76
tfidf_df1_C1.0_none,Getting a credit card,20,inquiry,0.8985665371712188,60,25
tfidf_df1_C1.0_none,Getting a credit card,21,to open,0.893568441250341,55,24
tfidf_df1_C1.0_none,Getting a credit card,22,apply,0.8710727069134939,128,36
tfidf_df1_C1.0_none,Getting a credit card,23,my application,0.8607181267092555,54,32
tfidf_df1_C1.0_none,Getting a credit card,24,this account,0.8423660453090903,167,34
tfidf_df1_C1.0_none,Getting a credit card,25,was opened,0.8358164367270806,44,21
tfidf_df1_C1.0_none,Incorrect information on your report,1,report,1.5406173316756595,434,49
tfidf_df1_C1.0_none,Incorrect information on your report,2,credit report,1.2824667164426153,232,37
tfidf_df1_C1.0_none,Incorrect information on your report,3,1099,1.0163707112196858,34,12
tfidf_df1_C1.0_none,Incorrect information on your report,4,on my,0.9551851272946776,728,47
tfidf_df1_C1.0_none,Incorrect information on your report,5,reported,0.9445526676820998,218,28
tfidf_df1_C1.0_none,Incorrect information on your report,6,off,0.9268001998524239,387,31
tfidf_df1_C1.0_none,Incorrect information on your report,7,my credit,0.8772616641529916,825,59
tfidf_df1_C1.0_none,Incorrect information on your report,8,c,0.7972576001588694,105,16
tfidf_df1_C1.0_none,Incorrect information on your report,9,1099 c,0.7806275076811869,19,8
tfidf_df1_C1.0_none,Incorrect information on your report,10,removed,0.7600596174628313,185,23
tfidf_df1_C1.0_none,Incorrect information on your report,11,company wrote,0.733085042226334,5,5
tfidf_df1_C1.0_none,Incorrect information on your report,12,this account,0.6986394481724615,167,18
tfidf_df1_C1.0_none,Incorrect information on your report,13,a tax,0.6638060153898867,7,5
tfidf_df1_C1.0_none,Incorrect information on your report,14,reporting,0.662716593703363,165,22
tfidf_df1_C1.0_none,Incorrect information on your report,15,accounts,0.6276323053205928,283,22
tfidf_df1_C1.0_none,Incorrect information on your report,16,report .,0.6191616022154312,120,18
tfidf_df1_C1.0_none,Incorrect information on your report,17,under oath,0.6176467118359243,9,9
tfidf_df1_C1.0_none,Incorrect information on your report,18,oath,0.6065887492338707,10,9
tfidf_df1_C1.0_none,Incorrect information on your report,19,break .,0.602077156127855,4,4
tfidf_df1_C1.0_none,Incorrect information on your report,20,tax break,0.602077156127855,4,4
tfidf_df1_C1.0_none,Incorrect information on your report,21,listed,0.5779477132428487,107,16
tfidf_df1_C1.0_none,Incorrect information on your report,22,late,0.575685209938844,374,20
tfidf_df1_C1.0_none,Incorrect information on your report,23,tax,0.5739329508542382,33,7
tfidf_df1_C1.0_none,Incorrect information on your report,24,break,0.5711811393291842,6,4
tfidf_df1_C1.0_none,Incorrect information on your report,25,identity theft,0.5698531273797952,69,10
tfidf_df1_C1.0_none,"Other features, terms, or problems",1,rewards,1.8961989369008436,93,49
tfidf_df1_C1.0_none,"Other features, terms, or problems",2,points,1.3219092566641242,112,41
tfidf_df1_C1.0_none,"Other features, terms, or problems",3,check,0.8350348952438651,179,46
tfidf_df1_C1.0_none,"Other features, terms, or problems",4,transfer,0.7999939220371536,107,27
tfidf_df1_C1.0_none,"Other features, terms, or problems",5,issue,0.7768489557841769,498,91
tfidf_df1_C1.0_none,"Other features, terms, or problems",6,reward,0.7491422130468464,25,18
tfidf_df1_C1.0_none,"Other features, terms, or problems",7,the rewards,0.6885012749481119,19,18
tfidf_df1_C1.0_none,"Other features, terms, or problems",8,my rewards,0.6431563408636187,21,16
tfidf_df1_C1.0_none,"Other features, terms, or problems",9,rewards .,0.6302148519326214,18,15
tfidf_df1_C1.0_none,"Other features, terms, or problems",10,cash,0.6157704001576654,120,32
tfidf_df1_C1.0_none,"Other features, terms, or problems",11,xxxx points,0.5865647065287274,56,19
tfidf_df1_C1.0_none,"Other features, terms, or problems",12,pnc,0.5864531930314684,10,5
tfidf_df1_C1.0_none,"Other features, terms, or problems",13,bonus,0.5788368526184259,56,19
tfidf_df1_C1.0_none,"Other features, terms, or problems",14,to my,0.565333205158775,543,90
tfidf_df1_C1.0_none,"Other features, terms, or problems",15,problem,0.5505880170277591,143,34
tfidf_df1_C1.0_none,"Other features, terms, or problems",16,the issue,0.540348824952094,200,45
tfidf_df1_C1.0_none,"Other features, terms, or problems",17,balance transfer,0.5168416264914663,47,15
tfidf_df1_C1.0_none,"Other features, terms, or problems",18,issue .,0.516076557403925,141,34
tfidf_df1_C1.0_none,"Other features, terms, or problems",19,three,0.48957629959476645,112,27
tfidf_df1_C1.0_none,"Other features, terms, or problems",20,to redeem,0.4876689988651892,13,11
tfidf_df1_C1.0_none,"Other features, terms, or problems",21,redeem,0.478111189998728,14,11
tfidf_df1_C1.0_none,"Other features, terms, or problems",22,cash back,0.4745973598521226,23,11
tfidf_df1_C1.0_none,"Other features, terms, or problems",23,$ 250.00,0.4725716153538821,26,11
tfidf_df1_C1.0_none,"Other features, terms, or problems",24,250.00,0.4725716153538821,26,11
tfidf_df1_C1.0_none,"Other features, terms, or problems",25,250.00 },0.4725716153538821,26,11
tfidf_df1_C1.0_none,Problem when making payments,1,payment,3.059509182822106,682,134
tfidf_df1_C1.0_none,Problem when making payments,2,payments,1.8726719326414523,440,91
tfidf_df1_C1.0_none,Problem when making payments,3,a payment,1.4537840539338447,226,60
tfidf_df1_C1.0_none,Problem when making payments,4,the payment,1.222450230462474,210,57
tfidf_df1_C1.0_none,Problem when making payments,5,to make,1.0949316636805828,258,52
tfidf_df1_C1.0_none,Problem when making payments,6,make,1.080810575532214,434,67
tfidf_df1_C1.0_none,Problem when making payments,7,pay,1.0684778478278267,551,75
tfidf_df1_C1.0_none,Problem when making payments,8,my payment,1.0449900588006302,117,42
tfidf_df1_C1.0_none,Problem when making payments,9,late,0.9321162486857817,374,60
tfidf_df1_C1.0_none,Problem when making payments,10,to pay,0.8991470506094351,355,56
tfidf_df1_C1.0_none,Problem when making payments,11,my bank,0.8094447247747995,140,30
tfidf_df1_C1.0_none,Problem when making payments,12,payment on,0.806840312389901,91,29
tfidf_df1_C1.0_none,Problem when making payments,13,account,0.7849520012416462,1367,135
tfidf_df1_C1.0_none,Problem when making payments,14,bank,0.7752114406899308,800,84
tfidf_df1_C1.0_none,Problem when making payments,15,payment .,0.7626886648405575,162,41
tfidf_df1_C1.0_none,Problem when making payments,16,make a,0.7589690024858322,99,27
tfidf_df1_C1.0_none,Problem when making payments,17,due,0.7265228253331579,582,77
tfidf_df1_C1.0_none,Problem when making payments,18,auto,0.7105091451285324,55,19
tfidf_df1_C1.0_none,Problem when making payments,19,online,0.6990101770857958,261,38
tfidf_df1_C1.0_none,Problem when making payments,20,my account,0.6982990637393875,699,78
tfidf_df1_C1.0_none,Problem when making payments,21,bank account,0.6952785956238738,82,22
tfidf_df1_C1.0_none,Problem when making payments,22,set,0.6684333633398871,116,28
tfidf_df1_C1.0_none,Problem when making payments,23,check,0.6350801854335351,179,27
tfidf_df1_C1.0_none,Problem when making payments,24,set up,0.6091427820307038,59,19
tfidf_df1_C1.0_none,Problem when making payments,25,payment was,0.5968262407657489,123,30
tfidf_df1_C1.0_none,Problem with a company's investigation into an existing problem,1,1666 b,0.5533380903309074,9,5
tfidf_df1_C1.0_none,Problem with a company's investigation into an existing problem,2,reporting,0.5247438410211245,165,15
tfidf_df1_C1.0_none,Problem with a company's investigation into an existing problem,3,usc 1666,0.5031672867513256,16,5
tfidf_df1_C1.0_none,Problem with a company's investigation into an existing problem,4,1666,0.45667033220707665,24,5
tfidf_df1_C1.0_none,Problem with a company's investigation into an existing problem,5,late,0.45515231877060186,374,17
tfidf_df1_C1.0_none,Problem with a company's investigation into an existing problem,6,as late,0.44876867515660257,17,5
tfidf_df1_C1.0_none,Problem with a company's investigation into an existing problem,7,b,0.4288323982977061,62,7
tfidf_df1_C1.0_none,Problem with a company's investigation into an existing problem,8,always pay,0.42839070885206953,17,4
tfidf_df1_C1.0_none,Problem with a company's investigation into an existing problem,9,be fixed,0.402533039570084,4,3
tfidf_df1_C1.0_none,Problem with a company's investigation into an existing problem,10,"fixed ,",0.4012588367203351,4,3
tfidf_df1_C1.0_none,Problem with a company's investigation into an existing problem,11,law,0.400397690999992,114,10
tfidf_df1_C1.0_none,Problem with a company's investigation into an existing problem,12,account should,0.3981274342852276,10,4
tfidf_df1_C1.0_none,Problem with a company's investigation into an existing problem,13,debt,0.3884979811388935,141,10
tfidf_df1_C1.0_none,Problem with a company's investigation into an existing problem,14,usc,0.3863718046523847,42,5
tfidf_df1_C1.0_none,Problem with a company's investigation into an existing problem,15,understand,0.38487053526547155,126,8
tfidf_df1_C1.0_none,Problem with a company's investigation into an existing problem,16,my report,0.3714953563378281,25,4
tfidf_df1_C1.0_none,Problem with a company's investigation into an existing problem,17,late payment,0.36370176270679416,77,9
tfidf_df1_C1.0_none,Problem with a company's investigation into an existing problem,18,i always,0.36099347723060654,34,4
tfidf_df1_C1.0_none,Problem with a company's investigation into an existing problem,19,the debt,0.3584770627531137,55,8
tfidf_df1_C1.0_none,Problem with a company's investigation into an existing problem,20,wrote to,0.3515016581444413,8,6
tfidf_df1_C1.0_none,Problem with a company's investigation into an existing problem,21,report,0.338035406368208,434,14
tfidf_df1_C1.0_none,Problem with a company's investigation into an existing problem,22,30 days,0.33385828990914246,60,8
tfidf_df1_C1.0_none,Problem with a company's investigation into an existing problem,23,information,0.33275686253965525,612,19
tfidf_df1_C1.0_none,Problem with a company's investigation into an existing problem,24,im,0.3263988385511751,103,5
tfidf_df1_C1.0_none,Problem with a company's investigation into an existing problem,25,my letter,0.31967681821020083,14,5
tfidf_df1_C1.0_none,Problem with a purchase shown on your statement,1,dispute,3.551127259940072,475,348
tfidf_df1_C1.0_none,Problem with a purchase shown on your statement,2,charges,2.768883807577719,447,244
tfidf_df1_C1.0_none,Problem with a purchase shown on your statement,3,charge,2.387148222010242,552,288
tfidf_df1_C1.0_none,Problem with a purchase shown on your statement,4,merchant,2.1629973906315305,174,152
tfidf_df1_C1.0_none,Problem with a purchase shown on your statement,5,the merchant,1.8509302970831631,142,132
tfidf_df1_C1.0_none,Problem with a purchase shown on your statement,6,refund,1.7738905308257342,292,188
tfidf_df1_C1.0_none,Problem with a purchase shown on your statement,7,fraudulent,1.61782920953581,297,167
tfidf_df1_C1.0_none,Problem with a purchase shown on your statement,8,the dispute,1.5727928634363642,166,149
tfidf_df1_C1.0_none,Problem with a purchase shown on your statement,9,the charge,1.5383972878498433,182,141
tfidf_df1_C1.0_none,Problem with a purchase shown on your statement,10,disputed,1.4162086344283955,178,136
tfidf_df1_C1.0_none,Problem with a purchase shown on your statement,11,the charges,1.4123054465004639,133,106
tfidf_df1_C1.0_none,Problem with a purchase shown on your statement,12,transaction,1.384294962571633,271,158
tfidf_df1_C1.0_none,Problem with a purchase shown on your statement,13,fraud,1.228111967642839,405,190
tfidf_df1_C1.0_none,Problem with a purchase shown on your statement,14,from xxxx,1.220793584038428,296,175
tfidf_df1_C1.0_none,Problem with a purchase shown on your statement,15,my dispute,1.2191195052613197,109,99
tfidf_df1_C1.0_none,Problem with a purchase shown on your statement,16,were,1.2141665825308212,670,281
tfidf_df1_C1.0_none,Problem with a purchase shown on your statement,17,fraudulent charges,1.209511423991997,74,66
tfidf_df1_C1.0_none,Problem with a purchase shown on your statement,18,unauthorized,1.1851093937000163,128,88
tfidf_df1_C1.0_none,Problem with a purchase shown on your statement,19,transactions,1.1694099880494209,200,106
tfidf_df1_C1.0_none,Problem with a purchase shown on your statement,20,a refund,1.1676816351251973,138,103
tfidf_df1_C1.0_none,Problem with a purchase shown on your statement,21,claim,1.1552386074866432,270,153
tfidf_df1_C1.0_none,Problem with a purchase shown on your statement,22,a dispute,1.1513446332467783,160,125
tfidf_df1_C1.0_none,Problem with a purchase shown on your statement,23,evidence,1.1297001532721946,145,105
tfidf_df1_C1.0_none,Problem with a purchase shown on your statement,24,xxxx xxxx,1.1224787239327945,1216,439
tfidf_df1_C1.0_none,Problem with a purchase shown on your statement,25,charges .,1.0799555857611558,136,90
tfidf_df1_C1.0_none,Struggling to pay your bill,1,hardship,0.9863702499607084,53,14
tfidf_df1_C1.0_none,Struggling to pay your bill,2,settlement,0.5815257750405598,17,6
tfidf_df1_C1.0_none,Struggling to pay your bill,3,financial,0.5735590151716691,268,15
tfidf_df1_C1.0_none,Struggling to pay your bill,4,financial hardship,0.5399404991660696,25,8
tfidf_df1_C1.0_none,Struggling to pay your bill,5,plan,0.48628822689672596,54,8
tfidf_df1_C1.0_none,Struggling to pay your bill,6,payment plan,0.4721965108031374,15,7
tfidf_df1_C1.0_none,Struggling to pay your bill,7,to negotiate,0.4540117526268673,6,5
tfidf_df1_C1.0_none,Struggling to pay your bill,8,declared disaster,0.45013752114186684,2,2
tfidf_df1_C1.0_none,Struggling to pay your bill,9,negotiate,0.44325690297565545,7,5
tfidf_df1_C1.0_none,Struggling to pay your bill,10,disaster,0.42375233702412934,9,3
tfidf_df1_C1.0_none,Struggling to pay your bill,11,debt,0.3922806646677355,141,11
tfidf_df1_C1.0_none,Struggling to pay your bill,12,declared,0.3884683751790427,7,2
tfidf_df1_C1.0_none,Struggling to pay your bill,13,calls,0.38602149373041406,141,8
tfidf_df1_C1.0_none,Struggling to pay your bill,14,assistance,0.37290437094275874,146,9
tfidf_df1_C1.0_none,Struggling to pay your bill,15,payments,0.3728720329337077,440,17
tfidf_df1_C1.0_none,Struggling to pay your bill,16,due to,0.3648920703010874,360,13
tfidf_df1_C1.0_none,Struggling to pay your bill,17,a victim,0.36369736432023186,32,2
tfidf_df1_C1.0_none,Struggling to pay your bill,18,manageable,0.36050322134527274,6,6
tfidf_df1_C1.0_none,Struggling to pay your bill,19,work,0.3594752008607092,128,11
tfidf_df1_C1.0_none,Struggling to pay your bill,20,hardship program,0.3590067338798635,9,5
tfidf_df1_C1.0_none,Struggling to pay your bill,21,job,0.3503669855751894,37,6
tfidf_df1_C1.0_none,Struggling to pay your bill,22,a settlement,0.3457149573946307,9,5
tfidf_df1_C1.0_none,Struggling to pay your bill,23,continental,0.3407190468059376,3,2
tfidf_df1_C1.0_none,Struggling to pay your bill,24,was affected,0.3387818381094708,3,2
tfidf_df1_C1.0_none,Struggling to pay your bill,25,affected by,0.3360820837913614,10,3
tfidf_df1_C1.0_none,Trouble using your card,1,limit,1.5794176481540665,163,35
tfidf_df1_C1.0_none,Trouble using your card,2,credit limit,1.2755989889707484,101,28
tfidf_df1_C1.0_none,Trouble using your card,3,use,0.8624545949115451,329,42
tfidf_df1_C1.0_none,Trouble using your card,4,blocked,0.8066637286844786,48,13
tfidf_df1_C1.0_none,Trouble using your card,5,card,0.7621754140168532,1627,95
tfidf_df1_C1.0_none,Trouble using your card,6,declined,0.7020268121438928,106,20
tfidf_df1_C1.0_none,Trouble using your card,7,locked,0.6831639620408275,47,13
tfidf_df1_C1.0_none,Trouble using your card,8,my card,0.6734791371649126,265,29
tfidf_df1_C1.0_none,Trouble using your card,9,to use,0.6382313060683058,143,24
tfidf_df1_C1.0_none,Trouble using your card,10,my credit,0.6059155756496097,825,55
tfidf_df1_C1.0_none,Trouble using your card,11,limit .,0.5524002445253372,46,15
tfidf_df1_C1.0_none,Trouble using your card,12,the card,0.5512391326876669,416,36
tfidf_df1_C1.0_none,Trouble using your card,13,use my,0.5228939277513671,63,16
tfidf_df1_C1.0_none,Trouble using your card,14,available,0.498854225321363,162,18
tfidf_df1_C1.0_none,Trouble using your card,15,!,0.48816852996072696,203,18
tfidf_df1_C1.0_none,Trouble using your card,16,restricted,0.45480005475050583,25,6
tfidf_df1_C1.0_none,Trouble using your card,17,license,0.4416059199826822,41,10
tfidf_df1_C1.0_none,Trouble using your card,18,they lowered,0.4390899574596557,5,3
tfidf_df1_C1.0_none,Trouble using your card,19,to clear,0.4362635833702569,15,5
tfidf_df1_C1.0_none,Trouble using your card,20,bank,0.43279696070122886,800,53
tfidf_df1_C1.0_none,Trouble using your card,21,reduced,0.4315013837663488,36,11
tfidf_df1_C1.0_none,Trouble using your card,22,verify my,0.42503392299865844,37,12
tfidf_df1_C1.0_none,Trouble using your card,23,verify,0.4179321467694719,113,16
tfidf_df1_C1.0_none,Trouble using your card,24,credit card,0.4141956517209263,1129,62
tfidf_df1_C1.0_none,Trouble using your card,25,complaints,0.41215176591671726,59,8
tfidf_df1_C1.0_balanced,"Advertising and marketing, including promotional offers",1,offer,2.774363455976129,158,57
tfidf_df1_C1.0_balanced,"Advertising and marketing, including promotional offers",2,promotion,1.920569231165515,69,36
tfidf_df1_C1.0_balanced,"Advertising and marketing, including promotional offers",3,bonus,1.6932279096528735,56,27
tfidf_df1_C1.0_balanced,"Advertising and marketing, including promotional offers",4,promotional,1.5013522747889123,75,30
tfidf_df1_C1.0_balanced,"Advertising and marketing, including promotional offers",5,misleading,1.1342831463783545,68,25
tfidf_df1_C1.0_balanced,"Advertising and marketing, including promotional offers",6,the offer,1.1098732079181477,42,22
tfidf_df1_C1.0_balanced,"Advertising and marketing, including promotional offers",7,advertised,1.0959080388949756,48,17
tfidf_df1_C1.0_balanced,"Advertising and marketing, including promotional offers",8,approved,1.093549580180812,132,25
tfidf_df1_C1.0_balanced,"Advertising and marketing, including promotional offers",9,offer .,1.0588915994204702,40,25
tfidf_df1_C1.0_balanced,"Advertising and marketing, including promotional offers",10,terms,0.9926915695212646,142,28
tfidf_df1_C1.0_balanced,"Advertising and marketing, including promotional offers",11,spend,0.9858392395604058,53,22
tfidf_df1_C1.0_balanced,"Advertising and marketing, including promotional offers",12,up,0.9631259642259953,544,53
tfidf_df1_C1.0_balanced,"Advertising and marketing, including promotional offers",13,%,0.923626550429039,173,25
tfidf_df1_C1.0_balanced,"Advertising and marketing, including promotional offers",14,0,0.88908096036393,50,14
tfidf_df1_C1.0_balanced,"Advertising and marketing, including promotional offers",15,0 %,0.8770430596366148,48,13
tfidf_df1_C1.0_balanced,"Advertising and marketing, including promotional offers",16,the promotion,0.8381339027310984,35,18
tfidf_df1_C1.0_balanced,"Advertising and marketing, including promotional offers",17,advertising,0.8351849626212199,28,15
tfidf_df1_C1.0_balanced,"Advertising and marketing, including promotional offers",18,up for,0.83196746583953,64,19
tfidf_df1_C1.0_balanced,"Advertising and marketing, including promotional offers",19,signed up,0.825171442848372,43,16
tfidf_df1_C1.0_balanced,"Advertising and marketing, including promotional offers",20,promotional offer,0.81932696587793,25,17
tfidf_df1_C1.0_balanced,"Advertising and marketing, including promotional offers",21,spending,0.8099733968365607,66,21
tfidf_df1_C1.0_balanced,"Advertising and marketing, including promotional offers",22,first,0.7999028824248055,336,42
tfidf_df1_C1.0_balanced,"Advertising and marketing, including promotional offers",23,the first,0.7904363843533861,173,30
tfidf_df1_C1.0_balanced,"Advertising and marketing, including promotional offers",24,spend {,0.7715295586554307,17,13
tfidf_df1_C1.0_balanced,"Advertising and marketing, including promotional offers",25,for the,0.7708932739695721,629,55
tfidf_df1_C1.0_balanced,Closing your account,1,closed,3.59726209877662,499,154
tfidf_df1_C1.0_balanced,Closing your account,2,closed my,1.8705484325210604,122,59
tfidf_df1_C1.0_balanced,Closing your account,3,account,1.7296614181301502,1367,183
tfidf_df1_C1.0_balanced,Closing your account,4,close,1.7191901966819667,226,68
tfidf_df1_C1.0_balanced,Closing your account,5,to close,1.4465284569266252,111,46
tfidf_df1_C1.0_balanced,Closing your account,6,my account,1.4233163867667669,699,114
tfidf_df1_C1.0_balanced,Closing your account,7,closure,1.378169458579145,64,36
tfidf_df1_C1.0_balanced,Closing your account,8,was closed,1.153859552688249,136,46
tfidf_df1_C1.0_balanced,Closing your account,9,account was,1.1306699602678631,233,63
tfidf_df1_C1.0_balanced,Closing your account,10,close my,1.0268186307043319,58,29
tfidf_df1_C1.0_balanced,Closing your account,11,reason,1.0053859717443383,238,54
tfidf_df1_C1.0_balanced,Closing your account,12,closed .,0.9549814887679174,106,39
tfidf_df1_C1.0_balanced,Closing your account,13,the account,0.9298026055643756,466,83
tfidf_df1_C1.0_balanced,Closing your account,14,reopen,0.8398943550341215,61,21
tfidf_df1_C1.0_balanced,Closing your account,15,account .,0.7570743647400036,498,71
tfidf_df1_C1.0_balanced,Closing your account,16,card account,0.7387717825554806,158,32
tfidf_df1_C1.0_balanced,Closing your account,17,accounts,0.7104336754254316,283,50
tfidf_df1_C1.0_balanced,Closing your account,18,closing,0.6903784167069823,82,30
tfidf_df1_C1.0_balanced,Closing your account,19,cards,0.6806320410985784,256,42
tfidf_df1_C1.0_balanced,Closing your account,20,without,0.6765094510885625,416,63
tfidf_df1_C1.0_balanced,Closing your account,21,my,0.6670295919487681,2134,198
tfidf_df1_C1.0_balanced,Closing your account,22,this account,0.6446778304575862,167,34
tfidf_df1_C1.0_balanced,Closing your account,23,account closure,0.6269151667291004,28,17
tfidf_df1_C1.0_balanced,Closing your account,24,of my,0.6151419828384795,489,71
tfidf_df1_C1.0_balanced,Closing your account,25,they closed,0.6061853119118447,70,23
tfidf_df1_C1.0_balanced,Fees or interest,1,interest,3.5609435104692455,413,189
tfidf_df1_C1.0_balanced,Fees or interest,2,fee,2.8697679343638014,278,140
tfidf_df1_C1.0_balanced,Fees or interest,3,fees,2.393823401336351,290,132
tfidf_df1_C1.0_balanced,Fees or interest,4,charged,1.9043180828205277,483,155
tfidf_df1_C1.0_balanced,Fees or interest,5,late,1.7227044023850397,374,132
tfidf_df1_C1.0_balanced,Fees or interest,6,late fee,1.4176852410447889,107,65
tfidf_df1_C1.0_balanced,Fees or interest,7,the interest,1.3058603205822925,96,60
tfidf_df1_C1.0_balanced,Fees or interest,8,late fees,1.2101466040372724,126,66
tfidf_df1_C1.0_balanced,Fees or interest,9,charge,1.147911456485907,552,123
tfidf_df1_C1.0_balanced,Fees or interest,10,rate,1.0778100479469337,105,48
tfidf_df1_C1.0_balanced,Fees or interest,11,balance,1.0151169695558604,542,139
tfidf_df1_C1.0_balanced,Fees or interest,12,%,0.9932740250823766,173,61
tfidf_df1_C1.0_balanced,Fees or interest,13,fee .,0.9758900289779631,102,56
tfidf_df1_C1.0_balanced,Fees or interest,14,paid,0.9615518700802811,530,138
tfidf_df1_C1.0_balanced,Fees or interest,15,interest charge,0.9208180103381816,51,38
tfidf_df1_C1.0_balanced,Fees or interest,16,charging,0.9148979568791518,113,49
tfidf_df1_C1.0_balanced,Fees or interest,17,$,0.8949196752184838,1173,201
tfidf_df1_C1.0_balanced,Fees or interest,18,interest .,0.8800352705060445,85,45
tfidf_df1_C1.0_balanced,Fees or interest,19,{ $,0.8624608882438081,1143,196
tfidf_df1_C1.0_balanced,Fees or interest,20,{,0.8541203491781022,1145,196
tfidf_df1_C1.0_balanced,Fees or interest,21,},0.8487521018332048,1147,196
tfidf_df1_C1.0_balanced,Fees or interest,22,month,0.8329882455412101,311,90
tfidf_df1_C1.0_balanced,Fees or interest,23,statement,0.8302747718689691,348,88
tfidf_df1_C1.0_balanced,Fees or interest,24,interest rate,0.824765883849264,66,33
tfidf_df1_C1.0_balanced,Fees or interest,25,charges,0.8170560566332898,447,98
tfidf_df1_C1.0_balanced,Getting a credit card,1,application,2.076461475287179,149,73
tfidf_df1_C1.0_balanced,Getting a credit card,2,applied for,1.6856749636625552,148,71
tfidf_df1_C1.0_balanced,Getting a credit card,3,opened,1.6216652337473705,280,77
tfidf_df1_C1.0_balanced,Getting a credit card,4,my name,1.5630457497606627,150,65
tfidf_df1_C1.0_balanced,Getting a credit card,5,name,1.3981062264829243,277,80
tfidf_df1_C1.0_balanced,Getting a credit card,6,applied,1.387041372517803,255,77
tfidf_df1_C1.0_balanced,Getting a credit card,7,report,1.2467854573077315,434,107
tfidf_df1_C1.0_balanced,Getting a credit card,8,open,1.1906661818100819,199,55
tfidf_df1_C1.0_balanced,Getting a credit card,9,credit,1.150999655194346,1721,241
tfidf_df1_C1.0_balanced,Getting a credit card,10,knowledge,1.0770060804688883,82,27
tfidf_df1_C1.0_balanced,Getting a credit card,11,credit report,1.0729650490776566,232,75
tfidf_df1_C1.0_balanced,Getting a credit card,12,name .,1.03170739194711,49,29
tfidf_df1_C1.0_balanced,Getting a credit card,13,without my,1.0139958699882186,109,35
tfidf_df1_C1.0_balanced,Getting a credit card,14,a credit,0.9956455200696431,293,67
tfidf_df1_C1.0_balanced,Getting a credit card,15,denial,0.9573893513080256,72,34
tfidf_df1_C1.0_balanced,Getting a credit card,16,inquiries,0.911471187825119,33,18
tfidf_df1_C1.0_balanced,Getting a credit card,17,for a,0.8790568570363235,494,76
tfidf_df1_C1.0_balanced,Getting a credit card,18,denied,0.8366162518413909,243,56
tfidf_df1_C1.0_balanced,Getting a credit card,19,fraudulent,0.8211958431379649,297,52
tfidf_df1_C1.0_balanced,Getting a credit card,20,to open,0.8110037926055558,55,24
tfidf_df1_C1.0_balanced,Getting a credit card,21,identity,0.7973266797303852,123,44
tfidf_df1_C1.0_balanced,Getting a credit card,22,inquiry,0.7675735531859355,60,25
tfidf_df1_C1.0_balanced,Getting a credit card,23,apply,0.7593159106190003,128,36
tfidf_df1_C1.0_balanced,Getting a credit card,24,my application,0.7485351329443766,54,32
tfidf_df1_C1.0_balanced,Getting a credit card,25,in my,0.7456621480231755,331,61
tfidf_df1_C1.0_balanced,Incorrect information on your report,1,report,2.18406122986611,434,49
tfidf_df1_C1.0_balanced,Incorrect information on your report,2,credit report,1.7748418438646147,232,37
tfidf_df1_C1.0_balanced,Incorrect information on your report,3,reported,1.4822336271764194,218,28
tfidf_df1_C1.0_balanced,Incorrect information on your report,4,on my,1.470049812877575,728,47
tfidf_df1_C1.0_balanced,Incorrect information on your report,5,off,1.2769104563317444,387,31
tfidf_df1_C1.0_balanced,Incorrect information on your report,6,1099,1.2002498034141544,34,12
tfidf_df1_C1.0_balanced,Incorrect information on your report,7,my credit,1.1973505904134483,825,59
tfidf_df1_C1.0_balanced,Incorrect information on your report,8,removed,1.0307894419487467,185,23
tfidf_df1_C1.0_balanced,Incorrect information on your report,9,this account,0.982826342111231,167,18
tfidf_df1_C1.0_balanced,Incorrect information on your report,10,late,0.9306081639514827,374,20
tfidf_df1_C1.0_balanced,Incorrect information on your report,11,company wrote,0.9282014695967805,5,5
tfidf_df1_C1.0_balanced,Incorrect information on your report,12,c,0.9147864936116284,105,16
tfidf_df1_C1.0_balanced,Incorrect information on your report,13,reporting,0.8490462280734352,165,22
tfidf_df1_C1.0_balanced,Incorrect information on your report,14,1099 c,0.8464179466016719,19,8
tfidf_df1_C1.0_balanced,Incorrect information on your report,15,theft .,0.8352731547035346,35,7
tfidf_df1_C1.0_balanced,Incorrect information on your report,16,a tax,0.8313699940454293,7,5
tfidf_df1_C1.0_balanced,Incorrect information on your report,17,late payment,0.8263879465246488,77,10
tfidf_df1_C1.0_balanced,Incorrect information on your report,18,is,0.8252444627568615,1541,62
tfidf_df1_C1.0_balanced,Incorrect information on your report,19,listed,0.8245425323917703,107,16
tfidf_df1_C1.0_balanced,Incorrect information on your report,20,was reported,0.8152229085202837,14,6
tfidf_df1_C1.0_balanced,Incorrect information on your report,21,not me,0.8138586446558119,20,3
tfidf_df1_C1.0_balanced,Incorrect information on your report,22,report .,0.8108953956147397,120,18
tfidf_df1_C1.0_balanced,Incorrect information on your report,23,account number,0.7879653502987168,96,11
tfidf_df1_C1.0_balanced,Incorrect information on your report,24,accounts,0.7842634121146107,283,22
tfidf_df1_C1.0_balanced,Incorrect information on your report,25,negative,0.7799030514345373,75,9
tfidf_df1_C1.0_balanced,"Other features, terms, or problems",1,rewards,1.5577089231064338,93,49
tfidf_df1_C1.0_balanced,"Other features, terms, or problems",2,points,1.0464694937303536,112,41
tfidf_df1_C1.0_balanced,"Other features, terms, or problems",3,check,0.7154228505340501,179,46
tfidf_df1_C1.0_balanced,"Other features, terms, or problems",4,issue,0.6622437247933473,498,91
tfidf_df1_C1.0_balanced,"Other features, terms, or problems",5,transfer,0.609741020461784,107,27
tfidf_df1_C1.0_balanced,"Other features, terms, or problems",6,reward,0.5901987890940145,25,18
tfidf_df1_C1.0_balanced,"Other features, terms, or problems",7,the rewards,0.5657352340775844,19,18
tfidf_df1_C1.0_balanced,"Other features, terms, or problems",8,cash,0.5445165267416011,120,32
tfidf_df1_C1.0_balanced,"Other features, terms, or problems",9,my rewards,0.5216063373382269,21,16
tfidf_df1_C1.0_balanced,"Other features, terms, or problems",10,rewards .,0.5169303652492371,18,15
tfidf_df1_C1.0_balanced,"Other features, terms, or problems",11,refund,0.497237249317345,292,39
tfidf_df1_C1.0_balanced,"Other features, terms, or problems",12,xxxx points,0.4646684223118202,56,19
tfidf_df1_C1.0_balanced,"Other features, terms, or problems",13,problem,0.46426562379460573,143,34
tfidf_df1_C1.0_balanced,"Other features, terms, or problems",14,to my,0.4626414940511136,543,90
tfidf_df1_C1.0_balanced,"Other features, terms, or problems",15,pnc,0.44816084948054774,10,5
tfidf_df1_C1.0_balanced,"Other features, terms, or problems",16,the issue,0.436904630314154,200,45
tfidf_df1_C1.0_balanced,"Other features, terms, or problems",17,issue .,0.43156992878458256,141,34
tfidf_df1_C1.0_balanced,"Other features, terms, or problems",18,i have,0.42830660188625985,1123,160
tfidf_df1_C1.0_balanced,"Other features, terms, or problems",19,bonus,0.4221538761233555,56,19
tfidf_df1_C1.0_balanced,"Other features, terms, or problems",20,this issue,0.40036474799100086,170,37
tfidf_df1_C1.0_balanced,"Other features, terms, or problems",21,balance transfer,0.39321540116789994,47,15
tfidf_df1_C1.0_balanced,"Other features, terms, or problems",22,to redeem,0.3905009360471702,13,11
tfidf_df1_C1.0_balanced,"Other features, terms, or problems",23,redeem,0.38300719582219034,14,11
tfidf_df1_C1.0_balanced,"Other features, terms, or problems",24,statement,0.3805659875756581,348,53
tfidf_df1_C1.0_balanced,"Other features, terms, or problems",25,back,0.3786699070283806,556,91
tfidf_df1_C1.0_balanced,Problem when making payments,1,payment,3.2929215220643617,682,134
tfidf_df1_C1.0_balanced,Problem when making payments,2,payments,1.9763676422063792,440,91
tfidf_df1_C1.0_balanced,Problem when making payments,3,a payment,1.6299144149830005,226,60
tfidf_df1_C1.0_balanced,Problem when making payments,4,the payment,1.3463528600807102,210,57
tfidf_df1_C1.0_balanced,Problem when making payments,5,make,1.15298888305244,434,67
tfidf_df1_C1.0_balanced,Problem when making payments,6,to make,1.1502507966896751,258,52
tfidf_df1_C1.0_balanced,Problem when making payments,7,my payment,1.1282060224390864,117,42
tfidf_df1_C1.0_balanced,Problem when making payments,8,pay,1.0803766713255827,551,75
tfidf_df1_C1.0_balanced,Problem when making payments,9,to pay,0.9857492236284889,355,56
tfidf_df1_C1.0_balanced,Problem when making payments,10,my bank,0.9487911920360853,140,30
tfidf_df1_C1.0_balanced,Problem when making payments,11,late,0.8970121773138472,374,60
tfidf_df1_C1.0_balanced,Problem when making payments,12,bank,0.8850281258443147,800,84
tfidf_df1_C1.0_balanced,Problem when making payments,13,payment on,0.8817264547381195,91,29
tfidf_df1_C1.0_balanced,Problem when making payments,14,online,0.8721762696072795,261,38
tfidf_df1_C1.0_balanced,Problem when making payments,15,make a,0.8513057699257849,99,27
tfidf_df1_C1.0_balanced,Problem when making payments,16,account,0.8456321798791405,1367,135
tfidf_df1_C1.0_balanced,Problem when making payments,17,auto,0.8161890025379337,55,19
tfidf_df1_C1.0_balanced,Problem when making payments,18,bank account,0.7944642271359487,82,22
tfidf_df1_C1.0_balanced,Problem when making payments,19,check,0.7897578197758877,179,27
tfidf_df1_C1.0_balanced,Problem when making payments,20,my account,0.7772293295847478,699,78
tfidf_df1_C1.0_balanced,Problem when making payments,21,payment .,0.7754109476583143,162,41
tfidf_df1_C1.0_balanced,Problem when making payments,22,set,0.7263534734807777,116,28
tfidf_df1_C1.0_balanced,Problem when making payments,23,due,0.7229618659426776,582,77
tfidf_df1_C1.0_balanced,Problem when making payments,24,autopay,0.7001410983670561,39,12
tfidf_df1_C1.0_balanced,Problem when making payments,25,payment was,0.6731422121477001,123,30
tfidf_df1_C1.0_balanced,Problem with a company's investigation into an existing problem,1,reporting,1.061054694177287,165,15
tfidf_df1_C1.0_balanced,Problem with a company's investigation into an existing problem,2,1666 b,1.028787528307575,9,5
tfidf_df1_C1.0_balanced,Problem with a company's investigation into an existing problem,3,usc 1666,0.9362684779392133,16,5
tfidf_df1_C1.0_balanced,Problem with a company's investigation into an existing problem,4,late,0.9202746992016833,374,17
tfidf_df1_C1.0_balanced,Problem with a company's investigation into an existing problem,5,understand,0.9125758011116248,126,8
tfidf_df1_C1.0_balanced,Problem with a company's investigation into an existing problem,6,my report,0.8811995392689447,25,4
tfidf_df1_C1.0_balanced,Problem with a company's investigation into an existing problem,7,as late,0.8711078232784445,17,5
tfidf_df1_C1.0_balanced,Problem with a company's investigation into an existing problem,8,late payment,0.8537361586035593,77,9
tfidf_df1_C1.0_balanced,Problem with a company's investigation into an existing problem,9,1666,0.8204598331387851,24,5
tfidf_df1_C1.0_balanced,Problem with a company's investigation into an existing problem,10,information,0.8062002003356556,612,19
tfidf_df1_C1.0_balanced,Problem with a company's investigation into an existing problem,11,yet to,0.7818192644690761,37,3
tfidf_df1_C1.0_balanced,Problem with a company's investigation into an existing problem,12,always pay,0.7683971106744607,17,4
tfidf_df1_C1.0_balanced,Problem with a company's investigation into an existing problem,13,the documents,0.7631018610056126,35,2
tfidf_df1_C1.0_balanced,Problem with a company's investigation into an existing problem,14,the debt,0.7527934601671108,55,8
tfidf_df1_C1.0_balanced,Problem with a company's investigation into an existing problem,15,target,0.7526831754735583,15,3
tfidf_df1_C1.0_balanced,Problem with a company's investigation into an existing problem,16,account should,0.7474650001489913,10,4
tfidf_df1_C1.0_balanced,Problem with a company's investigation into an existing problem,17,b,0.747427424890657,62,7
tfidf_df1_C1.0_balanced,Problem with a company's investigation into an existing problem,18,a consumer,0.7175695245663914,62,6
tfidf_df1_C1.0_balanced,Problem with a company's investigation into an existing problem,19,debt,0.716884406313644,141,10
tfidf_df1_C1.0_balanced,Problem with a company's investigation into an existing problem,20,mail #,0.7152433732330578,1,1
tfidf_df1_C1.0_balanced,Problem with a company's investigation into an existing problem,21,progress card,0.7152433732330578,1,1
tfidf_df1_C1.0_balanced,Problem with a company's investigation into an existing problem,22,be fixed,0.7130635688987776,4,3
tfidf_df1_C1.0_balanced,Problem with a company's investigation into an existing problem,23,"fixed ,",0.7116367518244594,4,3
tfidf_df1_C1.0_balanced,Problem with a company's investigation into an existing problem,24,report,0.7108658701633301,434,14
tfidf_df1_C1.0_balanced,Problem with a company's investigation into an existing problem,25,my letter,0.7056721435744999,14,5
tfidf_df1_C1.0_balanced,Problem with a purchase shown on your statement,1,dispute,2.468118766752722,475,348
tfidf_df1_C1.0_balanced,Problem with a purchase shown on your statement,2,charges,1.8143281459411102,447,244
tfidf_df1_C1.0_balanced,Problem with a purchase shown on your statement,3,merchant,1.5712119886438443,174,152
tfidf_df1_C1.0_balanced,Problem with a purchase shown on your statement,4,charge,1.5641942922485197,552,288
tfidf_df1_C1.0_balanced,Problem with a purchase shown on your statement,5,the merchant,1.3459637523634411,142,132
tfidf_df1_C1.0_balanced,Problem with a purchase shown on your statement,6,refund,1.2891384022964203,292,188
tfidf_df1_C1.0_balanced,Problem with a purchase shown on your statement,7,the dispute,1.1189615303102667,166,149
tfidf_df1_C1.0_balanced,Problem with a purchase shown on your statement,8,fraudulent,1.0831547440534715,297,167
tfidf_df1_C1.0_balanced,Problem with a purchase shown on your statement,9,the charge,1.0327370701909928,182,141
tfidf_df1_C1.0_balanced,Problem with a purchase shown on your statement,10,transaction,0.9639625448979043,271,158
tfidf_df1_C1.0_balanced,Problem with a purchase shown on your statement,11,the charges,0.9389723294781637,133,106
tfidf_df1_C1.0_balanced,Problem with a purchase shown on your statement,12,disputed,0.9041326127001424,178,136
tfidf_df1_C1.0_balanced,Problem with a purchase shown on your statement,13,from xxxx,0.8759599350100562,296,175
tfidf_df1_C1.0_balanced,Problem with a purchase shown on your statement,14,were,0.8729061892561412,670,281
tfidf_df1_C1.0_balanced,Problem with a purchase shown on your statement,15,xxxx xxxx,0.8591740235760965,1216,439
tfidf_df1_C1.0_balanced,Problem with a purchase shown on your statement,16,claim,0.8552238456753901,270,153
tfidf_df1_C1.0_balanced,Problem with a purchase shown on your statement,17,my dispute,0.8381933354510485,109,99
tfidf_df1_C1.0_balanced,Problem with a purchase shown on your statement,18,fraud,0.834260462533759,405,190
tfidf_df1_C1.0_balanced,Problem with a purchase shown on your statement,19,a dispute,0.8191114987134474,160,125
tfidf_df1_C1.0_balanced,Problem with a purchase shown on your statement,20,evidence,0.8182826440857509,145,105
tfidf_df1_C1.0_balanced,Problem with a purchase shown on your statement,21,provided,0.7943439091660109,416,206
tfidf_df1_C1.0_balanced,Problem with a purchase shown on your statement,22,transactions,0.7862671082988448,200,106
tfidf_df1_C1.0_balanced,Problem with a purchase shown on your statement,23,a refund,0.7816969896063046,138,103
tfidf_df1_C1.0_balanced,Problem with a purchase shown on your statement,24,fraudulent charges,0.7607088051275865,74,66
tfidf_df1_C1.0_balanced,Problem with a purchase shown on your statement,25,unauthorized,0.753693373944759,128,88
tfidf_df1_C1.0_balanced,Struggling to pay your bill,1,hardship,2.392176159186161,53,14
tfidf_df1_C1.0_balanced,Struggling to pay your bill,2,settlement,1.3612241953823885,17,6
tfidf_df1_C1.0_balanced,Struggling to pay your bill,3,financial,1.2964079396904507,268,15
tfidf_df1_C1.0_balanced,Struggling to pay your bill,4,financial hardship,1.259016119062855,25,8
tfidf_df1_C1.0_balanced,Struggling to pay your bill,5,plan,1.1398324926110592,54,8
tfidf_df1_C1.0_balanced,Struggling to pay your bill,6,payment plan,1.1115165914132186,15,7
tfidf_df1_C1.0_balanced,Struggling to pay your bill,7,to negotiate,1.0918718075380138,6,5
tfidf_df1_C1.0_balanced,Struggling to pay your bill,8,declared disaster,1.0847329701528534,2,2
tfidf_df1_C1.0_balanced,Struggling to pay your bill,9,negotiate,1.0652096948988177,7,5
tfidf_df1_C1.0_balanced,Struggling to pay your bill,10,disaster,1.0448470727321568,9,3
tfidf_df1_C1.0_balanced,Struggling to pay your bill,11,calls,1.00554257040665,141,8
tfidf_df1_C1.0_balanced,Struggling to pay your bill,12,very high,0.9438023627092695,3,2
tfidf_df1_C1.0_balanced,Struggling to pay your bill,13,declared,0.9385283867007398,7,2
tfidf_df1_C1.0_balanced,Struggling to pay your bill,14,don't,0.9364403239194677,159,8
tfidf_df1_C1.0_balanced,Struggling to pay your bill,15,debt,0.9356606109178999,141,11
tfidf_df1_C1.0_balanced,Struggling to pay your bill,16,job,0.92265889372558,37,6
tfidf_df1_C1.0_balanced,Struggling to pay your bill,17,hardship program,0.8856273317615433,9,5
tfidf_df1_C1.0_balanced,Struggling to pay your bill,18,i don't,0.881118936151988,102,8
tfidf_df1_C1.0_balanced,Struggling to pay your bill,19,continental,0.8786432894565668,3,2
tfidf_df1_C1.0_balanced,Struggling to pay your bill,20,work,0.8769777615962409,128,11
tfidf_df1_C1.0_balanced,Struggling to pay your bill,21,a victim,0.8569730223795283,32,2
tfidf_df1_C1.0_balanced,Struggling to pay your bill,22,assistance,0.8509629567523483,146,9
tfidf_df1_C1.0_balanced,Struggling to pay your bill,23,affected by,0.8450993877376414,10,3
tfidf_df1_C1.0_balanced,Struggling to pay your bill,24,hardship and,0.8400240932572065,13,3
tfidf_df1_C1.0_balanced,Struggling to pay your bill,25,afford,0.8392376555913379,26,6
tfidf_df1_C1.0_balanced,Trouble using your card,1,limit,2.169170164332341,163,35
tfidf_df1_C1.0_balanced,Trouble using your card,2,credit limit,1.768334051185328,101,28
tfidf_df1_C1.0_balanced,Trouble using your card,3,use,1.1951730646080454,329,42
tfidf_df1_C1.0_balanced,Trouble using your card,4,blocked,1.1901042445909786,48,13
tfidf_df1_C1.0_balanced,Trouble using your card,5,card,1.147844041777041,1627,95
tfidf_df1_C1.0_balanced,Trouble using your card,6,declined,1.025781797946314,106,20
tfidf_df1_C1.0_balanced,Trouble using your card,7,my card,1.0168522627895287,265,29
tfidf_df1_C1.0_balanced,Trouble using your card,8,locked,0.9835399180207032,47,13
tfidf_df1_C1.0_balanced,Trouble using your card,9,to use,0.8759488851030036,143,24
tfidf_df1_C1.0_balanced,Trouble using your card,10,the card,0.8225460227913418,416,36
tfidf_df1_C1.0_balanced,Trouble using your card,11,limit .,0.7925199232618132,46,15
tfidf_df1_C1.0_balanced,Trouble using your card,12,my credit,0.7505680552060386,825,55
tfidf_df1_C1.0_balanced,Trouble using your card,13,use my,0.7475423945296468,63,16
tfidf_df1_C1.0_balanced,Trouble using your card,14,available,0.7053237577612179,162,18
tfidf_df1_C1.0_balanced,Trouble using your card,15,restricted,0.6904012194194368,25,6
tfidf_df1_C1.0_balanced,Trouble using your card,16,!,0.6857806589378638,203,18
tfidf_df1_C1.0_balanced,Trouble using your card,17,to clear,0.6505285471038629,15,5
tfidf_df1_C1.0_balanced,Trouble using your card,18,credit card,0.6323461443929101,1129,62
tfidf_df1_C1.0_balanced,Trouble using your card,19,license,0.6267947742810622,41,10
tfidf_df1_C1.0_balanced,Trouble using your card,20,bank,0.6266882191924757,800,53
tfidf_df1_C1.0_balanced,Trouble using your card,21,verify my,0.6224160431094716,37,12
tfidf_df1_C1.0_balanced,Trouble using your card,22,verify,0.6025823954956528,113,16
tfidf_df1_C1.0_balanced,Trouble using your card,23,reduced,0.5978576463763928,36,11
tfidf_df1_C1.0_balanced,Trouble using your card,24,card is,0.597280517826815,70,12
tfidf_df1_C1.0_balanced,Trouble using your card,25,they lowered,0.5925129311108721,5,3
tfidf_df1_C4.0_none,"Advertising and marketing, including promotional offers",1,offer,4.142935848574723,158,57
tfidf_df1_C4.0_none,"Advertising and marketing, including promotional offers",2,promotion,3.0221474495729677,69,36
tfidf_df1_C4.0_none,"Advertising and marketing, including promotional offers",3,bonus,2.3793459818148404,56,27
tfidf_df1_C4.0_none,"Advertising and marketing, including promotional offers",4,promotional,2.3544406961938122,75,30
tfidf_df1_C4.0_none,"Advertising and marketing, including promotional offers",5,misleading,1.8351201666196293,68,25
tfidf_df1_C4.0_none,"Advertising and marketing, including promotional offers",6,advertised,1.7996231065433097,48,17
tfidf_df1_C4.0_none,"Advertising and marketing, including promotional offers",7,approved,1.662103735323373,132,25
tfidf_df1_C4.0_none,"Advertising and marketing, including promotional offers",8,offer .,1.5367778562817354,40,25
tfidf_df1_C4.0_none,"Advertising and marketing, including promotional offers",9,the offer,1.512438764941661,42,22
tfidf_df1_C4.0_none,"Advertising and marketing, including promotional offers",10,terms,1.4948076192115347,142,28
tfidf_df1_C4.0_none,"Advertising and marketing, including promotional offers",11,up,1.4468933301994324,544,53
tfidf_df1_C4.0_none,"Advertising and marketing, including promotional offers",12,spend,1.4425022069990838,53,22
tfidf_df1_C4.0_none,"Advertising and marketing, including promotional offers",13,advertising,1.40143314772564,28,15
tfidf_df1_C4.0_none,"Advertising and marketing, including promotional offers",14,0,1.382739705695517,50,14
tfidf_df1_C4.0_none,"Advertising and marketing, including promotional offers",15,%,1.3590995478379804,173,25
tfidf_df1_C4.0_none,"Advertising and marketing, including promotional offers",16,0 %,1.3584992507213827,48,13
tfidf_df1_C4.0_none,"Advertising and marketing, including promotional offers",17,the promotion,1.277283948588389,35,18
tfidf_df1_C4.0_none,"Advertising and marketing, including promotional offers",18,signed up,1.2626311517345534,43,16
tfidf_df1_C4.0_none,"Advertising and marketing, including promotional offers",19,up for,1.256093634079242,64,19
tfidf_df1_C4.0_none,"Advertising and marketing, including promotional offers",20,promotional offer,1.2520482969528768,25,17
tfidf_df1_C4.0_none,"Advertising and marketing, including promotional offers",21,spending,1.2431563499521774,66,21
tfidf_df1_C4.0_none,"Advertising and marketing, including promotional offers",22,first,1.2227404262789592,336,42
tfidf_df1_C4.0_none,"Advertising and marketing, including promotional offers",23,the first,1.1801991159296106,173,30
tfidf_df1_C4.0_none,"Advertising and marketing, including promotional offers",24,if,1.1736759801235264,663,60
tfidf_df1_C4.0_none,"Advertising and marketing, including promotional offers",25,spend {,1.1703829570179036,17,13
tfidf_df1_C4.0_none,Closing your account,1,closed,6.524082120271825,499,154
tfidf_df1_C4.0_none,Closing your account,2,closed my,3.316729423875572,122,59
tfidf_df1_C4.0_none,Closing your account,3,close,3.2738726499495847,226,68
tfidf_df1_C4.0_none,Closing your account,4,account,3.0901414427885836,1367,183
tfidf_df1_C4.0_none,Closing your account,5,to close,2.765400461663465,111,46
tfidf_df1_C4.0_none,Closing your account,6,closure,2.588870482317682,64,36
tfidf_df1_C4.0_none,Closing your account,7,my account,2.512788883419694,699,114
tfidf_df1_C4.0_none,Closing your account,8,account was,2.07926424235672,233,63
tfidf_df1_C4.0_none,Closing your account,9,was closed,2.0604410721833637,136,46
tfidf_df1_C4.0_none,Closing your account,10,close my,1.8501780350066428,58,29
tfidf_df1_C4.0_none,Closing your account,11,reason,1.8104738337184996,238,54
tfidf_df1_C4.0_none,Closing your account,12,closed .,1.6671644109685804,106,39
tfidf_df1_C4.0_none,Closing your account,13,the account,1.5885077472795632,466,83
tfidf_df1_C4.0_none,Closing your account,14,reopen,1.4723314761085955,61,21
tfidf_df1_C4.0_none,Closing your account,15,accounts,1.393335651778105,283,50
tfidf_df1_C4.0_none,Closing your account,16,closing,1.3742432727997567,82,30
tfidf_df1_C4.0_none,Closing your account,17,account .,1.2576796448567074,498,71
tfidf_df1_C4.0_none,Closing your account,18,card account,1.2536256810454052,158,32
tfidf_df1_C4.0_none,Closing your account,19,cards,1.2348538757647478,256,42
tfidf_df1_C4.0_none,Closing your account,20,this account,1.214535870749017,167,34
tfidf_df1_C4.0_none,Closing your account,21,account closure,1.167429015153368,28,17
tfidf_df1_C4.0_none,Closing your account,22,of my,1.1562531581253352,489,71
tfidf_df1_C4.0_none,Closing your account,23,without,1.147285961862241,416,63
tfidf_df1_C4.0_none,Closing your account,24,standing,1.0975934291219005,72,21
tfidf_df1_C4.0_none,Closing your account,25,notice,1.0875183532340662,160,30
tfidf_df1_C4.0_none,Fees or interest,1,interest,6.903046458034785,413,189
tfidf_df1_C4.0_none,Fees or interest,2,fee,5.722710987400421,278,140
tfidf_df1_C4.0_none,Fees or interest,3,fees,4.688961169612872,290,132
tfidf_df1_C4.0_none,Fees or interest,4,charged,3.527248581426941,483,155
tfidf_df1_C4.0_none,Fees or interest,5,late,3.1850640213218813,374,132
tfidf_df1_C4.0_none,Fees or interest,6,the interest,2.576584074862922,96,60
tfidf_df1_C4.0_none,Fees or interest,7,late fee,2.2741290139957147,107,65
tfidf_df1_C4.0_none,Fees or interest,8,%,2.2080216598458633,173,61
tfidf_df1_C4.0_none,Fees or interest,9,rate,2.190999615522314,105,48
tfidf_df1_C4.0_none,Fees or interest,10,late fees,2.1220611864513232,126,66
tfidf_df1_C4.0_none,Fees or interest,11,charge,2.103507211648923,552,123
tfidf_df1_C4.0_none,Fees or interest,12,apr,2.0022957819520983,54,27
tfidf_df1_C4.0_none,Fees or interest,13,balance,1.8329671316849165,542,139
tfidf_df1_C4.0_none,Fees or interest,14,fee .,1.8092620327674558,102,56
tfidf_df1_C4.0_none,Fees or interest,15,interest charges,1.7521715271751088,57,36
tfidf_df1_C4.0_none,Fees or interest,16,charging,1.720741717884367,113,49
tfidf_df1_C4.0_none,Fees or interest,17,interest rate,1.6946910597857592,66,33
tfidf_df1_C4.0_none,Fees or interest,18,interest charge,1.6737416675852919,51,38
tfidf_df1_C4.0_none,Fees or interest,19,interest .,1.6539010777670333,85,45
tfidf_df1_C4.0_none,Fees or interest,20,scra,1.610293957238616,12,9
tfidf_df1_C4.0_none,Fees or interest,21,the fee,1.5424911863670405,37,27
tfidf_df1_C4.0_none,Fees or interest,22,month,1.5390882736731921,311,90
tfidf_df1_C4.0_none,Fees or interest,23,paid,1.4848494368097471,530,138
tfidf_df1_C4.0_none,Fees or interest,24,charges,1.4807371555302902,447,98
tfidf_df1_C4.0_none,Fees or interest,25,$,1.3828844795046447,1173,201
tfidf_df1_C4.0_none,Getting a credit card,1,application,4.227580631678051,149,73
tfidf_df1_C4.0_none,Getting a credit card,2,opened,3.2326704094269854,280,77
tfidf_df1_C4.0_none,Getting a credit card,3,applied for,3.195938247750165,148,71
tfidf_df1_C4.0_none,Getting a credit card,4,applied,2.731960501741638,255,77
tfidf_df1_C4.0_none,Getting a credit card,5,my name,2.557520926073213,150,65
tfidf_df1_C4.0_none,Getting a credit card,6,report,2.374724421146144,434,107
tfidf_df1_C4.0_none,Getting a credit card,7,name,2.224407371548834,277,80
tfidf_df1_C4.0_none,Getting a credit card,8,open,2.21269908921183,199,55
tfidf_df1_C4.0_none,Getting a credit card,9,name .,2.127105357557983,49,29
tfidf_df1_C4.0_none,Getting a credit card,10,credit,1.9991811189109148,1721,241
tfidf_df1_C4.0_none,Getting a credit card,11,denial,1.996623073073314,72,34
tfidf_df1_C4.0_none,Getting a credit card,12,credit report,1.9656257803435162,232,75
tfidf_df1_C4.0_none,Getting a credit card,13,knowledge,1.9368064397687732,82,27
tfidf_df1_C4.0_none,Getting a credit card,14,inquiries,1.8861806724959853,33,18
tfidf_df1_C4.0_none,Getting a credit card,15,a credit,1.8716219900840791,293,67
tfidf_df1_C4.0_none,Getting a credit card,16,denied,1.7655031000673747,243,56
tfidf_df1_C4.0_none,Getting a credit card,17,for a,1.7396700887920944,494,76
tfidf_df1_C4.0_none,Getting a credit card,18,without my,1.702327192453196,109,35
tfidf_df1_C4.0_none,Getting a credit card,19,applications,1.6573416594915726,29,21
tfidf_df1_C4.0_none,Getting a credit card,20,i did,1.524359281428239,489,64
tfidf_df1_C4.0_none,Getting a credit card,21,to open,1.515027396105303,55,24
tfidf_df1_C4.0_none,Getting a credit card,22,apply,1.5023859521262801,128,36
tfidf_df1_C4.0_none,Getting a credit card,23,this account,1.5006458319102223,167,34
tfidf_df1_C4.0_none,Getting a credit card,24,inquiry,1.4787510077849562,60,25
tfidf_df1_C4.0_none,Getting a credit card,25,the application,1.4778834388225672,55,28
tfidf_df1_C4.0_none,Incorrect information on your report,1,report,2.7987509940143416,434,49
tfidf_df1_C4.0_none,Incorrect information on your report,2,credit report,2.2147487408856623,232,37
tfidf_df1_C4.0_none,Incorrect information on your report,3,reported,2.1259475295747747,218,28
tfidf_df1_C4.0_none,Incorrect information on your report,4,on my,1.9380936902385213,728,47
tfidf_df1_C4.0_none,Incorrect information on your report,5,off,1.6769290113344426,387,31
tfidf_df1_C4.0_none,Incorrect information on your report,6,my credit,1.5659960494925633,825,59
tfidf_df1_C4.0_none,Incorrect information on your report,7,late,1.4903588926543025,374,20
tfidf_df1_C4.0_none,Incorrect information on your report,8,1099,1.474957329156014,34,12
tfidf_df1_C4.0_none,Incorrect information on your report,9,this account,1.3280534851527712,167,18
tfidf_df1_C4.0_none,Incorrect information on your report,10,removed,1.3112521601693576,185,23
tfidf_df1_C4.0_none,Incorrect information on your report,11,company wrote,1.2517964552998813,5,5
tfidf_df1_C4.0_none,Incorrect information on your report,12,theft .,1.2473085157315458,35,7
tfidf_df1_C4.0_none,Incorrect information on your report,13,late payment,1.2227265893681554,77,10
tfidf_df1_C4.0_none,Incorrect information on your report,14,not me,1.2202738096968349,20,3
tfidf_df1_C4.0_none,Incorrect information on your report,15,was reported,1.1745526164016173,14,6
tfidf_df1_C4.0_none,Incorrect information on your report,16,score,1.1378848254723883,190,16
tfidf_df1_C4.0_none,Incorrect information on your report,17,account number,1.129422168726428,96,11
tfidf_df1_C4.0_none,Incorrect information on your report,18,identity theft,1.1214679334735782,69,10
tfidf_df1_C4.0_none,Incorrect information on your report,19,negative,1.1178086879377342,75,9
tfidf_df1_C4.0_none,Incorrect information on your report,20,reporting,1.1110059661330178,165,22
tfidf_df1_C4.0_none,Incorrect information on your report,21,c,1.10102054349412,105,16
tfidf_df1_C4.0_none,Incorrect information on your report,22,listed,1.0990007009151432,107,16
tfidf_df1_C4.0_none,Incorrect information on your report,23,accounts,1.0806676300145024,283,22
tfidf_df1_C4.0_none,Incorrect information on your report,24,explained this,1.0693816745404885,8,1
tfidf_df1_C4.0_none,Incorrect information on your report,25,bureaus,1.069150799390706,83,11
tfidf_df1_C4.0_none,"Other features, terms, or problems",1,rewards,3.5679577828957267,93,49
tfidf_df1_C4.0_none,"Other features, terms, or problems",2,points,2.422173289817624,112,41
tfidf_df1_C4.0_none,"Other features, terms, or problems",3,check,1.6521685259540917,179,46
tfidf_df1_C4.0_none,"Other features, terms, or problems",4,transfer,1.5926603010978024,107,27
tfidf_df1_C4.0_none,"Other features, terms, or problems",5,issue,1.52160089723133,498,91
tfidf_df1_C4.0_none,"Other features, terms, or problems",6,reward,1.4791929195723028,25,18
tfidf_df1_C4.0_none,"Other features, terms, or problems",7,the rewards,1.3538922221375311,19,18
tfidf_df1_C4.0_none,"Other features, terms, or problems",8,pnc,1.258119602689281,10,5
tfidf_df1_C4.0_none,"Other features, terms, or problems",9,my rewards,1.2507252541477791,21,16
tfidf_df1_C4.0_none,"Other features, terms, or problems",10,cash,1.226014070625245,120,32
tfidf_df1_C4.0_none,"Other features, terms, or problems",11,to my,1.219704973505797,543,90
tfidf_df1_C4.0_none,"Other features, terms, or problems",12,rewards .,1.182960431113591,18,15
tfidf_df1_C4.0_none,"Other features, terms, or problems",13,bonus,1.1668451824848716,56,19
tfidf_df1_C4.0_none,"Other features, terms, or problems",14,xxxx points,1.1292536795133243,56,19
tfidf_df1_C4.0_none,"Other features, terms, or problems",15,$ 250.00,1.1132352251047064,26,11
tfidf_df1_C4.0_none,"Other features, terms, or problems",16,250.00,1.1132352251047064,26,11
tfidf_df1_C4.0_none,"Other features, terms, or problems",17,250.00 },1.1132352251047064,26,11
tfidf_df1_C4.0_none,"Other features, terms, or problems",18,problem,1.112513893430865,143,34
tfidf_df1_C4.0_none,"Other features, terms, or problems",19,balance transfer,1.1085522980538909,47,15
tfidf_df1_C4.0_none,"Other features, terms, or problems",20,the issue,1.1083492466643405,200,45
tfidf_df1_C4.0_none,"Other features, terms, or problems",21,second,1.0513727973393494,114,22
tfidf_df1_C4.0_none,"Other features, terms, or problems",22,refund,1.0470102985849121,292,39
tfidf_df1_C4.0_none,"Other features, terms, or problems",23,three,1.0141321629199198,112,27
tfidf_df1_C4.0_none,"Other features, terms, or problems",24,issue .,1.0049745572717077,141,34
tfidf_df1_C4.0_none,"Other features, terms, or problems",25,business,0.947067752845974,244,47
tfidf_df1_C4.0_none,Problem when making payments,1,payment,5.557212079451094,682,134
tfidf_df1_C4.0_none,Problem when making payments,2,payments,3.5082124691681402,440,91
tfidf_df1_C4.0_none,Problem when making payments,3,a payment,2.659582885420294,226,60
tfidf_df1_C4.0_none,Problem when making payments,4,the payment,2.0171961243600323,210,57
tfidf_df1_C4.0_none,Problem when making payments,5,pay,1.944719283675486,551,75
tfidf_df1_C4.0_none,Problem when making payments,6,my payment,1.9099929434155367,117,42
tfidf_df1_C4.0_none,Problem when making payments,7,to make,1.881698001959017,258,52
tfidf_df1_C4.0_none,Problem when making payments,8,make,1.8216329486881198,434,67
tfidf_df1_C4.0_none,Problem when making payments,9,to pay,1.7156688948083347,355,56
tfidf_df1_C4.0_none,Problem when making payments,10,online,1.5199562718039004,261,38
tfidf_df1_C4.0_none,Problem when making payments,11,payment on,1.5055661626055934,91,29
tfidf_df1_C4.0_none,Problem when making payments,12,my bank,1.4971877716917044,140,30
tfidf_df1_C4.0_none,Problem when making payments,13,late,1.494666086160585,374,60
tfidf_df1_C4.0_none,Problem when making payments,14,account,1.4646200712701756,1367,135
tfidf_df1_C4.0_none,Problem when making payments,15,auto,1.4126626857617315,55,19
tfidf_df1_C4.0_none,Problem when making payments,16,make a,1.3666666864438486,99,27
tfidf_df1_C4.0_none,Problem when making payments,17,bank,1.3535069386606784,800,84
tfidf_df1_C4.0_none,Problem when making payments,18,bank account,1.3495034990645347,82,22
tfidf_df1_C4.0_none,Problem when making payments,19,my account,1.2891872696784898,699,78
tfidf_df1_C4.0_none,Problem when making payments,20,check,1.2677250241038511,179,27
tfidf_df1_C4.0_none,Problem when making payments,21,autopay,1.2500544810257053,39,12
tfidf_df1_C4.0_none,Problem when making payments,22,set,1.2271624819320917,116,28
tfidf_df1_C4.0_none,Problem when making payments,23,due,1.206620710176701,582,77
tfidf_df1_C4.0_none,Problem when making payments,24,payments to,1.2045568738121806,49,17
tfidf_df1_C4.0_none,Problem when making payments,25,late fees,1.1457124299382657,126,26
tfidf_df1_C4.0_none,Problem with a company's investigation into an existing problem,1,reporting,1.187722702993605,165,15
tfidf_df1_C4.0_none,Problem with a company's investigation into an existing problem,2,1666 b,1.1405661108197724,9,5
tfidf_df1_C4.0_none,Problem with a company's investigation into an existing problem,3,late,1.0777617465474831,374,17
tfidf_df1_C4.0_none,Problem with a company's investigation into an existing problem,4,usc 1666,1.03533887585599,16,5
tfidf_df1_C4.0_none,Problem with a company's investigation into an existing problem,5,my report,1.0187179618202535,25,4
tfidf_df1_C4.0_none,Problem with a company's investigation into an existing problem,6,understand,1.0057698737952905,126,8
tfidf_df1_C4.0_none,Problem with a company's investigation into an existing problem,7,late payment,0.9658058248736128,77,9
tfidf_df1_C4.0_none,Problem with a company's investigation into an existing problem,8,as late,0.9533057233789451,17,5
tfidf_df1_C4.0_none,Problem with a company's investigation into an existing problem,9,1666,0.9073830836815797,24,5
tfidf_df1_C4.0_none,Problem with a company's investigation into an existing problem,10,information,0.8625426554958944,612,19
tfidf_df1_C4.0_none,Problem with a company's investigation into an existing problem,11,always pay,0.8518112029782919,17,4
tfidf_df1_C4.0_none,Problem with a company's investigation into an existing problem,12,yet to,0.8493156943009026,37,3
tfidf_df1_C4.0_none,Problem with a company's investigation into an existing problem,13,b,0.8334037332410451,62,7
tfidf_df1_C4.0_none,Problem with a company's investigation into an existing problem,14,the documents,0.8333260217954231,35,2
tfidf_df1_C4.0_none,Problem with a company's investigation into an existing problem,15,the debt,0.8309441938287556,55,8
tfidf_df1_C4.0_none,Problem with a company's investigation into an existing problem,16,account should,0.8238365638958592,10,4
tfidf_df1_C4.0_none,Problem with a company's investigation into an existing problem,17,target,0.8197449183631826,15,3
tfidf_df1_C4.0_none,Problem with a company's investigation into an existing problem,18,report,0.8052200057379917,434,14
tfidf_df1_C4.0_none,Problem with a company's investigation into an existing problem,19,be fixed,0.790659691637068,4,3
tfidf_df1_C4.0_none,Problem with a company's investigation into an existing problem,20,a consumer,0.7887126345810512,62,6
tfidf_df1_C4.0_none,Problem with a company's investigation into an existing problem,21,"fixed ,",0.786463419045297,4,3
tfidf_df1_C4.0_none,Problem with a company's investigation into an existing problem,22,mail #,0.7850523065272544,1,1
tfidf_df1_C4.0_none,Problem with a company's investigation into an existing problem,23,progress card,0.7850523065272544,1,1
tfidf_df1_C4.0_none,Problem with a company's investigation into an existing problem,24,my letter,0.7817619039702891,14,5
tfidf_df1_C4.0_none,Problem with a company's investigation into an existing problem,25,debt,0.7791291611050426,141,10
tfidf_df1_C4.0_none,Problem with a purchase shown on your statement,1,dispute,5.665054057283752,475,348
tfidf_df1_C4.0_none,Problem with a purchase shown on your statement,2,charges,4.825142157430877,447,244
tfidf_df1_C4.0_none,Problem with a purchase shown on your statement,3,charge,4.03988763344479,552,288
tfidf_df1_C4.0_none,Problem with a purchase shown on your statement,4,merchant,3.422216558151787,174,152
tfidf_df1_C4.0_none,Problem with a purchase shown on your statement,5,the merchant,2.94769503513709,142,132
tfidf_df1_C4.0_none,Problem with a purchase shown on your statement,6,refund,2.8296249900486625,292,188
tfidf_df1_C4.0_none,Problem with a purchase shown on your statement,7,fraudulent,2.7638787587951836,297,167
tfidf_df1_C4.0_none,Problem with a purchase shown on your statement,8,the dispute,2.4860413011857276,166,149
tfidf_df1_C4.0_none,Problem with a purchase shown on your statement,9,the charge,2.4494959931006974,182,141
tfidf_df1_C4.0_none,Problem with a purchase shown on your statement,10,disputed,2.384394550250631,178,136
tfidf_df1_C4.0_none,Problem with a purchase shown on your statement,11,the charges,2.359439430959125,133,106
tfidf_df1_C4.0_none,Problem with a purchase shown on your statement,12,transaction,2.2099427539980856,271,158
tfidf_df1_C4.0_none,Problem with a purchase shown on your statement,13,fraudulent charges,2.1641037494566615,74,66
tfidf_df1_C4.0_none,Problem with a purchase shown on your statement,14,unauthorized,2.0888726439691188,128,88
tfidf_df1_C4.0_none,Problem with a purchase shown on your statement,15,fraud,2.030847015021645,405,190
tfidf_df1_C4.0_none,Problem with a purchase shown on your statement,16,my dispute,2.026009909272388,109,99
tfidf_df1_C4.0_none,Problem with a purchase shown on your statement,17,a refund,2.0225927302175877,138,103
tfidf_df1_C4.0_none,Problem with a purchase shown on your statement,18,from xxxx,1.9584081324700757,296,175
tfidf_df1_C4.0_none,Problem with a purchase shown on your statement,19,were,1.9419866725988462,670,281
tfidf_df1_C4.0_none,Problem with a purchase shown on your statement,20,disputes,1.8979778867879529,93,72
tfidf_df1_C4.0_none,Problem with a purchase shown on your statement,21,claim,1.8606414194427188,270,153
tfidf_df1_C4.0_none,Problem with a purchase shown on your statement,22,transactions,1.8547509434684433,200,106
tfidf_df1_C4.0_none,Problem with a purchase shown on your statement,23,evidence,1.822579729485726,145,105
tfidf_df1_C4.0_none,Problem with a purchase shown on your statement,24,charges .,1.819355157630085,136,90
tfidf_df1_C4.0_none,Problem with a purchase shown on your statement,25,purchased,1.7289749817266438,146,100
tfidf_df1_C4.0_none,Struggling to pay your bill,1,hardship,2.494261449112078,53,14
tfidf_df1_C4.0_none,Struggling to pay your bill,2,settlement,1.3903680109695082,17,6
tfidf_df1_C4.0_none,Struggling to pay your bill,3,financial,1.3546298086016628,268,15
tfidf_df1_C4.0_none,Struggling to pay your bill,4,financial hardship,1.317844153232848,25,8
tfidf_df1_C4.0_none,Struggling to pay your bill,5,plan,1.183887874422668,54,8
tfidf_df1_C4.0_none,Struggling to pay your bill,6,payment plan,1.157701824227455,15,7
tfidf_df1_C4.0_none,Struggling to pay your bill,7,to negotiate,1.1327229145304698,6,5
tfidf_df1_C4.0_none,Struggling to pay your bill,8,declared disaster,1.124127896224822,2,2
tfidf_df1_C4.0_none,Struggling to pay your bill,9,negotiate,1.104194320794998,7,5
tfidf_df1_C4.0_none,Struggling to pay your bill,10,disaster,1.0735605961084371,9,3
tfidf_df1_C4.0_none,Struggling to pay your bill,11,calls,1.0227799456080031,141,8
tfidf_df1_C4.0_none,Struggling to pay your bill,12,declared,0.9704314412971192,7,2
tfidf_df1_C4.0_none,Struggling to pay your bill,13,debt,0.9675902327891157,141,11
tfidf_df1_C4.0_none,Struggling to pay your bill,14,very high,0.9561645087897943,3,2
tfidf_df1_C4.0_none,Struggling to pay your bill,15,don't,0.9410332282752288,159,8
tfidf_df1_C4.0_none,Struggling to pay your bill,16,job,0.9228453586054065,37,6
tfidf_df1_C4.0_none,Struggling to pay your bill,17,work,0.9226294066677099,128,11
tfidf_df1_C4.0_none,Struggling to pay your bill,18,hardship program,0.9140313955994914,9,5
tfidf_df1_C4.0_none,Struggling to pay your bill,19,continental,0.9113698258031266,3,2
tfidf_df1_C4.0_none,Struggling to pay your bill,20,a victim,0.8997571850291197,32,2
tfidf_df1_C4.0_none,Struggling to pay your bill,21,payments,0.8927099947376966,440,17
tfidf_df1_C4.0_none,Struggling to pay your bill,22,i don't,0.8825038255726031,102,8
tfidf_df1_C4.0_none,Struggling to pay your bill,23,assistance,0.8804091080481651,146,9
tfidf_df1_C4.0_none,Struggling to pay your bill,24,affected by,0.8759407830248207,10,3
tfidf_df1_C4.0_none,Struggling to pay your bill,25,was affected,0.8712119203762497,3,2
tfidf_df1_C4.0_none,Trouble using your card,1,limit,3.123294823617827,163,35
tfidf_df1_C4.0_none,Trouble using your card,2,credit limit,2.506757466176065,101,28
tfidf_df1_C4.0_none,Trouble using your card,3,blocked,1.9154451529936538,48,13
tfidf_df1_C4.0_none,Trouble using your card,4,use,1.8492467594997593,329,42
tfidf_df1_C4.0_none,Trouble using your card,5,declined,1.6602929961000799,106,20
tfidf_df1_C4.0_none,Trouble using your card,6,card,1.6454166864481814,1627,95
tfidf_df1_C4.0_none,Trouble using your card,7,my card,1.5219440155072625,265,29
tfidf_df1_C4.0_none,Trouble using your card,8,locked,1.509322869612911,47,13
tfidf_df1_C4.0_none,Trouble using your card,9,to use,1.341720674958902,143,24
tfidf_df1_C4.0_none,Trouble using your card,10,limit .,1.2085227518282047,46,15
tfidf_df1_C4.0_none,Trouble using your card,11,the card,1.1810197871748953,416,36
tfidf_df1_C4.0_none,Trouble using your card,12,my credit,1.1538472089911158,825,55
tfidf_df1_C4.0_none,Trouble using your card,13,use my,1.1512472763176071,63,16
tfidf_df1_C4.0_none,Trouble using your card,14,available,1.1383082260962833,162,18
tfidf_df1_C4.0_none,Trouble using your card,15,restricted,1.0954824680328699,25,6
tfidf_df1_C4.0_none,Trouble using your card,16,to clear,1.0629841299144478,15,5
tfidf_df1_C4.0_none,Trouble using your card,17,!,1.008215648925613,203,18
tfidf_df1_C4.0_none,Trouble using your card,18,verify my,0.9969965204480692,37,12
tfidf_df1_C4.0_none,Trouble using your card,19,permission and,0.9598771975792751,2,1
tfidf_df1_C4.0_none,Trouble using your card,20,verify,0.9552505857243159,113,16
tfidf_df1_C4.0_none,Trouble using your card,21,complaints,0.9466935238417278,59,8
tfidf_df1_C4.0_none,Trouble using your card,22,license,0.9421994376002623,41,10
tfidf_df1_C4.0_none,Trouble using your card,23,card is,0.9308022768339534,70,12
tfidf_df1_C4.0_none,Trouble using your card,24,bank,0.9269778146245354,800,53
tfidf_df1_C4.0_none,Trouble using your card,25,they lowered,0.9059689252103323,5,3
tfidf_df1_C4.0_balanced,"Advertising and marketing, including promotional offers",1,offer,4.5393137549892835,158,57
tfidf_df1_C4.0_balanced,"Advertising and marketing, including promotional offers",2,promotion,3.3471063315927125,69,36
tfidf_df1_C4.0_balanced,"Advertising and marketing, including promotional offers",3,promotional,2.6065974572168584,75,30
tfidf_df1_C4.0_balanced,"Advertising and marketing, including promotional offers",4,bonus,2.584421453220566,56,27
tfidf_df1_C4.0_balanced,"Advertising and marketing, including promotional offers",5,misleading,2.0880572715284065,68,25
tfidf_df1_C4.0_balanced,"Advertising and marketing, including promotional offers",6,advertised,2.0027792341706445,48,17
tfidf_df1_C4.0_balanced,"Advertising and marketing, including promotional offers",7,approved,1.8691608028937539,132,25
tfidf_df1_C4.0_balanced,"Advertising and marketing, including promotional offers",8,offer .,1.671142682564942,40,25
tfidf_df1_C4.0_balanced,"Advertising and marketing, including promotional offers",9,terms,1.6642063086969139,142,28
tfidf_df1_C4.0_balanced,"Advertising and marketing, including promotional offers",10,up,1.6396379582775875,544,53
tfidf_df1_C4.0_balanced,"Advertising and marketing, including promotional offers",11,the offer,1.6180017771056472,42,22
tfidf_df1_C4.0_balanced,"Advertising and marketing, including promotional offers",12,advertising,1.6093387666831889,28,15
tfidf_df1_C4.0_balanced,"Advertising and marketing, including promotional offers",13,0,1.549527685117183,50,14
tfidf_df1_C4.0_balanced,"Advertising and marketing, including promotional offers",14,spend,1.5429275462902836,53,22
tfidf_df1_C4.0_balanced,"Advertising and marketing, including promotional offers",15,0 %,1.5221134324082488,48,13
tfidf_df1_C4.0_balanced,"Advertising and marketing, including promotional offers",16,%,1.4915298976690519,173,25
tfidf_df1_C4.0_balanced,"Advertising and marketing, including promotional offers",17,signed up,1.4144377479597419,43,16
tfidf_df1_C4.0_balanced,"Advertising and marketing, including promotional offers",18,up for,1.4087025426503488,64,19
tfidf_df1_C4.0_balanced,"Advertising and marketing, including promotional offers",19,the promotion,1.3922858140286494,35,18
tfidf_df1_C4.0_balanced,"Advertising and marketing, including promotional offers",20,promotional offer,1.3520523771086883,25,17
tfidf_df1_C4.0_balanced,"Advertising and marketing, including promotional offers",21,spending,1.3400806646456143,66,21
tfidf_df1_C4.0_balanced,"Advertising and marketing, including promotional offers",22,first,1.2896709977108383,336,42
tfidf_df1_C4.0_balanced,"Advertising and marketing, including promotional offers",23,if,1.2809080411928375,663,60
tfidf_df1_C4.0_balanced,"Advertising and marketing, including promotional offers",24,spend {,1.2779580293083668,17,13
tfidf_df1_C4.0_balanced,"Advertising and marketing, including promotional offers",25,receive,1.2648613740136883,311,37
tfidf_df1_C4.0_balanced,Closing your account,1,closed,6.618068767233384,499,154
tfidf_df1_C4.0_balanced,Closing your account,2,closed my,3.340393741764379,122,59
tfidf_df1_C4.0_balanced,Closing your account,3,close,3.298976193812292,226,68
tfidf_df1_C4.0_balanced,Closing your account,4,account,3.0583613904993063,1367,183
tfidf_df1_C4.0_balanced,Closing your account,5,to close,2.752954769064858,111,46
tfidf_df1_C4.0_balanced,Closing your account,6,closure,2.6211361895477276,64,36
tfidf_df1_C4.0_balanced,Closing your account,7,my account,2.514522105267245,699,114
tfidf_df1_C4.0_balanced,Closing your account,8,was closed,2.0904147212691337,136,46
tfidf_df1_C4.0_balanced,Closing your account,9,account was,2.084499245221448,233,63
tfidf_df1_C4.0_balanced,Closing your account,10,close my,1.8925694021778676,58,29
tfidf_df1_C4.0_balanced,Closing your account,11,reason,1.7729551299170214,238,54
tfidf_df1_C4.0_balanced,Closing your account,12,closed .,1.6940559891745341,106,39
tfidf_df1_C4.0_balanced,Closing your account,13,the account,1.608603005188793,466,83
tfidf_df1_C4.0_balanced,Closing your account,14,reopen,1.5229752711988516,61,21
tfidf_df1_C4.0_balanced,Closing your account,15,closing,1.3773109920033504,82,30
tfidf_df1_C4.0_balanced,Closing your account,16,accounts,1.3380897777984084,283,50
tfidf_df1_C4.0_balanced,Closing your account,17,account .,1.2930520288566296,498,71
tfidf_df1_C4.0_balanced,Closing your account,18,card account,1.2803022572231255,158,32
tfidf_df1_C4.0_balanced,Closing your account,19,cards,1.2717999073826505,256,42
tfidf_df1_C4.0_balanced,Closing your account,20,account closure,1.198609468731672,28,17
tfidf_df1_C4.0_balanced,Closing your account,21,without,1.1975708293829672,416,63
tfidf_df1_C4.0_balanced,Closing your account,22,this account,1.1914308212361828,167,34
tfidf_df1_C4.0_balanced,Closing your account,23,standing,1.1269500189791877,72,21
tfidf_df1_C4.0_balanced,Closing your account,24,of my,1.124529971044591,489,71
tfidf_df1_C4.0_balanced,Closing your account,25,reopen my,1.1059449290835959,22,13
tfidf_df1_C4.0_balanced,Fees or interest,1,interest,6.345920175730643,413,189
tfidf_df1_C4.0_balanced,Fees or interest,2,fee,5.27941075775807,278,140
tfidf_df1_C4.0_balanced,Fees or interest,3,fees,4.3214767027746595,290,132
tfidf_df1_C4.0_balanced,Fees or interest,4,charged,3.3720896921363197,483,155
tfidf_df1_C4.0_balanced,Fees or interest,5,late,2.8728230865783164,374,132
tfidf_df1_C4.0_balanced,Fees or interest,6,the interest,2.407846317860544,96,60
tfidf_df1_C4.0_balanced,Fees or interest,7,late fee,2.207393622450508,107,65
tfidf_df1_C4.0_balanced,Fees or interest,8,charge,2.0627106769037957,552,123
tfidf_df1_C4.0_balanced,Fees or interest,9,rate,2.0340397170804674,105,48
tfidf_df1_C4.0_balanced,Fees or interest,10,%,1.9743621964777391,173,61
tfidf_df1_C4.0_balanced,Fees or interest,11,late fees,1.9736394051492616,126,66
tfidf_df1_C4.0_balanced,Fees or interest,12,apr,1.740326000484059,54,27
tfidf_df1_C4.0_balanced,Fees or interest,13,charging,1.662624015839202,113,49
tfidf_df1_C4.0_balanced,Fees or interest,14,balance,1.6564719728246091,542,139
tfidf_df1_C4.0_balanced,Fees or interest,15,fee .,1.6472894296774234,102,56
tfidf_df1_C4.0_balanced,Fees or interest,16,interest charges,1.5936040808688134,57,36
tfidf_df1_C4.0_balanced,Fees or interest,17,interest charge,1.5679483699335584,51,38
tfidf_df1_C4.0_balanced,Fees or interest,18,charges,1.5412279636367519,447,98
tfidf_df1_C4.0_balanced,Fees or interest,19,interest rate,1.5378132754085994,66,33
tfidf_df1_C4.0_balanced,Fees or interest,20,interest .,1.5343947364038595,85,45
tfidf_df1_C4.0_balanced,Fees or interest,21,scra,1.4048594030774102,12,9
tfidf_df1_C4.0_balanced,Fees or interest,22,month,1.4008885547929868,311,90
tfidf_df1_C4.0_balanced,Fees or interest,23,the fee,1.3759677642353305,37,27
tfidf_df1_C4.0_balanced,Fees or interest,24,paid,1.3660446951069227,530,138
tfidf_df1_C4.0_balanced,Fees or interest,25,$,1.3564561902782581,1173,201
tfidf_df1_C4.0_balanced,Getting a credit card,1,application,3.955169308017941,149,73
tfidf_df1_C4.0_balanced,Getting a credit card,2,opened,3.0424222249039454,280,77
tfidf_df1_C4.0_balanced,Getting a credit card,3,applied for,3.0227057449192687,148,71
tfidf_df1_C4.0_balanced,Getting a credit card,4,applied,2.558217074276787,255,77
tfidf_df1_C4.0_balanced,Getting a credit card,5,my name,2.4496117519234755,150,65
tfidf_df1_C4.0_balanced,Getting a credit card,6,report,2.186768277513191,434,107
tfidf_df1_C4.0_balanced,Getting a credit card,7,name,2.165021284811098,277,80
tfidf_df1_C4.0_balanced,Getting a credit card,8,open,2.0839976670956655,199,55
tfidf_df1_C4.0_balanced,Getting a credit card,9,name .,2.0083059287127187,49,29
tfidf_df1_C4.0_balanced,Getting a credit card,10,knowledge,1.8908030334412294,82,27
tfidf_df1_C4.0_balanced,Getting a credit card,11,credit,1.8854103488159848,1721,241
tfidf_df1_C4.0_balanced,Getting a credit card,12,denial,1.867608410877433,72,34
tfidf_df1_C4.0_balanced,Getting a credit card,13,credit report,1.8545883849800442,232,75
tfidf_df1_C4.0_balanced,Getting a credit card,14,a credit,1.8453042363697882,293,67
tfidf_df1_C4.0_balanced,Getting a credit card,15,inquiries,1.7738344305407534,33,18
tfidf_df1_C4.0_balanced,Getting a credit card,16,for a,1.7120702290756442,494,76
tfidf_df1_C4.0_balanced,Getting a credit card,17,without my,1.6934975876895857,109,35
tfidf_df1_C4.0_balanced,Getting a credit card,18,denied,1.6801705587836824,243,56
tfidf_df1_C4.0_balanced,Getting a credit card,19,applications,1.5307234096014273,29,21
tfidf_df1_C4.0_balanced,Getting a credit card,20,i did,1.4677182852617816,489,64
tfidf_df1_C4.0_balanced,Getting a credit card,21,to open,1.4149424683310226,55,24
tfidf_df1_C4.0_balanced,Getting a credit card,22,this account,1.3956732880313554,167,34
tfidf_df1_C4.0_balanced,Getting a credit card,23,the application,1.3930837069088853,55,28
tfidf_df1_C4.0_balanced,Getting a credit card,24,apply,1.3853802050426371,128,36
tfidf_df1_C4.0_balanced,Getting a credit card,25,fraudulent,1.3721550195944436,297,52
tfidf_df1_C4.0_balanced,Incorrect information on your report,1,report,3.2821490821307706,434,49
tfidf_df1_C4.0_balanced,Incorrect information on your report,2,reported,2.5927048998951814,218,28
tfidf_df1_C4.0_balanced,Incorrect information on your report,3,credit report,2.5701292430781644,232,37
tfidf_df1_C4.0_balanced,Incorrect information on your report,4,on my,2.3745290756591757,728,47
tfidf_df1_C4.0_balanced,Incorrect information on your report,5,off,1.9725302425876294,387,31
tfidf_df1_C4.0_balanced,Incorrect information on your report,6,my credit,1.7912798923505544,825,59
tfidf_df1_C4.0_balanced,Incorrect information on your report,7,late,1.7780179723087455,374,20
tfidf_df1_C4.0_balanced,Incorrect information on your report,8,1099,1.6021256924527525,34,12
tfidf_df1_C4.0_balanced,Incorrect information on your report,9,this account,1.5612397339364994,167,18
tfidf_df1_C4.0_balanced,Incorrect information on your report,10,not me,1.5508187147024648,20,3
tfidf_df1_C4.0_balanced,Incorrect information on your report,11,theft .,1.542587224726307,35,7
tfidf_df1_C4.0_balanced,Incorrect information on your report,12,removed,1.5360015789809056,185,23
tfidf_df1_C4.0_balanced,Incorrect information on your report,13,was reported,1.5031547859114471,14,6
tfidf_df1_C4.0_balanced,Incorrect information on your report,14,late payment,1.4478998640173737,77,10
tfidf_df1_C4.0_balanced,Incorrect information on your report,15,company wrote,1.4408399162841468,5,5
tfidf_df1_C4.0_balanced,Incorrect information on your report,16,score,1.4053541446303188,190,16
tfidf_df1_C4.0_balanced,Incorrect information on your report,17,explained this,1.4012613434595114,8,1
tfidf_df1_C4.0_balanced,Incorrect information on your report,18,is,1.3541243320620862,1541,62
tfidf_df1_C4.0_balanced,Incorrect information on your report,19,negative,1.3500249518230907,75,9
tfidf_df1_C4.0_balanced,Incorrect information on your report,20,listed,1.3462328133645816,107,16
tfidf_df1_C4.0_balanced,Incorrect information on your report,21,account number,1.345805872978223,96,11
tfidf_df1_C4.0_balanced,Incorrect information on your report,22,identity theft,1.278460985677391,69,10
tfidf_df1_C4.0_balanced,Incorrect information on your report,23,information,1.2783334040012897,612,32
tfidf_df1_C4.0_balanced,Incorrect information on your report,24,credit bureaus,1.274344605464079,73,11
tfidf_df1_C4.0_balanced,Incorrect information on your report,25,bureaus,1.2694967521539988,83,11
tfidf_df1_C4.0_balanced,"Other features, terms, or problems",1,rewards,3.2123430176420382,93,49
tfidf_df1_C4.0_balanced,"Other features, terms, or problems",2,points,2.140381061764,112,41
tfidf_df1_C4.0_balanced,"Other features, terms, or problems",3,check,1.5187705657675332,179,46
tfidf_df1_C4.0_balanced,"Other features, terms, or problems",4,issue,1.389056482398542,498,91
tfidf_df1_C4.0_balanced,"Other features, terms, or problems",5,transfer,1.3678058673078164,107,27
tfidf_df1_C4.0_balanced,"Other features, terms, or problems",6,reward,1.2942627377986127,25,18
tfidf_df1_C4.0_balanced,"Other features, terms, or problems",7,the rewards,1.2247381856635597,19,18
tfidf_df1_C4.0_balanced,"Other features, terms, or problems",8,cash,1.1627431642336528,120,32
tfidf_df1_C4.0_balanced,"Other features, terms, or problems",9,my rewards,1.1131737393461676,21,16
tfidf_df1_C4.0_balanced,"Other features, terms, or problems",10,pnc,1.0882886012776143,10,5
tfidf_df1_C4.0_balanced,"Other features, terms, or problems",11,to my,1.0807771637303993,543,90
tfidf_df1_C4.0_balanced,"Other features, terms, or problems",12,rewards .,1.0647304440243104,18,15
tfidf_df1_C4.0_balanced,"Other features, terms, or problems",13,refund,1.0544058620814232,292,39
tfidf_df1_C4.0_balanced,"Other features, terms, or problems",14,problem,1.0182480172730717,143,34
tfidf_df1_C4.0_balanced,"Other features, terms, or problems",15,xxxx points,1.0097952975691866,56,19
tfidf_df1_C4.0_balanced,"Other features, terms, or problems",16,bonus,0.990308425221086,56,19
tfidf_df1_C4.0_balanced,"Other features, terms, or problems",17,the issue,0.9617220294212534,200,45
tfidf_df1_C4.0_balanced,"Other features, terms, or problems",18,balance transfer,0.9395362926312814,47,15
tfidf_df1_C4.0_balanced,"Other features, terms, or problems",19,$ 250.00,0.9260438054862025,26,11
tfidf_df1_C4.0_balanced,"Other features, terms, or problems",20,250.00,0.9260438054862025,26,11
tfidf_df1_C4.0_balanced,"Other features, terms, or problems",21,250.00 },0.9260438054862025,26,11
tfidf_df1_C4.0_balanced,"Other features, terms, or problems",22,second,0.9076130243675321,114,22
tfidf_df1_C4.0_balanced,"Other features, terms, or problems",23,issue .,0.9035970222104107,141,34
tfidf_df1_C4.0_balanced,"Other features, terms, or problems",24,i have,0.8791443776290828,1123,160
tfidf_df1_C4.0_balanced,"Other features, terms, or problems",25,this issue,0.8594209121510636,170,37
tfidf_df1_C4.0_balanced,Problem when making payments,1,payment,5.802695814892129,682,134
tfidf_df1_C4.0_balanced,Problem when making payments,2,payments,3.613767346991548,440,91
tfidf_df1_C4.0_balanced,Problem when making payments,3,a payment,2.861077551500558,226,60
tfidf_df1_C4.0_balanced,Problem when making payments,4,the payment,2.127875191379076,210,57
tfidf_df1_C4.0_balanced,Problem when making payments,5,my payment,1.9683819931797533,117,42
tfidf_df1_C4.0_balanced,Problem when making payments,6,pay,1.9503237354815024,551,75
tfidf_df1_C4.0_balanced,Problem when making payments,7,to make,1.9415436603021194,258,52
tfidf_df1_C4.0_balanced,Problem when making payments,8,make,1.8940015500216059,434,67
tfidf_df1_C4.0_balanced,Problem when making payments,9,to pay,1.811149965237549,355,56
tfidf_df1_C4.0_balanced,Problem when making payments,10,online,1.6933778526303112,261,38
tfidf_df1_C4.0_balanced,Problem when making payments,11,my bank,1.6382681792997273,140,30
tfidf_df1_C4.0_balanced,Problem when making payments,12,payment on,1.5750015884894026,91,29
tfidf_df1_C4.0_balanced,Problem when making payments,13,account,1.5241625957269256,1367,135
tfidf_df1_C4.0_balanced,Problem when making payments,14,auto,1.5139100186577832,55,19
tfidf_df1_C4.0_balanced,Problem when making payments,15,late,1.4711290160888446,374,60
tfidf_df1_C4.0_balanced,Problem when making payments,16,make a,1.4605091092800473,99,27
tfidf_df1_C4.0_balanced,Problem when making payments,17,bank,1.4552145093458984,800,84
tfidf_df1_C4.0_balanced,Problem when making payments,18,bank account,1.4463646252630014,82,22
tfidf_df1_C4.0_balanced,Problem when making payments,19,check,1.4047675401155277,179,27
tfidf_df1_C4.0_balanced,Problem when making payments,20,my account,1.3657462261028284,699,78
tfidf_df1_C4.0_balanced,Problem when making payments,21,autopay,1.3645050461222894,39,12
tfidf_df1_C4.0_balanced,Problem when making payments,22,set,1.2833285767768536,116,28
tfidf_df1_C4.0_balanced,Problem when making payments,23,payments to,1.2795393601382696,49,17
tfidf_df1_C4.0_balanced,Problem when making payments,24,late fees,1.2256782988543264,126,26
tfidf_df1_C4.0_balanced,Problem when making payments,25,due,1.2222927202624085,582,77
tfidf_df1_C4.0_balanced,Problem with a company's investigation into an existing problem,1,reporting,1.6103683433196874,165,15
tfidf_df1_C4.0_balanced,Problem with a company's investigation into an existing problem,2,1666 b,1.5572590735742793,9,5
tfidf_df1_C4.0_balanced,Problem with a company's investigation into an existing problem,3,understand,1.4749893799637288,126,8
tfidf_df1_C4.0_balanced,Problem with a company's investigation into an existing problem,4,my report,1.4340658749541033,25,4
tfidf_df1_C4.0_balanced,Problem with a company's investigation into an existing problem,5,usc 1666,1.4138759985803322,16,5
tfidf_df1_C4.0_balanced,Problem with a company's investigation into an existing problem,6,late,1.4112664252718878,374,17
tfidf_df1_C4.0_balanced,Problem with a company's investigation into an existing problem,7,late payment,1.3330916636089216,77,9
tfidf_df1_C4.0_balanced,Problem with a company's investigation into an existing problem,8,as late,1.3052305220063671,17,5
tfidf_df1_C4.0_balanced,Problem with a company's investigation into an existing problem,9,yet to,1.2850844627447373,37,3
tfidf_df1_C4.0_balanced,Problem with a company's investigation into an existing problem,10,information,1.2488079358366124,612,19
tfidf_df1_C4.0_balanced,Problem with a company's investigation into an existing problem,11,the documents,1.2450463496943416,35,2
tfidf_df1_C4.0_balanced,Problem with a company's investigation into an existing problem,12,target,1.2252683240136895,15,3
tfidf_df1_C4.0_balanced,Problem with a company's investigation into an existing problem,13,1666,1.2087300843845168,24,5
tfidf_df1_C4.0_balanced,Problem with a company's investigation into an existing problem,14,mail #,1.1959341871498432,1,1
tfidf_df1_C4.0_balanced,Problem with a company's investigation into an existing problem,15,progress card,1.1959341871498432,1,1
tfidf_df1_C4.0_balanced,Problem with a company's investigation into an existing problem,16,always pay,1.1487285234213955,17,4
tfidf_df1_C4.0_balanced,Problem with a company's investigation into an existing problem,17,the debt,1.1448931242896465,55,8
tfidf_df1_C4.0_balanced,Problem with a company's investigation into an existing problem,18,a consumer,1.1377473953360537,62,6
tfidf_df1_C4.0_balanced,Problem with a company's investigation into an existing problem,19,my letter,1.1354956613760716,14,5
tfidf_df1_C4.0_balanced,Problem with a company's investigation into an existing problem,20,is yet,1.1348364157865463,2,1
tfidf_df1_C4.0_balanced,Problem with a company's investigation into an existing problem,21,account should,1.1292344194808848,10,4
tfidf_df1_C4.0_balanced,Problem with a company's investigation into an existing problem,22,. certified,1.127647937793155,2,1
tfidf_df1_C4.0_balanced,Problem with a company's investigation into an existing problem,23,the information,1.0753854612132006,116,8
tfidf_df1_C4.0_balanced,Problem with a company's investigation into an existing problem,24,b,1.0718634970202718,62,7
tfidf_df1_C4.0_balanced,Problem with a company's investigation into an existing problem,25,be fixed,1.0573184581611235,4,3
tfidf_df1_C4.0_balanced,Problem with a purchase shown on your statement,1,dispute,4.630449584784397,475,348
tfidf_df1_C4.0_balanced,Problem with a purchase shown on your statement,2,charges,3.7853757418092657,447,244
tfidf_df1_C4.0_balanced,Problem with a purchase shown on your statement,3,charge,3.1996442827796594,552,288
tfidf_df1_C4.0_balanced,Problem with a purchase shown on your statement,4,merchant,2.85938293756363,174,152
tfidf_df1_C4.0_balanced,Problem with a purchase shown on your statement,5,the merchant,2.4509355506718147,142,132
tfidf_df1_C4.0_balanced,Problem with a purchase shown on your statement,6,refund,2.367109156050019,292,188
tfidf_df1_C4.0_balanced,Problem with a purchase shown on your statement,7,fraudulent,2.2183623643790704,297,167
tfidf_df1_C4.0_balanced,Problem with a purchase shown on your statement,8,the dispute,2.0537203546603515,166,149
tfidf_df1_C4.0_balanced,Problem with a purchase shown on your statement,9,the charge,1.9725028319237392,182,141
tfidf_df1_C4.0_balanced,Problem with a purchase shown on your statement,10,the charges,1.889663826275424,133,106
tfidf_df1_C4.0_balanced,Problem with a purchase shown on your statement,11,disputed,1.8514679842901198,178,136
tfidf_df1_C4.0_balanced,Problem with a purchase shown on your statement,12,transaction,1.8053314692401348,271,158
tfidf_df1_C4.0_balanced,Problem with a purchase shown on your statement,13,fraud,1.648380459250777,405,190
tfidf_df1_C4.0_balanced,Problem with a purchase shown on your statement,14,fraudulent charges,1.6385200219308804,74,66
tfidf_df1_C4.0_balanced,Problem with a purchase shown on your statement,15,from xxxx,1.6323389199666276,296,175
tfidf_df1_C4.0_balanced,Problem with a purchase shown on your statement,16,were,1.6247975307681322,670,281
tfidf_df1_C4.0_balanced,Problem with a purchase shown on your statement,17,my dispute,1.612211904405642,109,99
tfidf_df1_C4.0_balanced,Problem with a purchase shown on your statement,18,unauthorized,1.5957981734103592,128,88
tfidf_df1_C4.0_balanced,Problem with a purchase shown on your statement,19,a refund,1.56178526472231,138,103
tfidf_df1_C4.0_balanced,Problem with a purchase shown on your statement,20,claim,1.5530592665318683,270,153
tfidf_df1_C4.0_balanced,Problem with a purchase shown on your statement,21,transactions,1.5179097950541713,200,106
tfidf_df1_C4.0_balanced,Problem with a purchase shown on your statement,22,evidence,1.5094648635468544,145,105
tfidf_df1_C4.0_balanced,Problem with a purchase shown on your statement,23,charges .,1.4749769412189764,136,90
tfidf_df1_C4.0_balanced,Problem with a purchase shown on your statement,24,a dispute,1.453540418672274,160,125
tfidf_df1_C4.0_balanced,Problem with a purchase shown on your statement,25,from,1.4188360428816162,1285,464
tfidf_df1_C4.0_balanced,Struggling to pay your bill,1,hardship,3.6083301966510812,53,14
tfidf_df1_C4.0_balanced,Struggling to pay your bill,2,settlement,1.9604579991202364,17,6
tfidf_df1_C4.0_balanced,Struggling to pay your bill,3,financial,1.9126645018436361,268,15
tfidf_df1_C4.0_balanced,Struggling to pay your bill,4,financial hardship,1.8880659020426052,25,8
tfidf_df1_C4.0_balanced,Struggling to pay your bill,5,plan,1.7039220461503974,54,8
tfidf_df1_C4.0_balanced,Struggling to pay your bill,6,payment plan,1.6715437999839624,15,7
tfidf_df1_C4.0_balanced,Struggling to pay your bill,7,to negotiate,1.6495541693237905,6,5
tfidf_df1_C4.0_balanced,Struggling to pay your bill,8,declared disaster,1.6387803393114833,2,2
tfidf_df1_C4.0_balanced,Struggling to pay your bill,9,negotiate,1.6066625967301462,7,5
tfidf_df1_C4.0_balanced,Struggling to pay your bill,10,disaster,1.5846090112996758,9,3
tfidf_df1_C4.0_balanced,Struggling to pay your bill,11,calls,1.5380701339844578,141,8
tfidf_df1_C4.0_balanced,Struggling to pay your bill,12,very high,1.487856052891017,3,2
tfidf_df1_C4.0_balanced,Struggling to pay your bill,13,don't,1.4433844927954704,159,8
tfidf_df1_C4.0_balanced,Struggling to pay your bill,14,declared,1.4172114018512476,7,2
tfidf_df1_C4.0_balanced,Struggling to pay your bill,15,job,1.3910337026613853,37,6
tfidf_df1_C4.0_balanced,Struggling to pay your bill,16,debt,1.3834446109175602,141,11
tfidf_df1_C4.0_balanced,Struggling to pay your bill,17,i don't,1.358589032293804,102,8
tfidf_df1_C4.0_balanced,Struggling to pay your bill,18,continental,1.3497438862197517,3,2
tfidf_df1_C4.0_balanced,Struggling to pay your bill,19,work,1.3370178712029008,128,11
tfidf_df1_C4.0_balanced,Struggling to pay your bill,20,hardship program,1.3348977104072004,9,5
tfidf_df1_C4.0_balanced,Struggling to pay your bill,21,hardship and,1.3001490997235843,13,3
tfidf_df1_C4.0_balanced,Struggling to pay your bill,22,a victim,1.2976255687053704,32,2
tfidf_df1_C4.0_balanced,Struggling to pay your bill,23,afford,1.290137535873401,26,6
tfidf_df1_C4.0_balanced,Struggling to pay your bill,24,affected by,1.2853105704294154,10,3
tfidf_df1_C4.0_balanced,Struggling to pay your bill,25,was affected,1.2579849283594655,3,2
tfidf_df1_C4.0_balanced,Trouble using your card,1,limit,3.619661163398823,163,35
tfidf_df1_C4.0_balanced,Trouble using your card,2,credit limit,2.9278590218655074,101,28
tfidf_df1_C4.0_balanced,Trouble using your card,3,blocked,2.2486863424774257,48,13
tfidf_df1_C4.0_balanced,Trouble using your card,4,use,2.1212086710754225,329,42
tfidf_df1_C4.0_balanced,Trouble using your card,5,card,1.9580665633971872,1627,95
tfidf_df1_C4.0_balanced,Trouble using your card,6,declined,1.9268020719582697,106,20
tfidf_df1_C4.0_balanced,Trouble using your card,7,my card,1.8064146920815431,265,29
tfidf_df1_C4.0_balanced,Trouble using your card,8,locked,1.76488656079935,47,13
tfidf_df1_C4.0_balanced,Trouble using your card,9,to use,1.5239279150128398,143,24
tfidf_df1_C4.0_balanced,Trouble using your card,10,limit .,1.4522260824241076,46,15
tfidf_df1_C4.0_balanced,Trouble using your card,11,the card,1.3925142585631347,416,36
tfidf_df1_C4.0_balanced,Trouble using your card,12,use my,1.3494332749676363,63,16
tfidf_df1_C4.0_balanced,Trouble using your card,13,restricted,1.3292321499097448,25,6
tfidf_df1_C4.0_balanced,Trouble using your card,14,available,1.3098353586783285,162,18
tfidf_df1_C4.0_balanced,Trouble using your card,15,my credit,1.2770500587705897,825,55
tfidf_df1_C4.0_balanced,Trouble using your card,16,to clear,1.2696714341327517,15,5
tfidf_df1_C4.0_balanced,Trouble using your card,17,permission and,1.2061690121778676,2,1
tfidf_df1_C4.0_balanced,Trouble using your card,18,!,1.1760768619279849,203,18
tfidf_df1_C4.0_balanced,Trouble using your card,19,verify my,1.1743423768211834,37,12
tfidf_df1_C4.0_balanced,Trouble using your card,20,card is,1.1099105474134539,70,12
tfidf_df1_C4.0_balanced,Trouble using your card,21,verify,1.1044975052008563,113,16
tfidf_df1_C4.0_balanced,Trouble using your card,22,complaints,1.1006048473908503,59,8
tfidf_df1_C4.0_balanced,Trouble using your card,23,license,1.0930311375885724,41,10
tfidf_df1_C4.0_balanced,Trouble using your card,24,bank,1.0734730055063955,800,53
tfidf_df1_C4.0_balanced,Trouble using your card,25,credit card,1.0684603572414737,1129,62
tfidf_df2_C1.0_none,"Advertising and marketing, including promotional offers",1,offer,2.3745756545784236,158,57
tfidf_df2_C1.0_none,"Advertising and marketing, including promotional offers",2,promotion,1.6291356259856205,69,36
tfidf_df2_C1.0_none,"Advertising and marketing, including promotional offers",3,bonus,1.4750496490200078,56,27
tfidf_df2_C1.0_none,"Advertising and marketing, including promotional offers",4,promotional,1.2739399688060598,75,30
tfidf_df2_C1.0_none,"Advertising and marketing, including promotional offers",5,the offer,0.9582616667952383,42,22
tfidf_df2_C1.0_none,"Advertising and marketing, including promotional offers",6,misleading,0.9443099869012886,68,25
tfidf_df2_C1.0_none,"Advertising and marketing, including promotional offers",7,advertised,0.9278985228969961,48,17
tfidf_df2_C1.0_none,"Advertising and marketing, including promotional offers",8,approved,0.9202960887691518,132,25
tfidf_df2_C1.0_none,"Advertising and marketing, including promotional offers",9,offer .,0.9199858108508974,40,25
tfidf_df2_C1.0_none,"Advertising and marketing, including promotional offers",10,spend,0.8905580836606551,53,22
tfidf_df2_C1.0_none,"Advertising and marketing, including promotional offers",11,terms,0.8374859716193006,142,28
tfidf_df2_C1.0_none,"Advertising and marketing, including promotional offers",12,up,0.7843776901091988,544,53
tfidf_df2_C1.0_none,"Advertising and marketing, including promotional offers",13,%,0.7732341619021956,173,25
tfidf_df2_C1.0_none,"Advertising and marketing, including promotional offers",14,0,0.7422167776886204,50,14
tfidf_df2_C1.0_none,"Advertising and marketing, including promotional offers",15,the promotion,0.733403021141423,35,18
tfidf_df2_C1.0_none,"Advertising and marketing, including promotional offers",16,first,0.7318098827671075,336,42
tfidf_df2_C1.0_none,"Advertising and marketing, including promotional offers",17,0 %,0.7317592327065688,48,13
tfidf_df2_C1.0_none,"Advertising and marketing, including promotional offers",18,promotional offer,0.7203430978923964,25,17
tfidf_df2_C1.0_none,"Advertising and marketing, including promotional offers",19,spending,0.7167575288514247,66,21
tfidf_df2_C1.0_none,"Advertising and marketing, including promotional offers",20,the first,0.7138521678385806,173,30
tfidf_df2_C1.0_none,"Advertising and marketing, including promotional offers",21,advertising,0.7087471364405222,28,15
tfidf_df2_C1.0_none,"Advertising and marketing, including promotional offers",22,up for,0.6983684773692186,64,19
tfidf_df2_C1.0_none,"Advertising and marketing, including promotional offers",23,signed up,0.6884412633985267,43,16
tfidf_df2_C1.0_none,"Advertising and marketing, including promotional offers",24,spend {,0.677105916612376,17,13
tfidf_df2_C1.0_none,"Advertising and marketing, including promotional offers",25,for the,0.6429958159783302,629,55
tfidf_df2_C1.0_none,Closing your account,1,closed,3.704910286131023,499,154
tfidf_df2_C1.0_none,Closing your account,2,closed my,1.9251225986575486,122,59
tfidf_df2_C1.0_none,Closing your account,3,account,1.8173655440783467,1367,183
tfidf_df2_C1.0_none,Closing your account,4,close,1.7807361172831884,226,68
tfidf_df2_C1.0_none,Closing your account,5,to close,1.515564051753301,111,46
tfidf_df2_C1.0_none,Closing your account,6,my account,1.4725495621851385,699,114
tfidf_df2_C1.0_none,Closing your account,7,closure,1.4236287711754,64,36
tfidf_df2_C1.0_none,Closing your account,8,account was,1.1842810302965558,233,63
tfidf_df2_C1.0_none,Closing your account,9,was closed,1.180364131743119,136,46
tfidf_df2_C1.0_none,Closing your account,10,reason,1.0685974676872394,238,54
tfidf_df2_C1.0_none,Closing your account,11,close my,1.0352684226967324,58,29
tfidf_df2_C1.0_none,Closing your account,12,the account,0.9637364961232856,466,83
tfidf_df2_C1.0_none,Closing your account,13,closed .,0.9622827536646192,106,39
tfidf_df2_C1.0_none,Closing your account,14,accounts,0.84414508389045,283,50
tfidf_df2_C1.0_none,Closing your account,15,reopen,0.83928346612515,61,21
tfidf_df2_C1.0_none,Closing your account,16,account .,0.761851317976024,498,71
tfidf_df2_C1.0_none,Closing your account,17,closing,0.7461862852281461,82,30
tfidf_df2_C1.0_none,Closing your account,18,card account,0.7087637176699068,158,32
tfidf_df2_C1.0_none,Closing your account,19,this account,0.7074696277607603,167,34
tfidf_df2_C1.0_none,Closing your account,20,cards,0.6957720943330705,256,42
tfidf_df2_C1.0_none,Closing your account,21,of my,0.6714483839302837,489,71
tfidf_df2_C1.0_none,Closing your account,22,without,0.6606800909090533,416,63
tfidf_df2_C1.0_none,Closing your account,23,my accounts,0.6476786263650224,63,22
tfidf_df2_C1.0_none,Closing your account,24,my,0.6448199943039253,2134,198
tfidf_df2_C1.0_none,Closing your account,25,account closure,0.6433763784595941,28,17
tfidf_df2_C1.0_none,Fees or interest,1,interest,4.2358112909153185,413,189
tfidf_df2_C1.0_none,Fees or interest,2,fee,3.4227824306132755,278,140
tfidf_df2_C1.0_none,Fees or interest,3,fees,2.846934045680517,290,132
tfidf_df2_C1.0_none,Fees or interest,4,late,2.11823949057465,374,132
tfidf_df2_C1.0_none,Fees or interest,5,charged,2.095137433818573,483,155
tfidf_df2_C1.0_none,Fees or interest,6,late fee,1.545653156015036,107,65
tfidf_df2_C1.0_none,Fees or interest,7,the interest,1.5170099834142312,96,60
tfidf_df2_C1.0_none,Fees or interest,8,late fees,1.3948904948477872,126,66
tfidf_df2_C1.0_none,Fees or interest,9,rate,1.3167238465056148,105,48
tfidf_df2_C1.0_none,Fees or interest,10,%,1.2705237332010921,173,61
tfidf_df2_C1.0_none,Fees or interest,11,balance,1.2135425280792038,542,139
tfidf_df2_C1.0_none,Fees or interest,12,charge,1.2012863623318684,552,123
tfidf_df2_C1.0_none,Fees or interest,13,fee .,1.1837575772353885,102,56
tfidf_df2_C1.0_none,Fees or interest,14,paid,1.0993987335457658,530,138
tfidf_df2_C1.0_none,Fees or interest,15,apr,1.0602594485634138,54,27
tfidf_df2_C1.0_none,Fees or interest,16,interest charge,1.049411318822657,51,38
tfidf_df2_C1.0_none,Fees or interest,17,interest rate,1.032217342740974,66,33
tfidf_df2_C1.0_none,Fees or interest,18,charging,1.0124820738987859,113,49
tfidf_df2_C1.0_none,Fees or interest,19,interest .,1.0098379082621975,85,45
tfidf_df2_C1.0_none,Fees or interest,20,interest charges,1.0025762643356855,57,36
tfidf_df2_C1.0_none,Fees or interest,21,month,0.998592762665259,311,90
tfidf_df2_C1.0_none,Fees or interest,22,$,0.9113969864646765,1173,201
tfidf_df2_C1.0_none,Fees or interest,23,the late,0.8590774855941652,70,41
tfidf_df2_C1.0_none,Fees or interest,24,the fee,0.8523510310782939,37,27
tfidf_df2_C1.0_none,Fees or interest,25,{ $,0.8517562405911717,1143,196
tfidf_df2_C1.0_none,Getting a credit card,1,application,2.4834682044819565,149,73
tfidf_df2_C1.0_none,Getting a credit card,2,applied for,1.9052624643853642,148,71
tfidf_df2_C1.0_none,Getting a credit card,3,opened,1.8517262013263929,280,77
tfidf_df2_C1.0_none,Getting a credit card,4,my name,1.7176912600753642,150,65
tfidf_df2_C1.0_none,Getting a credit card,5,applied,1.600615086575963,255,77
tfidf_df2_C1.0_none,Getting a credit card,6,name,1.4998633022933179,277,80
tfidf_df2_C1.0_none,Getting a credit card,7,report,1.4764001423613444,434,107
tfidf_df2_C1.0_none,Getting a credit card,8,open,1.3648876291903607,199,55
tfidf_df2_C1.0_none,Getting a credit card,9,credit,1.2769533531230814,1721,241
tfidf_df2_C1.0_none,Getting a credit card,10,credit report,1.232612612125594,232,75
tfidf_df2_C1.0_none,Getting a credit card,11,name .,1.1937759334828242,49,29
tfidf_df2_C1.0_none,Getting a credit card,12,knowledge,1.1661655249670653,82,27
tfidf_df2_C1.0_none,Getting a credit card,13,a credit,1.1424832804510954,293,67
tfidf_df2_C1.0_none,Getting a credit card,14,denial,1.1382646934400302,72,34
tfidf_df2_C1.0_none,Getting a credit card,15,inquiries,1.0592249556769524,33,18
tfidf_df2_C1.0_none,Getting a credit card,16,without my,1.0591796991643518,109,35
tfidf_df2_C1.0_none,Getting a credit card,17,denied,0.9868635236152044,243,56
tfidf_df2_C1.0_none,Getting a credit card,18,for a,0.9631301592552733,494,76
tfidf_df2_C1.0_none,Getting a credit card,19,inquiry,0.9236033981327921,60,25
tfidf_df2_C1.0_none,Getting a credit card,20,to open,0.9092553259037018,55,24
tfidf_df2_C1.0_none,Getting a credit card,21,identity,0.9054033540227887,123,44
tfidf_df2_C1.0_none,Getting a credit card,22,apply,0.8950049111760381,128,36
tfidf_df2_C1.0_none,Getting a credit card,23,my application,0.8784192322994562,54,32
tfidf_df2_C1.0_none,Getting a credit card,24,applications,0.8695860006956276,29,21
tfidf_df2_C1.0_none,Getting a credit card,25,the application,0.8497368755541125,55,28
tfidf_df2_C1.0_none,Incorrect information on your report,1,report,1.5974598795393917,434,49
tfidf_df2_C1.0_none,Incorrect information on your report,2,credit report,1.312515782599403,232,37
tfidf_df2_C1.0_none,Incorrect information on your report,3,reported,1.0204460272621645,218,28
tfidf_df2_C1.0_none,Incorrect information on your report,4,on my,0.9990913363904347,728,47
tfidf_df2_C1.0_none,Incorrect information on your report,5,1099,0.9934463108318208,34,12
tfidf_df2_C1.0_none,Incorrect information on your report,6,off,0.9585263832100402,387,31
tfidf_df2_C1.0_none,Incorrect information on your report,7,my credit,0.8738878120225659,825,59
tfidf_df2_C1.0_none,Incorrect information on your report,8,removed,0.7716952690959504,185,23
tfidf_df2_C1.0_none,Incorrect information on your report,9,c,0.7697916023227293,105,16
tfidf_df2_C1.0_none,Incorrect information on your report,10,1099 c,0.7540687700973421,19,8
tfidf_df2_C1.0_none,Incorrect information on your report,11,this account,0.7406029911601257,167,18
tfidf_df2_C1.0_none,Incorrect information on your report,12,company wrote,0.7363858339582029,5,5
tfidf_df2_C1.0_none,Incorrect information on your report,13,reporting,0.701048242621808,165,22
tfidf_df2_C1.0_none,Incorrect information on your report,14,a tax,0.6579425229730316,7,5
tfidf_df2_C1.0_none,Incorrect information on your report,15,report .,0.6350127252683063,120,18
tfidf_df2_C1.0_none,Incorrect information on your report,16,accounts,0.6259789611037371,283,22
tfidf_df2_C1.0_none,Incorrect information on your report,17,late,0.6171877817563712,374,20
tfidf_df2_C1.0_none,Incorrect information on your report,18,identity theft,0.614478657006085,69,10
tfidf_df2_C1.0_none,Incorrect information on your report,19,under oath,0.6121365190362812,9,9
tfidf_df2_C1.0_none,Incorrect information on your report,20,listed,0.6111852850078888,107,16
tfidf_df2_C1.0_none,Incorrect information on your report,21,break .,0.6069919792504481,4,4
tfidf_df2_C1.0_none,Incorrect information on your report,22,tax break,0.6069919792504481,4,4
tfidf_df2_C1.0_none,Incorrect information on your report,23,oath,0.6006362790390324,10,9
tfidf_df2_C1.0_none,Incorrect information on your report,24,theft .,0.5947978974211816,35,7
tfidf_df2_C1.0_none,Incorrect information on your report,25,late payment,0.5875743060223997,77,10
tfidf_df2_C1.0_none,"Other features, terms, or problems",1,rewards,2.012063505231544,93,49
tfidf_df2_C1.0_none,"Other features, terms, or problems",2,points,1.4168523986781405,112,41
tfidf_df2_C1.0_none,"Other features, terms, or problems",3,check,0.9074095256603474,179,46
tfidf_df2_C1.0_none,"Other features, terms, or problems",4,transfer,0.8491442180042689,107,27
tfidf_df2_C1.0_none,"Other features, terms, or problems",5,issue,0.829754308744996,498,91
tfidf_df2_C1.0_none,"Other features, terms, or problems",6,reward,0.8122370408495853,25,18
tfidf_df2_C1.0_none,"Other features, terms, or problems",7,the rewards,0.7431313425587176,19,18
tfidf_df2_C1.0_none,"Other features, terms, or problems",8,cash,0.6793574210756502,120,32
tfidf_df2_C1.0_none,"Other features, terms, or problems",9,my rewards,0.6778264445852858,21,16
tfidf_df2_C1.0_none,"Other features, terms, or problems",10,rewards .,0.6635540291598875,18,15
tfidf_df2_C1.0_none,"Other features, terms, or problems",11,pnc,0.6565196919003186,10,5
tfidf_df2_C1.0_none,"Other features, terms, or problems",12,to my,0.6268478866368098,543,90
tfidf_df2_C1.0_none,"Other features, terms, or problems",13,xxxx points,0.6215223798952698,56,19
tfidf_df2_C1.0_none,"Other features, terms, or problems",14,bonus,0.6189393385696618,56,19
tfidf_df2_C1.0_none,"Other features, terms, or problems",15,problem,0.6015765871562438,143,34
tfidf_df2_C1.0_none,"Other features, terms, or problems",16,the issue,0.5754809628912603,200,45
tfidf_df2_C1.0_none,"Other features, terms, or problems",17,balance transfer,0.5568109225460062,47,15
tfidf_df2_C1.0_none,"Other features, terms, or problems",18,issue .,0.5489407052270224,141,34
tfidf_df2_C1.0_none,"Other features, terms, or problems",19,three,0.5412939983380545,112,27
tfidf_df2_C1.0_none,"Other features, terms, or problems",20,cash back,0.5129686609025325,23,11
tfidf_df2_C1.0_none,"Other features, terms, or problems",21,$ 250.00,0.5074664921624232,26,11
tfidf_df2_C1.0_none,"Other features, terms, or problems",22,250.00,0.5074664921624232,26,11
tfidf_df2_C1.0_none,"Other features, terms, or problems",23,250.00 },0.5074664921624232,26,11
tfidf_df2_C1.0_none,"Other features, terms, or problems",24,i have,0.5070924720673236,1123,160
tfidf_df2_C1.0_none,"Other features, terms, or problems",25,to redeem,0.506642716390403,13,11
tfidf_df2_C1.0_none,Problem when making payments,1,payment,3.189790612930463,682,134
tfidf_df2_C1.0_none,Problem when making payments,2,payments,1.9605926994575216,440,91
tfidf_df2_C1.0_none,Problem when making payments,3,a payment,1.5239196971217537,226,60
tfidf_df2_C1.0_none,Problem when making payments,4,the payment,1.2415459334428114,210,57
tfidf_df2_C1.0_none,Problem when making payments,5,to make,1.135521909525283,258,52
tfidf_df2_C1.0_none,Problem when making payments,6,pay,1.1227377136968615,551,75
tfidf_df2_C1.0_none,Problem when making payments,7,make,1.1142732139223188,434,67
tfidf_df2_C1.0_none,Problem when making payments,8,my payment,1.0968939115942453,117,42
tfidf_df2_C1.0_none,Problem when making payments,9,to pay,0.9472403037241629,355,56
tfidf_df2_C1.0_none,Problem when making payments,10,late,0.9458330807705333,374,60
tfidf_df2_C1.0_none,Problem when making payments,11,payment on,0.8466048927658405,91,29
tfidf_df2_C1.0_none,Problem when making payments,12,my bank,0.8459540183968748,140,30
tfidf_df2_C1.0_none,Problem when making payments,13,account,0.8243739590411788,1367,135
tfidf_df2_C1.0_none,Problem when making payments,14,bank,0.8092778446005294,800,84
tfidf_df2_C1.0_none,Problem when making payments,15,make a,0.7870736761008731,99,27
tfidf_df2_C1.0_none,Problem when making payments,16,payment .,0.7787004871879498,162,41
tfidf_df2_C1.0_none,Problem when making payments,17,auto,0.7729003649387133,55,19
tfidf_df2_C1.0_none,Problem when making payments,18,online,0.7637720468989208,261,38
tfidf_df2_C1.0_none,Problem when making payments,19,bank account,0.7324284542888944,82,22
tfidf_df2_C1.0_none,Problem when making payments,20,due,0.7308750105808453,582,77
tfidf_df2_C1.0_none,Problem when making payments,21,my account,0.7280961220299093,699,78
tfidf_df2_C1.0_none,Problem when making payments,22,set,0.7238105031966553,116,28
tfidf_df2_C1.0_none,Problem when making payments,23,check,0.6661451827192011,179,27
tfidf_df2_C1.0_none,Problem when making payments,24,set up,0.6569687954750778,59,19
tfidf_df2_C1.0_none,Problem when making payments,25,autopay,0.6503429474765466,39,12
tfidf_df2_C1.0_none,Problem with a company's investigation into an existing problem,1,1666 b,0.5804196132753743,9,5
tfidf_df2_C1.0_none,Problem with a company's investigation into an existing problem,2,reporting,0.5488877953424498,165,15
tfidf_df2_C1.0_none,Problem with a company's investigation into an existing problem,3,usc 1666,0.527370100846772,16,5
tfidf_df2_C1.0_none,Problem with a company's investigation into an existing problem,4,late,0.48778056587310864,374,17
tfidf_df2_C1.0_none,Problem with a company's investigation into an existing problem,5,1666,0.4753837024659686,24,5
tfidf_df2_C1.0_none,Problem with a company's investigation into an existing problem,6,as late,0.4747341308160395,17,5
tfidf_df2_C1.0_none,Problem with a company's investigation into an existing problem,7,always pay,0.4472033996472339,17,4
tfidf_df2_C1.0_none,Problem with a company's investigation into an existing problem,8,b,0.44557831498154976,62,7
tfidf_df2_C1.0_none,Problem with a company's investigation into an existing problem,9,understand,0.42692053155426407,126,8
tfidf_df2_C1.0_none,Problem with a company's investigation into an existing problem,10,account should,0.4213131556667534,10,4
tfidf_df2_C1.0_none,Problem with a company's investigation into an existing problem,11,be fixed,0.4187661088800853,4,3
tfidf_df2_C1.0_none,Problem with a company's investigation into an existing problem,12,my report,0.41802404965048084,25,4
tfidf_df2_C1.0_none,Problem with a company's investigation into an existing problem,13,"fixed ,",0.416883694088315,4,3
tfidf_df2_C1.0_none,Problem with a company's investigation into an existing problem,14,law,0.41090595284272813,114,10
tfidf_df2_C1.0_none,Problem with a company's investigation into an existing problem,15,debt,0.40367424779807903,141,10
tfidf_df2_C1.0_none,Problem with a company's investigation into an existing problem,16,late payment,0.39891318708951645,77,9
tfidf_df2_C1.0_none,Problem with a company's investigation into an existing problem,17,usc,0.3949600533605251,42,5
tfidf_df2_C1.0_none,Problem with a company's investigation into an existing problem,18,the debt,0.38124182907893267,55,8
tfidf_df2_C1.0_none,Problem with a company's investigation into an existing problem,19,wrote to,0.3792813850776029,8,6
tfidf_df2_C1.0_none,Problem with a company's investigation into an existing problem,20,i always,0.37509703258060795,34,4
tfidf_df2_C1.0_none,Problem with a company's investigation into an existing problem,21,report,0.3688295257275344,434,14
tfidf_df2_C1.0_none,Problem with a company's investigation into an existing problem,22,information,0.3647081591364106,612,19
tfidf_df2_C1.0_none,Problem with a company's investigation into an existing problem,23,30 days,0.34900170944180386,60,8
tfidf_df2_C1.0_none,Problem with a company's investigation into an existing problem,24,a consumer,0.3412974511261473,62,6
tfidf_df2_C1.0_none,Problem with a company's investigation into an existing problem,25,my letter,0.3408628033644839,14,5
tfidf_df2_C1.0_none,Problem with a purchase shown on your statement,1,dispute,3.6336897335823193,475,348
tfidf_df2_C1.0_none,Problem with a purchase shown on your statement,2,charges,2.869333820731335,447,244
tfidf_df2_C1.0_none,Problem with a purchase shown on your statement,3,charge,2.451990232597662,552,288
tfidf_df2_C1.0_none,Problem with a purchase shown on your statement,4,merchant,2.1792517168891847,174,152
tfidf_df2_C1.0_none,Problem with a purchase shown on your statement,5,the merchant,1.8643871645353414,142,132
tfidf_df2_C1.0_none,Problem with a purchase shown on your statement,6,refund,1.8036360388187747,292,188
tfidf_df2_C1.0_none,Problem with a purchase shown on your statement,7,fraudulent,1.6934401684266245,297,167
tfidf_df2_C1.0_none,Problem with a purchase shown on your statement,8,the dispute,1.5887207676924446,166,149
tfidf_df2_C1.0_none,Problem with a purchase shown on your statement,9,the charge,1.5467311901811907,182,141
tfidf_df2_C1.0_none,Problem with a purchase shown on your statement,10,disputed,1.4725395193781374,178,136
tfidf_df2_C1.0_none,Problem with a purchase shown on your statement,11,the charges,1.446931236837265,133,106
tfidf_df2_C1.0_none,Problem with a purchase shown on your statement,12,transaction,1.3990237257510687,271,158
tfidf_df2_C1.0_none,Problem with a purchase shown on your statement,13,fraudulent charges,1.2602542963774628,74,66
tfidf_df2_C1.0_none,Problem with a purchase shown on your statement,14,fraud,1.257362737448634,405,190
tfidf_df2_C1.0_none,Problem with a purchase shown on your statement,15,my dispute,1.2472035936448638,109,99
tfidf_df2_C1.0_none,Problem with a purchase shown on your statement,16,unauthorized,1.2440610384313173,128,88
tfidf_df2_C1.0_none,Problem with a purchase shown on your statement,17,from xxxx,1.2378331668775244,296,175
tfidf_df2_C1.0_none,Problem with a purchase shown on your statement,18,were,1.2258704952317419,670,281
tfidf_df2_C1.0_none,Problem with a purchase shown on your statement,19,a refund,1.207892176577633,138,103
tfidf_df2_C1.0_none,Problem with a purchase shown on your statement,20,transactions,1.20056963883274,200,106
tfidf_df2_C1.0_none,Problem with a purchase shown on your statement,21,claim,1.1622497881881952,270,153
tfidf_df2_C1.0_none,Problem with a purchase shown on your statement,22,a dispute,1.1613017862735486,160,125
tfidf_df2_C1.0_none,Problem with a purchase shown on your statement,23,evidence,1.1421305246336293,145,105
tfidf_df2_C1.0_none,Problem with a purchase shown on your statement,24,xxxx xxxx,1.1198621577099148,1216,439
tfidf_df2_C1.0_none,Problem with a purchase shown on your statement,25,charges .,1.1115820915060648,136,90
tfidf_df2_C1.0_none,Struggling to pay your bill,1,hardship,1.1339810991914054,53,14
tfidf_df2_C1.0_none,Struggling to pay your bill,2,settlement,0.6542824313302662,17,6
tfidf_df2_C1.0_none,Struggling to pay your bill,3,financial,0.6398269331095967,268,15
tfidf_df2_C1.0_none,Struggling to pay your bill,4,financial hardship,0.6193072526634418,25,8
tfidf_df2_C1.0_none,Struggling to pay your bill,5,plan,0.5491744883779153,54,8
tfidf_df2_C1.0_none,Struggling to pay your bill,6,payment plan,0.5336319769889332,15,7
tfidf_df2_C1.0_none,Struggling to pay your bill,7,to negotiate,0.5239429680859045,6,5
tfidf_df2_C1.0_none,Struggling to pay your bill,8,negotiate,0.5114069267451951,7,5
tfidf_df2_C1.0_none,Struggling to pay your bill,9,declared disaster,0.5031653864577423,2,2
tfidf_df2_C1.0_none,Struggling to pay your bill,10,disaster,0.4726568655653512,9,3
tfidf_df2_C1.0_none,Struggling to pay your bill,11,debt,0.4506624382621675,141,11
tfidf_df2_C1.0_none,Struggling to pay your bill,12,declared,0.43406778305339777,7,2
tfidf_df2_C1.0_none,Struggling to pay your bill,13,calls,0.433560028854574,141,8
tfidf_df2_C1.0_none,Struggling to pay your bill,14,payments,0.4243694563323809,440,17
tfidf_df2_C1.0_none,Struggling to pay your bill,15,a victim,0.4133271594440326,32,2
tfidf_df2_C1.0_none,Struggling to pay your bill,16,assistance,0.4074058600355721,146,9
tfidf_df2_C1.0_none,Struggling to pay your bill,17,hardship program,0.40703868771717777,9,5
tfidf_df2_C1.0_none,Struggling to pay your bill,18,due to,0.40650921824189923,360,13
tfidf_df2_C1.0_none,Struggling to pay your bill,19,manageable,0.4060026792989189,6,6
tfidf_df2_C1.0_none,Struggling to pay your bill,20,job,0.40187200905852005,37,6
tfidf_df2_C1.0_none,Struggling to pay your bill,21,work,0.40010320447092546,128,11
tfidf_df2_C1.0_none,Struggling to pay your bill,22,a settlement,0.39387871755038273,9,5
tfidf_df2_C1.0_none,Struggling to pay your bill,23,very high,0.39339230679901943,3,2
tfidf_df2_C1.0_none,Struggling to pay your bill,24,continental,0.3923058689068209,3,2
tfidf_df2_C1.0_none,Struggling to pay your bill,25,to make,0.3790912959310658,258,14
tfidf_df2_C1.0_none,Trouble using your card,1,limit,1.6785711713565112,163,35
tfidf_df2_C1.0_none,Trouble using your card,2,credit limit,1.3612200945030535,101,28
tfidf_df2_C1.0_none,Trouble using your card,3,use,0.9352182098077273,329,42
tfidf_df2_C1.0_none,Trouble using your card,4,blocked,0.9124633460116705,48,13
tfidf_df2_C1.0_none,Trouble using your card,5,card,0.8708829119282003,1627,95
tfidf_df2_C1.0_none,Trouble using your card,6,declined,0.80062319839018,106,20
tfidf_df2_C1.0_none,Trouble using your card,7,my card,0.7592367074013664,265,29
tfidf_df2_C1.0_none,Trouble using your card,8,locked,0.7541662848563361,47,13
tfidf_df2_C1.0_none,Trouble using your card,9,to use,0.6851500787963992,143,24
tfidf_df2_C1.0_none,Trouble using your card,10,my credit,0.6667091039209485,825,55
tfidf_df2_C1.0_none,Trouble using your card,11,limit .,0.6000736927058662,46,15
tfidf_df2_C1.0_none,Trouble using your card,12,the card,0.5929721527028229,416,36
tfidf_df2_C1.0_none,Trouble using your card,13,use my,0.5731790321226911,63,16
tfidf_df2_C1.0_none,Trouble using your card,14,available,0.5570198643878739,162,18
tfidf_df2_C1.0_none,Trouble using your card,15,!,0.5374276976096919,203,18
tfidf_df2_C1.0_none,Trouble using your card,16,to clear,0.5222695861519093,15,5
tfidf_df2_C1.0_none,Trouble using your card,17,restricted,0.5137605388242403,25,6
tfidf_df2_C1.0_none,Trouble using your card,18,credit card,0.48274590927713035,1129,62
tfidf_df2_C1.0_none,Trouble using your card,19,license,0.47747242690449904,41,10
tfidf_df2_C1.0_none,Trouble using your card,20,verify my,0.477437434604436,37,12
tfidf_df2_C1.0_none,Trouble using your card,21,verify,0.47362051249485604,113,16
tfidf_df2_C1.0_none,Trouble using your card,22,bank,0.46421604110633513,800,53
tfidf_df2_C1.0_none,Trouble using your card,23,reduced,0.4639129175358544,36,11
tfidf_df2_C1.0_none,Trouble using your card,24,card is,0.4635782898755934,70,12
tfidf_df2_C1.0_none,Trouble using your card,25,they lowered,0.4598203822731288,5,3
tfidf_df2_C1.0_balanced,"Advertising and marketing, including promotional offers",1,offer,2.8493474876255664,158,57
tfidf_df2_C1.0_balanced,"Advertising and marketing, including promotional offers",2,promotion,2.0293423033241673,69,36
tfidf_df2_C1.0_balanced,"Advertising and marketing, including promotional offers",3,bonus,1.7243203100240951,56,27
tfidf_df2_C1.0_balanced,"Advertising and marketing, including promotional offers",4,promotional,1.6007338311049502,75,30
tfidf_df2_C1.0_balanced,"Advertising and marketing, including promotional offers",5,misleading,1.2354180995533415,68,25
tfidf_df2_C1.0_balanced,"Advertising and marketing, including promotional offers",6,advertised,1.1704471315937035,48,17
tfidf_df2_C1.0_balanced,"Advertising and marketing, including promotional offers",7,approved,1.1669384988895883,132,25
tfidf_df2_C1.0_balanced,"Advertising and marketing, including promotional offers",8,the offer,1.105383493411086,42,22
tfidf_df2_C1.0_balanced,"Advertising and marketing, including promotional offers",9,offer .,1.0821909297227987,40,25
tfidf_df2_C1.0_balanced,"Advertising and marketing, including promotional offers",10,terms,1.0545627787019085,142,28
tfidf_df2_C1.0_balanced,"Advertising and marketing, including promotional offers",11,up,1.0164261164853168,544,53
tfidf_df2_C1.0_balanced,"Advertising and marketing, including promotional offers",12,spend,1.0098521803854725,53,22
tfidf_df2_C1.0_balanced,"Advertising and marketing, including promotional offers",13,%,0.969172985181409,173,25
tfidf_df2_C1.0_balanced,"Advertising and marketing, including promotional offers",14,advertising,0.9582643581379404,28,15
tfidf_df2_C1.0_balanced,"Advertising and marketing, including promotional offers",15,0,0.9417879347544678,50,14
tfidf_df2_C1.0_balanced,"Advertising and marketing, including promotional offers",16,0 %,0.927004160041731,48,13
tfidf_df2_C1.0_balanced,"Advertising and marketing, including promotional offers",17,the promotion,0.8775954091668904,35,18
tfidf_df2_C1.0_balanced,"Advertising and marketing, including promotional offers",18,up for,0.8751767901818266,64,19
tfidf_df2_C1.0_balanced,"Advertising and marketing, including promotional offers",19,signed up,0.8604886869115734,43,16
tfidf_df2_C1.0_balanced,"Advertising and marketing, including promotional offers",20,promotional offer,0.8372265676207465,25,17
tfidf_df2_C1.0_balanced,"Advertising and marketing, including promotional offers",21,spending,0.8337015498547998,66,21
tfidf_df2_C1.0_balanced,"Advertising and marketing, including promotional offers",22,first,0.8192040688308665,336,42
tfidf_df2_C1.0_balanced,"Advertising and marketing, including promotional offers",23,the first,0.8050415642480362,173,30
tfidf_df2_C1.0_balanced,"Advertising and marketing, including promotional offers",24,spend {,0.7987172681657932,17,13
tfidf_df2_C1.0_balanced,"Advertising and marketing, including promotional offers",25,receive,0.7913241555960083,311,37
tfidf_df2_C1.0_balanced,Closing your account,1,closed,3.804601834850818,499,154
tfidf_df2_C1.0_balanced,Closing your account,2,closed my,1.9646368470529103,122,59
tfidf_df2_C1.0_balanced,Closing your account,3,close,1.8202872263912937,226,68
tfidf_df2_C1.0_balanced,Closing your account,4,account,1.7929468772505195,1367,183
tfidf_df2_C1.0_balanced,Closing your account,5,to close,1.52012117069849,111,46
tfidf_df2_C1.0_balanced,Closing your account,6,my account,1.4716185907987684,699,114
tfidf_df2_C1.0_balanced,Closing your account,7,closure,1.4639166423287973,64,36
tfidf_df2_C1.0_balanced,Closing your account,8,was closed,1.2082174098865395,136,46
tfidf_df2_C1.0_balanced,Closing your account,9,account was,1.1961702791138389,233,63
tfidf_df2_C1.0_balanced,Closing your account,10,close my,1.0886341948356624,58,29
tfidf_df2_C1.0_balanced,Closing your account,11,reason,1.0481569203982615,238,54
tfidf_df2_C1.0_balanced,Closing your account,12,closed .,0.9940234862249828,106,39
tfidf_df2_C1.0_balanced,Closing your account,13,the account,0.9642796435048209,466,83
tfidf_df2_C1.0_balanced,Closing your account,14,reopen,0.8866407863822122,61,21
tfidf_df2_C1.0_balanced,Closing your account,15,account .,0.8004992538965667,498,71
tfidf_df2_C1.0_balanced,Closing your account,16,accounts,0.7788174081880481,283,50
tfidf_df2_C1.0_balanced,Closing your account,17,closing,0.752272508195026,82,30
tfidf_df2_C1.0_balanced,Closing your account,18,cards,0.7436839931266104,256,42
tfidf_df2_C1.0_balanced,Closing your account,19,card account,0.7436151941756153,158,32
tfidf_df2_C1.0_balanced,Closing your account,20,without,0.7095332666611737,416,63
tfidf_df2_C1.0_balanced,Closing your account,21,this account,0.6901012225818052,167,34
tfidf_df2_C1.0_balanced,Closing your account,22,account closure,0.6748156817810834,28,17
tfidf_df2_C1.0_balanced,Closing your account,23,my,0.6560276324106202,2134,198
tfidf_df2_C1.0_balanced,Closing your account,24,of my,0.6360960398625117,489,71
tfidf_df2_C1.0_balanced,Closing your account,25,reopen my,0.6267514441877923,22,13
tfidf_df2_C1.0_balanced,Fees or interest,1,interest,3.672381985560948,413,189
tfidf_df2_C1.0_balanced,Fees or interest,2,fee,2.9814132596325424,278,140
tfidf_df2_C1.0_balanced,Fees or interest,3,fees,2.480888654537496,290,132
tfidf_df2_C1.0_balanced,Fees or interest,4,charged,1.9573286955105833,483,155
tfidf_df2_C1.0_balanced,Fees or interest,5,late,1.7596615265076379,374,132
tfidf_df2_C1.0_balanced,Fees or interest,6,late fee,1.4348040712238517,107,65
tfidf_df2_C1.0_balanced,Fees or interest,7,the interest,1.36212444861671,96,60
tfidf_df2_C1.0_balanced,Fees or interest,8,late fees,1.2278035313466122,126,66
tfidf_df2_C1.0_balanced,Fees or interest,9,charge,1.1845524254625188,552,123
tfidf_df2_C1.0_balanced,Fees or interest,10,rate,1.1310658454816813,105,48
tfidf_df2_C1.0_balanced,Fees or interest,11,%,1.0489257733319106,173,61
tfidf_df2_C1.0_balanced,Fees or interest,12,balance,1.0181531681420841,542,139
tfidf_df2_C1.0_balanced,Fees or interest,13,fee .,1.0030856135046182,102,56
tfidf_df2_C1.0_balanced,Fees or interest,14,charging,0.95627432458532,113,49
tfidf_df2_C1.0_balanced,Fees or interest,15,interest charge,0.9521940521685761,51,38
tfidf_df2_C1.0_balanced,Fees or interest,16,paid,0.9353402864153973,530,138
tfidf_df2_C1.0_balanced,Fees or interest,17,interest .,0.9033060018291833,85,45
tfidf_df2_C1.0_balanced,Fees or interest,18,$,0.8971575020798861,1173,201
tfidf_df2_C1.0_balanced,Fees or interest,19,charges,0.8633518314822748,447,98
tfidf_df2_C1.0_balanced,Fees or interest,20,interest rate,0.8606269252413769,66,33
tfidf_df2_C1.0_balanced,Fees or interest,21,{ $,0.8577246979363323,1143,196
tfidf_df2_C1.0_balanced,Fees or interest,22,interest charges,0.8568248483525568,57,36
tfidf_df2_C1.0_balanced,Fees or interest,23,{,0.8489048748405413,1145,196
tfidf_df2_C1.0_balanced,Fees or interest,24,},0.8429895620466278,1147,196
tfidf_df2_C1.0_balanced,Fees or interest,25,month,0.8388088887964077,311,90
tfidf_df2_C1.0_balanced,Getting a credit card,1,application,2.198258737052713,149,73
tfidf_df2_C1.0_balanced,Getting a credit card,2,applied for,1.7550096147426026,148,71
tfidf_df2_C1.0_balanced,Getting a credit card,3,opened,1.650813663839524,280,77
tfidf_df2_C1.0_balanced,Getting a credit card,4,my name,1.56894678227865,150,65
tfidf_df2_C1.0_balanced,Getting a credit card,5,applied,1.4551918138451783,255,77
tfidf_df2_C1.0_balanced,Getting a credit card,6,name,1.400861198428431,277,80
tfidf_df2_C1.0_balanced,Getting a credit card,7,report,1.2626750016389077,434,107
tfidf_df2_C1.0_balanced,Getting a credit card,8,open,1.2340239789728713,199,55
tfidf_df2_C1.0_balanced,Getting a credit card,9,credit,1.1367148179424509,1721,241
tfidf_df2_C1.0_balanced,Getting a credit card,10,knowledge,1.1136192173558723,82,27
tfidf_df2_C1.0_balanced,Getting a credit card,11,name .,1.0874872504950843,49,29
tfidf_df2_C1.0_balanced,Getting a credit card,12,credit report,1.08550376001257,232,75
tfidf_df2_C1.0_balanced,Getting a credit card,13,a credit,1.0682772258507063,293,67
tfidf_df2_C1.0_balanced,Getting a credit card,14,without my,1.0545509945449525,109,35
tfidf_df2_C1.0_balanced,Getting a credit card,15,denial,1.0291839379123007,72,34
tfidf_df2_C1.0_balanced,Getting a credit card,16,inquiries,0.9647565718438108,33,18
tfidf_df2_C1.0_balanced,Getting a credit card,17,for a,0.9423881628419908,494,76
tfidf_df2_C1.0_balanced,Getting a credit card,18,denied,0.9076674774156417,243,56
tfidf_df2_C1.0_balanced,Getting a credit card,19,fraudulent,0.8422166385354103,297,52
tfidf_df2_C1.0_balanced,Getting a credit card,20,to open,0.8176452896456529,55,24
tfidf_df2_C1.0_balanced,Getting a credit card,21,apply,0.7924208648349838,128,36
tfidf_df2_C1.0_balanced,Getting a credit card,22,inquiry,0.7920510792809357,60,25
tfidf_df2_C1.0_balanced,Getting a credit card,23,i did,0.7838260643478862,489,64
tfidf_df2_C1.0_balanced,Getting a credit card,24,my application,0.7754407849939009,54,32
tfidf_df2_C1.0_balanced,Getting a credit card,25,identity,0.7708564451469266,123,44
tfidf_df2_C1.0_balanced,Incorrect information on your report,1,report,2.2358172190906966,434,49
tfidf_df2_C1.0_balanced,Incorrect information on your report,2,credit report,1.7897903327546194,232,37
tfidf_df2_C1.0_balanced,Incorrect information on your report,3,reported,1.597866245918993,218,28
tfidf_df2_C1.0_balanced,Incorrect information on your report,4,on my,1.5206976241966033,728,47
tfidf_df2_C1.0_balanced,Incorrect information on your report,5,off,1.3169569386477016,387,31
tfidf_df2_C1.0_balanced,Incorrect information on your report,6,my credit,1.1813914622456643,825,59
tfidf_df2_C1.0_balanced,Incorrect information on your report,7,1099,1.1602074822381163,34,12
tfidf_df2_C1.0_balanced,Incorrect information on your report,8,removed,1.038153343744821,185,23
tfidf_df2_C1.0_balanced,Incorrect information on your report,9,this account,1.0233189945573136,167,18
tfidf_df2_C1.0_balanced,Incorrect information on your report,10,late,0.9866680569483355,374,20
tfidf_df2_C1.0_balanced,Incorrect information on your report,11,company wrote,0.9273470825507758,5,5
tfidf_df2_C1.0_balanced,Incorrect information on your report,12,theft .,0.926649938524487,35,7
tfidf_df2_C1.0_balanced,Incorrect information on your report,13,was reported,0.9032741247279528,14,6
tfidf_df2_C1.0_balanced,Incorrect information on your report,14,reporting,0.8976728495962145,165,22
tfidf_df2_C1.0_balanced,Incorrect information on your report,15,late payment,0.8884288224132674,77,10
tfidf_df2_C1.0_balanced,Incorrect information on your report,16,c,0.8709802956679756,105,16
tfidf_df2_C1.0_balanced,Incorrect information on your report,17,listed,0.859551364641795,107,16
tfidf_df2_C1.0_balanced,Incorrect information on your report,18,account number,0.8477859654044604,96,11
tfidf_df2_C1.0_balanced,Incorrect information on your report,19,is,0.8449505035578021,1541,62
tfidf_df2_C1.0_balanced,Incorrect information on your report,20,identity theft,0.830961059143886,69,10
tfidf_df2_C1.0_balanced,Incorrect information on your report,21,negative,0.8230948835803593,75,9
tfidf_df2_C1.0_balanced,Incorrect information on your report,22,a tax,0.8226663256962172,7,5
tfidf_df2_C1.0_balanced,Incorrect information on your report,23,not me,0.8172013122727813,20,3
tfidf_df2_C1.0_balanced,Incorrect information on your report,24,report .,0.8166193173309965,120,18
tfidf_df2_C1.0_balanced,Incorrect information on your report,25,score,0.8148558990497647,190,16
tfidf_df2_C1.0_balanced,"Other features, terms, or problems",1,rewards,1.6917422833274736,93,49
tfidf_df2_C1.0_balanced,"Other features, terms, or problems",2,points,1.1469747357122106,112,41
tfidf_df2_C1.0_balanced,"Other features, terms, or problems",3,check,0.7876284632712675,179,46
tfidf_df2_C1.0_balanced,"Other features, terms, or problems",4,issue,0.7152986192572302,498,91
tfidf_df2_C1.0_balanced,"Other features, terms, or problems",5,transfer,0.6544194786437245,107,27
tfidf_df2_C1.0_balanced,"Other features, terms, or problems",6,reward,0.6497612657917319,25,18
tfidf_df2_C1.0_balanced,"Other features, terms, or problems",7,the rewards,0.6236800613250225,19,18
tfidf_df2_C1.0_balanced,"Other features, terms, or problems",8,cash,0.6121586674709443,120,32
tfidf_df2_C1.0_balanced,"Other features, terms, or problems",9,my rewards,0.5608105783381766,21,16
tfidf_df2_C1.0_balanced,"Other features, terms, or problems",10,rewards .,0.5544306886391446,18,15
tfidf_df2_C1.0_balanced,"Other features, terms, or problems",11,refund,0.5442169007198541,292,39
tfidf_df2_C1.0_balanced,"Other features, terms, or problems",12,problem,0.5167781998652237,143,34
tfidf_df2_C1.0_balanced,"Other features, terms, or problems",13,to my,0.5152455639202717,543,90
tfidf_df2_C1.0_balanced,"Other features, terms, or problems",14,pnc,0.5096218741834523,10,5
tfidf_df2_C1.0_balanced,"Other features, terms, or problems",15,xxxx points,0.5034562485000922,56,19
tfidf_df2_C1.0_balanced,"Other features, terms, or problems",16,i have,0.4847035256283374,1123,160
tfidf_df2_C1.0_balanced,"Other features, terms, or problems",17,the issue,0.46728220034949813,200,45
tfidf_df2_C1.0_balanced,"Other features, terms, or problems",18,issue .,0.4662434198247428,141,34
tfidf_df2_C1.0_balanced,"Other features, terms, or problems",19,bonus,0.4604595335918842,56,19
tfidf_df2_C1.0_balanced,"Other features, terms, or problems",20,the,0.4330166067667033,2225,305
tfidf_df2_C1.0_balanced,"Other features, terms, or problems",21,this issue,0.43105670110909117,170,37
tfidf_df2_C1.0_balanced,"Other features, terms, or problems",22,balance transfer,0.4267096175603702,47,15
tfidf_df2_C1.0_balanced,"Other features, terms, or problems",23,the problem,0.42443308052451134,70,20
tfidf_df2_C1.0_balanced,"Other features, terms, or problems",24,statement,0.4200000003264325,348,53
tfidf_df2_C1.0_balanced,"Other features, terms, or problems",25,to redeem,0.4133613359879779,13,11
tfidf_df2_C1.0_balanced,Problem when making payments,1,payment,3.4538030283046033,682,134
tfidf_df2_C1.0_balanced,Problem when making payments,2,payments,2.07609987229134,440,91
tfidf_df2_C1.0_balanced,Problem when making payments,3,a payment,1.7179287751857066,226,60
tfidf_df2_C1.0_balanced,Problem when making payments,4,the payment,1.376189161610136,210,57
tfidf_df2_C1.0_balanced,Problem when making payments,5,to make,1.1941735447822803,258,52
tfidf_df2_C1.0_balanced,Problem when making payments,6,make,1.1922785989691616,434,67
tfidf_df2_C1.0_balanced,Problem when making payments,7,my payment,1.1831508132571147,117,42
tfidf_df2_C1.0_balanced,Problem when making payments,8,pay,1.1332475750152893,551,75
tfidf_df2_C1.0_balanced,Problem when making payments,9,to pay,1.0417089098202896,355,56
tfidf_df2_C1.0_balanced,Problem when making payments,10,my bank,0.9978997864986241,140,30
tfidf_df2_C1.0_balanced,Problem when making payments,11,online,0.9548747347474406,261,38
tfidf_df2_C1.0_balanced,Problem when making payments,12,bank,0.931102571051773,800,84
tfidf_df2_C1.0_balanced,Problem when making payments,13,payment on,0.9288515459785108,91,29
tfidf_df2_C1.0_balanced,Problem when making payments,14,late,0.9234366380777751,374,60
tfidf_df2_C1.0_balanced,Problem when making payments,15,account,0.9068885944701057,1367,135
tfidf_df2_C1.0_balanced,Problem when making payments,16,auto,0.8863735081105599,55,19
tfidf_df2_C1.0_balanced,Problem when making payments,17,make a,0.8859436562459748,99,27
tfidf_df2_C1.0_balanced,Problem when making payments,18,bank account,0.8398604007903342,82,22
tfidf_df2_C1.0_balanced,Problem when making payments,19,check,0.8334465708579318,179,27
tfidf_df2_C1.0_balanced,Problem when making payments,20,my account,0.8206291268967795,699,78
tfidf_df2_C1.0_balanced,Problem when making payments,21,payment .,0.7940447683018017,162,41
tfidf_df2_C1.0_balanced,Problem when making payments,22,set,0.7864442250588952,116,28
tfidf_df2_C1.0_balanced,Problem when making payments,23,autopay,0.7777928090208,39,12
tfidf_df2_C1.0_balanced,Problem when making payments,24,due,0.7304669680518662,582,77
tfidf_df2_C1.0_balanced,Problem when making payments,25,late fees,0.7118904811101113,126,26
tfidf_df2_C1.0_balanced,Problem with a company's investigation into an existing problem,1,reporting,1.0853041774059908,165,15
tfidf_df2_C1.0_balanced,Problem with a company's investigation into an existing problem,2,1666 b,1.054808968422547,9,5
tfidf_df2_C1.0_balanced,Problem with a company's investigation into an existing problem,3,understand,1.0038975733112223,126,8
tfidf_df2_C1.0_balanced,Problem with a company's investigation into an existing problem,4,my report,0.9777183676233677,25,4
tfidf_df2_C1.0_balanced,Problem with a company's investigation into an existing problem,5,late,0.9640579001450342,374,17
tfidf_df2_C1.0_balanced,Problem with a company's investigation into an existing problem,6,usc 1666,0.9589923530237116,16,5
tfidf_df2_C1.0_balanced,Problem with a company's investigation into an existing problem,7,late payment,0.9164338921060429,77,9
tfidf_df2_C1.0_balanced,Problem with a company's investigation into an existing problem,8,as late,0.9019014401138129,17,5
tfidf_df2_C1.0_balanced,Problem with a company's investigation into an existing problem,9,information,0.8659226903048756,612,19
tfidf_df2_C1.0_balanced,Problem with a company's investigation into an existing problem,10,yet to,0.8529101478645414,37,3
tfidf_df2_C1.0_balanced,Problem with a company's investigation into an existing problem,11,1666,0.8315600061551415,24,5
tfidf_df2_C1.0_balanced,Problem with a company's investigation into an existing problem,12,target,0.8252233715450645,15,3
tfidf_df2_C1.0_balanced,Problem with a company's investigation into an existing problem,13,the documents,0.8085972256506238,35,2
tfidf_df2_C1.0_balanced,Problem with a company's investigation into an existing problem,14,the debt,0.7977860860312548,55,8
tfidf_df2_C1.0_balanced,Problem with a company's investigation into an existing problem,15,always pay,0.7818572710203854,17,4
tfidf_df2_C1.0_balanced,Problem with a company's investigation into an existing problem,16,account should,0.7716538516793301,10,4
tfidf_df2_C1.0_balanced,Problem with a company's investigation into an existing problem,17,a consumer,0.7683877050659691,62,6
tfidf_df2_C1.0_balanced,Problem with a company's investigation into an existing problem,18,report,0.7610140116910931,434,14
tfidf_df2_C1.0_balanced,Problem with a company's investigation into an existing problem,19,my letter,0.7549821631351386,14,5
tfidf_df2_C1.0_balanced,Problem with a company's investigation into an existing problem,20,b,0.748868407579482,62,7
tfidf_df2_C1.0_balanced,Problem with a company's investigation into an existing problem,21,debt,0.7448718375924244,141,10
tfidf_df2_C1.0_balanced,Problem with a company's investigation into an existing problem,22,is yet,0.7445077029357906,2,1
tfidf_df2_C1.0_balanced,Problem with a company's investigation into an existing problem,23,. certified,0.7408426124184447,2,1
tfidf_df2_C1.0_balanced,Problem with a company's investigation into an existing problem,24,delinquency,0.7322919794784768,14,4
tfidf_df2_C1.0_balanced,Problem with a company's investigation into an existing problem,25,be fixed,0.7225241503185118,4,3
tfidf_df2_C1.0_balanced,Problem with a purchase shown on your statement,1,dispute,2.6046803226522752,475,348
tfidf_df2_C1.0_balanced,Problem with a purchase shown on your statement,2,charges,1.9414909683729913,447,244
tfidf_df2_C1.0_balanced,Problem with a purchase shown on your statement,3,charge,1.6570015111575833,552,288
tfidf_df2_C1.0_balanced,Problem with a purchase shown on your statement,4,merchant,1.642680294331276,174,152
tfidf_df2_C1.0_balanced,Problem with a purchase shown on your statement,5,the merchant,1.4053694398904188,142,132
tfidf_df2_C1.0_balanced,Problem with a purchase shown on your statement,6,refund,1.3571979680686852,292,188
tfidf_df2_C1.0_balanced,Problem with a purchase shown on your statement,7,the dispute,1.168975778968353,166,149
tfidf_df2_C1.0_balanced,Problem with a purchase shown on your statement,8,fraudulent,1.1598024162466312,297,167
tfidf_df2_C1.0_balanced,Problem with a purchase shown on your statement,9,the charge,1.0740479327168917,182,141
tfidf_df2_C1.0_balanced,Problem with a purchase shown on your statement,10,transaction,1.003647368212791,271,158
tfidf_df2_C1.0_balanced,Problem with a purchase shown on your statement,11,the charges,0.997576886265798,133,106
tfidf_df2_C1.0_balanced,Problem with a purchase shown on your statement,12,disputed,0.9633959429946484,178,136
tfidf_df2_C1.0_balanced,Problem with a purchase shown on your statement,13,were,0.9217151712710537,670,281
tfidf_df2_C1.0_balanced,Problem with a purchase shown on your statement,14,from xxxx,0.9192066495707718,296,175
tfidf_df2_C1.0_balanced,Problem with a purchase shown on your statement,15,xxxx xxxx,0.8944396788772071,1216,439
tfidf_df2_C1.0_balanced,Problem with a purchase shown on your statement,16,claim,0.8893799081280265,270,153
tfidf_df2_C1.0_balanced,Problem with a purchase shown on your statement,17,fraud,0.8793492586324901,405,190
tfidf_df2_C1.0_balanced,Problem with a purchase shown on your statement,18,my dispute,0.8791039028164339,109,99
tfidf_df2_C1.0_balanced,Problem with a purchase shown on your statement,19,evidence,0.858762562206936,145,105
tfidf_df2_C1.0_balanced,Problem with a purchase shown on your statement,20,a dispute,0.8553121496598421,160,125
tfidf_df2_C1.0_balanced,Problem with a purchase shown on your statement,21,a refund,0.831768142423756,138,103
tfidf_df2_C1.0_balanced,Problem with a purchase shown on your statement,22,transactions,0.8273777070482308,200,106
tfidf_df2_C1.0_balanced,Problem with a purchase shown on your statement,23,provided,0.8256553122915662,416,206
tfidf_df2_C1.0_balanced,Problem with a purchase shown on your statement,24,unauthorized,0.8104129943293387,128,88
tfidf_df2_C1.0_balanced,Problem with a purchase shown on your statement,25,fraudulent charges,0.8099899855824985,74,66
tfidf_df2_C1.0_balanced,Struggling to pay your bill,1,hardship,2.627587766743453,53,14
tfidf_df2_C1.0_balanced,Struggling to pay your bill,2,settlement,1.4536475393373822,17,6
tfidf_df2_C1.0_balanced,Struggling to pay your bill,3,financial,1.3744987348772708,268,15
tfidf_df2_C1.0_balanced,Struggling to pay your bill,4,financial hardship,1.3629334459102647,25,8
tfidf_df2_C1.0_balanced,Struggling to pay your bill,5,plan,1.2124845999068532,54,8
tfidf_df2_C1.0_balanced,Struggling to pay your bill,6,to negotiate,1.1953216561711775,6,5
tfidf_df2_C1.0_balanced,Struggling to pay your bill,7,payment plan,1.1866527443368677,15,7
tfidf_df2_C1.0_balanced,Struggling to pay your bill,8,negotiate,1.1656498965662332,7,5
tfidf_df2_C1.0_balanced,Struggling to pay your bill,9,declared disaster,1.1611544987291091,2,2
tfidf_df2_C1.0_balanced,Struggling to pay your bill,10,disaster,1.120885427304328,9,3
tfidf_df2_C1.0_balanced,Struggling to pay your bill,11,very high,1.0979625542219604,3,2
tfidf_df2_C1.0_balanced,Struggling to pay your bill,12,calls,1.0932550050196546,141,8
tfidf_df2_C1.0_balanced,Struggling to pay your bill,13,don't,1.0305414403882491,159,8
tfidf_df2_C1.0_balanced,Struggling to pay your bill,14,debt,1.027473389499287,141,11
tfidf_df2_C1.0_balanced,Struggling to pay your bill,15,job,1.0099698146423297,37,6
tfidf_df2_C1.0_balanced,Struggling to pay your bill,16,declared,1.0044323605257772,7,2
tfidf_df2_C1.0_balanced,Struggling to pay your bill,17,hardship and,0.9827878670802708,13,3
tfidf_df2_C1.0_balanced,Struggling to pay your bill,18,continental,0.9717926237587833,3,2
tfidf_df2_C1.0_balanced,Struggling to pay your bill,19,i don't,0.9708077041956509,102,8
tfidf_df2_C1.0_balanced,Struggling to pay your bill,20,hardship program,0.9664708005703625,9,5
tfidf_df2_C1.0_balanced,Struggling to pay your bill,21,a victim,0.9429351918703784,32,2
tfidf_df2_C1.0_balanced,Struggling to pay your bill,22,work,0.929089244798803,128,11
tfidf_df2_C1.0_balanced,Struggling to pay your bill,23,afford,0.9200566402698407,26,6
tfidf_df2_C1.0_balanced,Struggling to pay your bill,24,a settlement,0.9071246734270302,9,5
tfidf_df2_C1.0_balanced,Struggling to pay your bill,25,a job,0.898343330060109,7,3
tfidf_df2_C1.0_balanced,Trouble using your card,1,limit,2.2752438133004724,163,35
tfidf_df2_C1.0_balanced,Trouble using your card,2,credit limit,1.8645917797426306,101,28
tfidf_df2_C1.0_balanced,Trouble using your card,3,blocked,1.3271080209200372,48,13
tfidf_df2_C1.0_balanced,Trouble using your card,4,card,1.2912029980734836,1627,95
tfidf_df2_C1.0_balanced,Trouble using your card,5,use,1.273786406911848,329,42
tfidf_df2_C1.0_balanced,Trouble using your card,6,declined,1.148841945355073,106,20
tfidf_df2_C1.0_balanced,Trouble using your card,7,my card,1.1193034292645891,265,29
tfidf_df2_C1.0_balanced,Trouble using your card,8,locked,1.0682523645039452,47,13
tfidf_df2_C1.0_balanced,Trouble using your card,9,to use,0.9205250183131027,143,24
tfidf_df2_C1.0_balanced,Trouble using your card,10,the card,0.8731885213409668,416,36
tfidf_df2_C1.0_balanced,Trouble using your card,11,limit .,0.8561256735375996,46,15
tfidf_df2_C1.0_balanced,Trouble using your card,12,my credit,0.8268656683544425,825,55
tfidf_df2_C1.0_balanced,Trouble using your card,13,use my,0.8061674857397486,63,16
tfidf_df2_C1.0_balanced,Trouble using your card,14,available,0.7812942778174494,162,18
tfidf_df2_C1.0_balanced,Trouble using your card,15,to clear,0.7720868387554749,15,5
tfidf_df2_C1.0_balanced,Trouble using your card,16,restricted,0.7719641848569707,25,6
tfidf_df2_C1.0_balanced,Trouble using your card,17,!,0.7531675521753947,203,18
tfidf_df2_C1.0_balanced,Trouble using your card,18,credit card,0.7276233019931443,1129,62
tfidf_df2_C1.0_balanced,Trouble using your card,19,verify my,0.6910573059879676,37,12
tfidf_df2_C1.0_balanced,Trouble using your card,20,verify,0.6735550234875871,113,16
tfidf_df2_C1.0_balanced,Trouble using your card,21,card is,0.6690600480515466,70,12
tfidf_df2_C1.0_balanced,Trouble using your card,22,license,0.6682699701774344,41,10
tfidf_df2_C1.0_balanced,Trouble using your card,23,bank,0.6641211785546643,800,53
tfidf_df2_C1.0_balanced,Trouble using your card,24,complaints,0.641313922553496,59,8
tfidf_df2_C1.0_balanced,Trouble using your card,25,reduced,0.6370703781955795,36,11
tfidf_df2_C4.0_none,"Advertising and marketing, including promotional offers",1,offer,4.144590196647026,158,57
tfidf_df2_C4.0_none,"Advertising and marketing, including promotional offers",2,promotion,3.137733600255859,69,36
tfidf_df2_C4.0_none,"Advertising and marketing, including promotional offers",3,promotional,2.476460357131397,75,30
tfidf_df2_C4.0_none,"Advertising and marketing, including promotional offers",4,bonus,2.3512772943949694,56,27
tfidf_df2_C4.0_none,"Advertising and marketing, including promotional offers",5,misleading,1.9826180559836866,68,25
tfidf_df2_C4.0_none,"Advertising and marketing, including promotional offers",6,advertised,1.9146784401306574,48,17
tfidf_df2_C4.0_none,"Advertising and marketing, including promotional offers",7,approved,1.7413188762146892,132,25
tfidf_df2_C4.0_none,"Advertising and marketing, including promotional offers",8,advertising,1.5984730484091554,28,15
tfidf_df2_C4.0_none,"Advertising and marketing, including promotional offers",9,terms,1.5562402952772487,142,28
tfidf_df2_C4.0_none,"Advertising and marketing, including promotional offers",10,offer .,1.5223964275844468,40,25
tfidf_df2_C4.0_none,"Advertising and marketing, including promotional offers",11,up,1.4997816557268888,544,53
tfidf_df2_C4.0_none,"Advertising and marketing, including promotional offers",12,spend,1.459241337295301,53,22
tfidf_df2_C4.0_none,"Advertising and marketing, including promotional offers",13,0,1.441767061057346,50,14
tfidf_df2_C4.0_none,"Advertising and marketing, including promotional offers",14,the offer,1.429335598536231,42,22
tfidf_df2_C4.0_none,"Advertising and marketing, including promotional offers",15,0 %,1.4119818112950133,48,13
tfidf_df2_C4.0_none,"Advertising and marketing, including promotional offers",16,%,1.3764351761579805,173,25
tfidf_df2_C4.0_none,"Advertising and marketing, including promotional offers",17,the promotion,1.3165621369567784,35,18
tfidf_df2_C4.0_none,"Advertising and marketing, including promotional offers",18,up for,1.2989280009634065,64,19
tfidf_df2_C4.0_none,"Advertising and marketing, including promotional offers",19,signed up,1.2961937344399042,43,16
tfidf_df2_C4.0_none,"Advertising and marketing, including promotional offers",20,spending,1.2637047306802383,66,21
tfidf_df2_C4.0_none,"Advertising and marketing, including promotional offers",21,promotional offer,1.2603526067734405,25,17
tfidf_df2_C4.0_none,"Advertising and marketing, including promotional offers",22,first,1.2362637893931359,336,42
tfidf_df2_C4.0_none,"Advertising and marketing, including promotional offers",23,if,1.221995938489805,663,60
tfidf_df2_C4.0_none,"Advertising and marketing, including promotional offers",24,spend {,1.2019119972980261,17,13
tfidf_df2_C4.0_none,"Advertising and marketing, including promotional offers",25,the first,1.1879495075436135,173,30
tfidf_df2_C4.0_none,Closing your account,1,closed,6.7066072661203116,499,154
tfidf_df2_C4.0_none,Closing your account,2,closed my,3.386852629500948,122,59
tfidf_df2_C4.0_none,Closing your account,3,close,3.3809233067143687,226,68
tfidf_df2_C4.0_none,Closing your account,4,account,3.1019755747461115,1367,183
tfidf_df2_C4.0_none,Closing your account,5,to close,2.8404669415773793,111,46
tfidf_df2_C4.0_none,Closing your account,6,closure,2.6804820826602667,64,36
tfidf_df2_C4.0_none,Closing your account,7,my account,2.524667658878889,699,114
tfidf_df2_C4.0_none,Closing your account,8,account was,2.128791601995331,233,63
tfidf_df2_C4.0_none,Closing your account,9,was closed,2.072695915206101,136,46
tfidf_df2_C4.0_none,Closing your account,10,close my,1.910959205005332,58,29
tfidf_df2_C4.0_none,Closing your account,11,reason,1.8492444729254063,238,54
tfidf_df2_C4.0_none,Closing your account,12,closed .,1.6552776326886782,106,39
tfidf_df2_C4.0_none,Closing your account,13,the account,1.586162501345375,466,83
tfidf_df2_C4.0_none,Closing your account,14,reopen,1.5214184307469245,61,21
tfidf_df2_C4.0_none,Closing your account,15,accounts,1.4580829770810153,283,50
tfidf_df2_C4.0_none,Closing your account,16,closing,1.4561149301975154,82,30
tfidf_df2_C4.0_none,Closing your account,17,account .,1.2965725040783482,498,71
tfidf_df2_C4.0_none,Closing your account,18,cards,1.2940667048443142,256,42
tfidf_df2_C4.0_none,Closing your account,19,this account,1.2702787748543023,167,34
tfidf_df2_C4.0_none,Closing your account,20,card account,1.2377723535655363,158,32
tfidf_df2_C4.0_none,Closing your account,21,account closure,1.2218233648165073,28,17
tfidf_df2_C4.0_none,Closing your account,22,without,1.174872663853067,416,63
tfidf_df2_C4.0_none,Closing your account,23,standing,1.15244456397131,72,21
tfidf_df2_C4.0_none,Closing your account,24,of my,1.1488643777887808,489,71
tfidf_df2_C4.0_none,Closing your account,25,reopen my,1.130278608555011,22,13
tfidf_df2_C4.0_none,Fees or interest,1,interest,6.811179818794123,413,189
tfidf_df2_C4.0_none,Fees or interest,2,fee,5.762631858532854,278,140
tfidf_df2_C4.0_none,Fees or interest,3,fees,4.673010171872529,290,132
tfidf_df2_C4.0_none,Fees or interest,4,charged,3.5014457984532323,483,155
tfidf_df2_C4.0_none,Fees or interest,5,late,3.1244783144769013,374,132
tfidf_df2_C4.0_none,Fees or interest,6,the interest,2.570060735757914,96,60
tfidf_df2_C4.0_none,Fees or interest,7,%,2.2248495090417246,173,61
tfidf_df2_C4.0_none,Fees or interest,8,late fee,2.191409060873149,107,65
tfidf_df2_C4.0_none,Fees or interest,9,rate,2.187476407961207,105,48
tfidf_df2_C4.0_none,Fees or interest,10,charge,2.1142984100319215,552,123
tfidf_df2_C4.0_none,Fees or interest,11,apr,2.111374591460757,54,27
tfidf_df2_C4.0_none,Fees or interest,12,late fees,2.029093950866652,126,66
tfidf_df2_C4.0_none,Fees or interest,13,interest charges,1.8064678831952927,57,36
tfidf_df2_C4.0_none,Fees or interest,14,balance,1.7778957258658343,542,139
tfidf_df2_C4.0_none,Fees or interest,15,fee .,1.7741470306817202,102,56
tfidf_df2_C4.0_none,Fees or interest,16,scra,1.7623595222841884,12,9
tfidf_df2_C4.0_none,Fees or interest,17,charging,1.7444289087856077,113,49
tfidf_df2_C4.0_none,Fees or interest,18,interest rate,1.6816190942738005,66,33
tfidf_df2_C4.0_none,Fees or interest,19,interest charge,1.6746447644318108,51,38
tfidf_df2_C4.0_none,Fees or interest,20,interest .,1.6078955253997569,85,45
tfidf_df2_C4.0_none,Fees or interest,21,the fee,1.6038678903570478,37,27
tfidf_df2_C4.0_none,Fees or interest,22,charges,1.5230337540721763,447,98
tfidf_df2_C4.0_none,Fees or interest,23,month,1.463151541313081,311,90
tfidf_df2_C4.0_none,Fees or interest,24,charged me,1.3671767050690693,76,38
tfidf_df2_C4.0_none,Fees or interest,25,increase,1.3379006075595288,43,20
tfidf_df2_C4.0_none,Getting a credit card,1,application,4.321865000781014,149,73
tfidf_df2_C4.0_none,Getting a credit card,2,opened,3.2302610479436322,280,77
tfidf_df2_C4.0_none,Getting a credit card,3,applied for,3.2083420825996116,148,71
tfidf_df2_C4.0_none,Getting a credit card,4,applied,2.7762145124261974,255,77
tfidf_df2_C4.0_none,Getting a credit card,5,my name,2.4911866973385055,150,65
tfidf_df2_C4.0_none,Getting a credit card,6,report,2.3241850252232337,434,107
tfidf_df2_C4.0_none,Getting a credit card,7,open,2.2229419090806406,199,55
tfidf_df2_C4.0_none,Getting a credit card,8,name .,2.2169678561248576,49,29
tfidf_df2_C4.0_none,Getting a credit card,9,name,2.129643355759121,277,80
tfidf_df2_C4.0_none,Getting a credit card,10,denial,2.115694011566838,72,34
tfidf_df2_C4.0_none,Getting a credit card,11,a credit,1.9559307943611128,293,67
tfidf_df2_C4.0_none,Getting a credit card,12,knowledge,1.9432416831836674,82,27
tfidf_df2_C4.0_none,Getting a credit card,13,inquiries,1.9412305277980364,33,18
tfidf_df2_C4.0_none,Getting a credit card,14,credit report,1.9105573697348144,232,75
tfidf_df2_C4.0_none,Getting a credit card,15,credit,1.8722590683208413,1721,241
tfidf_df2_C4.0_none,Getting a credit card,16,denied,1.8704770451668724,243,56
tfidf_df2_C4.0_none,Getting a credit card,17,for a,1.7911012100999737,494,76
tfidf_df2_C4.0_none,Getting a credit card,18,applications,1.7857226362670617,29,21
tfidf_df2_C4.0_none,Getting a credit card,19,without my,1.7055256886297092,109,35
tfidf_df2_C4.0_none,Getting a credit card,20,i did,1.5759525050531689,489,64
tfidf_df2_C4.0_none,Getting a credit card,21,the application,1.534338902952472,55,28
tfidf_df2_C4.0_none,Getting a credit card,22,to open,1.5149414386343318,55,24
tfidf_df2_C4.0_none,Getting a credit card,23,apply,1.5124509879402346,128,36
tfidf_df2_C4.0_none,Getting a credit card,24,card was,1.5010058172187286,206,41
tfidf_df2_C4.0_none,Getting a credit card,25,this account,1.5000177376972876,167,34
tfidf_df2_C4.0_none,Incorrect information on your report,1,report,2.803369204151844,434,49
tfidf_df2_C4.0_none,Incorrect information on your report,2,reported,2.2702512834964637,218,28
tfidf_df2_C4.0_none,Incorrect information on your report,3,credit report,2.163466228585666,232,37
tfidf_df2_C4.0_none,Incorrect information on your report,4,on my,1.9731284685339727,728,47
tfidf_df2_C4.0_none,Incorrect information on your report,5,off,1.698424019451456,387,31
tfidf_df2_C4.0_none,Incorrect information on your report,6,late,1.556242412208662,374,20
tfidf_df2_C4.0_none,Incorrect information on your report,7,my credit,1.4912783562001448,825,59
tfidf_df2_C4.0_none,Incorrect information on your report,8,1099,1.3963272621658331,34,12
tfidf_df2_C4.0_none,Incorrect information on your report,9,theft .,1.3767926303897702,35,7
tfidf_df2_C4.0_none,Incorrect information on your report,10,this account,1.375226190834699,167,18
tfidf_df2_C4.0_none,Incorrect information on your report,11,late payment,1.2932428992145208,77,10
tfidf_df2_C4.0_none,Incorrect information on your report,12,was reported,1.2906050435356973,14,6
tfidf_df2_C4.0_none,Incorrect information on your report,13,removed,1.289525906038084,185,23
tfidf_df2_C4.0_none,Incorrect information on your report,14,company wrote,1.2481745070030827,5,5
tfidf_df2_C4.0_none,Incorrect information on your report,15,account number,1.2211877908732338,96,11
tfidf_df2_C4.0_none,Incorrect information on your report,16,not me,1.218555208792715,20,3
tfidf_df2_C4.0_none,Incorrect information on your report,17,score,1.201415365859124,190,16
tfidf_df2_C4.0_none,Incorrect information on your report,18,identity theft,1.19438929928144,69,10
tfidf_df2_C4.0_none,Incorrect information on your report,19,negative,1.1852280646034805,75,9
tfidf_df2_C4.0_none,Incorrect information on your report,20,reporting,1.1510513962823885,165,22
tfidf_df2_C4.0_none,Incorrect information on your report,21,listed,1.1406584863291855,107,16
tfidf_df2_C4.0_none,Incorrect information on your report,22,theft,1.1406427436878144,92,10
tfidf_df2_C4.0_none,Incorrect information on your report,23,inquiry,1.1368515517794957,60,5
tfidf_df2_C4.0_none,Incorrect information on your report,24,hard,1.1167846693160213,87,6
tfidf_df2_C4.0_none,Incorrect information on your report,25,montgomery,1.1113097942978818,2,2
tfidf_df2_C4.0_none,"Other features, terms, or problems",1,rewards,3.674769606056549,93,49
tfidf_df2_C4.0_none,"Other features, terms, or problems",2,points,2.5036998558269867,112,41
tfidf_df2_C4.0_none,"Other features, terms, or problems",3,check,1.7509830613143909,179,46
tfidf_df2_C4.0_none,"Other features, terms, or problems",4,transfer,1.627749283588205,107,27
tfidf_df2_C4.0_none,"Other features, terms, or problems",5,issue,1.5742253659438985,498,91
tfidf_df2_C4.0_none,"Other features, terms, or problems",6,reward,1.5675433952945086,25,18
tfidf_df2_C4.0_none,"Other features, terms, or problems",7,the rewards,1.4224576913550921,19,18
tfidf_df2_C4.0_none,"Other features, terms, or problems",8,pnc,1.3942410145873336,10,5
tfidf_df2_C4.0_none,"Other features, terms, or problems",9,to my,1.3257936885099018,543,90
tfidf_df2_C4.0_none,"Other features, terms, or problems",10,cash,1.3146092468715096,120,32
tfidf_df2_C4.0_none,"Other features, terms, or problems",11,my rewards,1.2852173129442164,21,16
tfidf_df2_C4.0_none,"Other features, terms, or problems",12,bonus,1.236151051792339,56,19
tfidf_df2_C4.0_none,"Other features, terms, or problems",13,rewards .,1.2150985871558164,18,15
tfidf_df2_C4.0_none,"Other features, terms, or problems",14,problem,1.1949623140490624,143,34
tfidf_df2_C4.0_none,"Other features, terms, or problems",15,second,1.1909244140276902,114,22
tfidf_df2_C4.0_none,"Other features, terms, or problems",16,$ 250.00,1.1817423212588354,26,11
tfidf_df2_C4.0_none,"Other features, terms, or problems",17,250.00,1.1817423212588354,26,11
tfidf_df2_C4.0_none,"Other features, terms, or problems",18,250.00 },1.1817423212588354,26,11
tfidf_df2_C4.0_none,"Other features, terms, or problems",19,balance transfer,1.1765296535928174,47,15
tfidf_df2_C4.0_none,"Other features, terms, or problems",20,xxxx points,1.163884469025631,56,19
tfidf_df2_C4.0_none,"Other features, terms, or problems",21,the issue,1.147237232873619,200,45
tfidf_df2_C4.0_none,"Other features, terms, or problems",22,refund,1.1394801043316038,292,39
tfidf_df2_C4.0_none,"Other features, terms, or problems",23,three,1.100401415216168,112,27
tfidf_df2_C4.0_none,"Other features, terms, or problems",24,worth,1.0592738836270796,28,14
tfidf_df2_C4.0_none,"Other features, terms, or problems",25,the,1.0475800824219057,2225,305
tfidf_df2_C4.0_none,Problem when making payments,1,payment,5.670163863119371,682,134
tfidf_df2_C4.0_none,Problem when making payments,2,payments,3.598144680777872,440,91
tfidf_df2_C4.0_none,Problem when making payments,3,a payment,2.7290463573377637,226,60
tfidf_df2_C4.0_none,Problem when making payments,4,pay,1.979685688836767,551,75
tfidf_df2_C4.0_none,Problem when making payments,5,my payment,1.9701931946536102,117,42
tfidf_df2_C4.0_none,Problem when making payments,6,the payment,1.9559246657068303,210,57
tfidf_df2_C4.0_none,Problem when making payments,7,to make,1.8720778823663515,258,52
tfidf_df2_C4.0_none,Problem when making payments,8,make,1.7985103598980687,434,67
tfidf_df2_C4.0_none,Problem when making payments,9,to pay,1.7693892525071742,355,56
tfidf_df2_C4.0_none,Problem when making payments,10,online,1.6322772044327967,261,38
tfidf_df2_C4.0_none,Problem when making payments,11,payment on,1.5652070475654323,91,29
tfidf_df2_C4.0_none,Problem when making payments,12,my bank,1.5168611978999162,140,30
tfidf_df2_C4.0_none,Problem when making payments,13,account,1.5127349325475612,1367,135
tfidf_df2_C4.0_none,Problem when making payments,14,auto,1.4939252710122115,55,19
tfidf_df2_C4.0_none,Problem when making payments,15,late,1.4902215874054638,374,60
tfidf_df2_C4.0_none,Problem when making payments,16,bank account,1.3910910751776007,82,22
tfidf_df2_C4.0_none,Problem when making payments,17,make a,1.3789137510595542,99,27
tfidf_df2_C4.0_none,Problem when making payments,18,bank,1.370024573492962,800,84
tfidf_df2_C4.0_none,Problem when making payments,19,autopay,1.357640657105325,39,12
tfidf_df2_C4.0_none,Problem when making payments,20,my account,1.314108625397531,699,78
tfidf_df2_C4.0_none,Problem when making payments,21,set,1.309164275547275,116,28
tfidf_df2_C4.0_none,Problem when making payments,22,check,1.2934269680730852,179,27
tfidf_df2_C4.0_none,Problem when making payments,23,payments to,1.2836084153445655,49,17
tfidf_df2_C4.0_none,Problem when making payments,24,late fees,1.2053669970237257,126,26
tfidf_df2_C4.0_none,Problem when making payments,25,due,1.1751387247731997,582,77
tfidf_df2_C4.0_none,Problem with a company's investigation into an existing problem,1,reporting,1.2038548012287742,165,15
tfidf_df2_C4.0_none,Problem with a company's investigation into an existing problem,2,1666 b,1.1679655070488115,9,5
tfidf_df2_C4.0_none,Problem with a company's investigation into an existing problem,3,my report,1.121024873659984,25,4
tfidf_df2_C4.0_none,Problem with a company's investigation into an existing problem,4,late,1.1178972709863857,374,17
tfidf_df2_C4.0_none,Problem with a company's investigation into an existing problem,5,understand,1.103036473516213,126,8
tfidf_df2_C4.0_none,Problem with a company's investigation into an existing problem,6,usc 1666,1.0592687233984852,16,5
tfidf_df2_C4.0_none,Problem with a company's investigation into an existing problem,7,late payment,1.026116934271059,77,9
tfidf_df2_C4.0_none,Problem with a company's investigation into an existing problem,8,as late,0.9790031047333839,17,5
tfidf_df2_C4.0_none,Problem with a company's investigation into an existing problem,9,yet to,0.9231882218587633,37,3
tfidf_df2_C4.0_none,Problem with a company's investigation into an existing problem,10,information,0.9162816371555876,612,19
tfidf_df2_C4.0_none,Problem with a company's investigation into an existing problem,11,1666,0.9157662512195718,24,5
tfidf_df2_C4.0_none,Problem with a company's investigation into an existing problem,12,target,0.896097990088533,15,3
tfidf_df2_C4.0_none,Problem with a company's investigation into an existing problem,13,the documents,0.8794413184230134,35,2
tfidf_df2_C4.0_none,Problem with a company's investigation into an existing problem,14,always pay,0.8641034676479971,17,4
tfidf_df2_C4.0_none,Problem with a company's investigation into an existing problem,15,the debt,0.8625959023235813,55,8
tfidf_df2_C4.0_none,Problem with a company's investigation into an existing problem,16,account should,0.8484695325994674,10,4
tfidf_df2_C4.0_none,Problem with a company's investigation into an existing problem,17,a consumer,0.8395807996865409,62,6
tfidf_df2_C4.0_none,Problem with a company's investigation into an existing problem,18,report,0.8390842210818955,434,14
tfidf_df2_C4.0_none,Problem with a company's investigation into an existing problem,19,my letter,0.8330459499402593,14,5
tfidf_df2_C4.0_none,Problem with a company's investigation into an existing problem,20,b,0.8306545499691109,62,7
tfidf_df2_C4.0_none,Problem with a company's investigation into an existing problem,21,is yet,0.8141639845519012,2,1
tfidf_df2_C4.0_none,Problem with a company's investigation into an existing problem,22,. certified,0.8089406493650186,2,1
tfidf_df2_C4.0_none,Problem with a company's investigation into an existing problem,23,be fixed,0.7996736372095921,4,3
tfidf_df2_C4.0_none,Problem with a company's investigation into an existing problem,24,"fixed ,",0.7933523695010188,4,3
tfidf_df2_C4.0_none,Problem with a company's investigation into an existing problem,25,removed,0.7881530132288797,185,9
tfidf_df2_C4.0_none,Problem with a purchase shown on your statement,1,dispute,5.649926560130734,475,348
tfidf_df2_C4.0_none,Problem with a purchase shown on your statement,2,charges,4.892681116036347,447,244
tfidf_df2_C4.0_none,Problem with a purchase shown on your statement,3,charge,4.076820547832761,552,288
tfidf_df2_C4.0_none,Problem with a purchase shown on your statement,4,merchant,3.3423872182830334,174,152
tfidf_df2_C4.0_none,Problem with a purchase shown on your statement,5,the merchant,2.8902746844324683,142,132
tfidf_df2_C4.0_none,Problem with a purchase shown on your statement,6,fraudulent,2.838427444566584,297,167
tfidf_df2_C4.0_none,Problem with a purchase shown on your statement,7,refund,2.8062843552855945,292,188
tfidf_df2_C4.0_none,Problem with a purchase shown on your statement,8,disputed,2.43613780026338,178,136
tfidf_df2_C4.0_none,Problem with a purchase shown on your statement,9,the dispute,2.43510913549949,166,149
tfidf_df2_C4.0_none,Problem with a purchase shown on your statement,10,the charge,2.3914097451762744,182,141
tfidf_df2_C4.0_none,Problem with a purchase shown on your statement,11,the charges,2.358151828239055,133,106
tfidf_df2_C4.0_none,Problem with a purchase shown on your statement,12,fraudulent charges,2.232944732129044,74,66
tfidf_df2_C4.0_none,Problem with a purchase shown on your statement,13,unauthorized,2.1694791667761653,128,88
tfidf_df2_C4.0_none,Problem with a purchase shown on your statement,14,transaction,2.162787898835528,271,158
tfidf_df2_C4.0_none,Problem with a purchase shown on your statement,15,a refund,2.076266018197429,138,103
tfidf_df2_C4.0_none,Problem with a purchase shown on your statement,16,my dispute,2.0364649478561887,109,99
tfidf_df2_C4.0_none,Problem with a purchase shown on your statement,17,disputes,1.999164000057422,93,72
tfidf_df2_C4.0_none,Problem with a purchase shown on your statement,18,fraud,1.9897648478441183,405,190
tfidf_df2_C4.0_none,Problem with a purchase shown on your statement,19,from xxxx,1.9394361099693311,296,175
tfidf_df2_C4.0_none,Problem with a purchase shown on your statement,20,were,1.9018397839008743,670,281
tfidf_df2_C4.0_none,Problem with a purchase shown on your statement,21,transactions,1.845988871189133,200,106
tfidf_df2_C4.0_none,Problem with a purchase shown on your statement,22,charges .,1.8330970613795476,136,90
tfidf_df2_C4.0_none,Problem with a purchase shown on your statement,23,claim,1.8039597201838724,270,153
tfidf_df2_C4.0_none,Problem with a purchase shown on your statement,24,evidence,1.7958921922532933,145,105
tfidf_df2_C4.0_none,Problem with a purchase shown on your statement,25,dispute with,1.7324502142944769,93,85
tfidf_df2_C4.0_none,Struggling to pay your bill,1,hardship,2.7315501274341174,53,14
tfidf_df2_C4.0_none,Struggling to pay your bill,2,settlement,1.4673582917541548,17,6
tfidf_df2_C4.0_none,Struggling to pay your bill,3,financial,1.4300285395492753,268,15
tfidf_df2_C4.0_none,Struggling to pay your bill,4,financial hardship,1.4256668554915457,25,8
tfidf_df2_C4.0_none,Struggling to pay your bill,5,plan,1.2571537653496374,54,8
tfidf_df2_C4.0_none,Struggling to pay your bill,6,to negotiate,1.2387879619342228,6,5
tfidf_df2_C4.0_none,Struggling to pay your bill,7,payment plan,1.2341287041360032,15,7
tfidf_df2_C4.0_none,Struggling to pay your bill,8,negotiate,1.2069307842707797,7,5
tfidf_df2_C4.0_none,Struggling to pay your bill,9,declared disaster,1.1974106240358144,2,2
tfidf_df2_C4.0_none,Struggling to pay your bill,10,disaster,1.1450270555327091,9,3
tfidf_df2_C4.0_none,Struggling to pay your bill,11,very high,1.109509199847369,3,2
tfidf_df2_C4.0_none,Struggling to pay your bill,12,calls,1.1071844675402613,141,8
tfidf_df2_C4.0_none,Struggling to pay your bill,13,debt,1.0496776523747682,141,11
tfidf_df2_C4.0_none,Struggling to pay your bill,14,don't,1.0355583363982719,159,8
tfidf_df2_C4.0_none,Struggling to pay your bill,15,declared,1.0333476955976877,7,2
tfidf_df2_C4.0_none,Struggling to pay your bill,16,hardship and,1.0077796977542008,13,3
tfidf_df2_C4.0_none,Struggling to pay your bill,17,job,1.0048487199905787,37,6
tfidf_df2_C4.0_none,Struggling to pay your bill,18,continental,1.0036887414552016,3,2
tfidf_df2_C4.0_none,Struggling to pay your bill,19,hardship program,0.9911359764340116,9,5
tfidf_df2_C4.0_none,Struggling to pay your bill,20,a victim,0.9779737941476698,32,2
tfidf_df2_C4.0_none,Struggling to pay your bill,21,work,0.9753641040892818,128,11
tfidf_df2_C4.0_none,Struggling to pay your bill,22,i don't,0.969473686191797,102,8
tfidf_df2_C4.0_none,Struggling to pay your bill,23,payments,0.9670214421791226,440,17
tfidf_df2_C4.0_none,Struggling to pay your bill,24,afford,0.9432994319286865,26,6
tfidf_df2_C4.0_none,Struggling to pay your bill,25,a settlement,0.9226261566317993,9,5
tfidf_df2_C4.0_none,Trouble using your card,1,limit,3.1788717220332727,163,35
tfidf_df2_C4.0_none,Trouble using your card,2,credit limit,2.5567198830389786,101,28
tfidf_df2_C4.0_none,Trouble using your card,3,blocked,2.1026442501798805,48,13
tfidf_df2_C4.0_none,Trouble using your card,4,use,1.9280485788693933,329,42
tfidf_df2_C4.0_none,Trouble using your card,5,declined,1.8401939113912231,106,20
tfidf_df2_C4.0_none,Trouble using your card,6,card,1.8120989027847236,1627,95
tfidf_df2_C4.0_none,Trouble using your card,7,my card,1.6546141122969757,265,29
tfidf_df2_C4.0_none,Trouble using your card,8,locked,1.6064706934292436,47,13
tfidf_df2_C4.0_none,Trouble using your card,9,to use,1.3767126549355504,143,24
tfidf_df2_C4.0_none,Trouble using your card,10,limit .,1.2804747020194807,46,15
tfidf_df2_C4.0_none,Trouble using your card,11,to clear,1.2531559924817655,15,5
tfidf_df2_C4.0_none,Trouble using your card,12,available,1.2308439734706902,162,18
tfidf_df2_C4.0_none,Trouble using your card,13,my credit,1.2235182899580979,825,55
tfidf_df2_C4.0_none,Trouble using your card,14,use my,1.220816277343458,63,16
tfidf_df2_C4.0_none,Trouble using your card,15,the card,1.2161004534042659,416,36
tfidf_df2_C4.0_none,Trouble using your card,16,restricted,1.2119600374073085,25,6
tfidf_df2_C4.0_none,Trouble using your card,17,verify my,1.095386935139698,37,12
tfidf_df2_C4.0_none,Trouble using your card,18,!,1.0675215734616188,203,18
tfidf_df2_C4.0_none,Trouble using your card,19,verify,1.046443908714348,113,16
tfidf_df2_C4.0_none,Trouble using your card,20,complaints,1.0328382992346088,59,8
tfidf_df2_C4.0_none,Trouble using your card,21,card is,1.0199067802467343,70,12
tfidf_df2_C4.0_none,Trouble using your card,22,decreased,1.0192468597293534,17,4
tfidf_df2_C4.0_none,Trouble using your card,23,credit card,0.9981722061060941,1129,62
tfidf_df2_C4.0_none,Trouble using your card,24,license,0.9813068133029579,41,10
tfidf_df2_C4.0_none,Trouble using your card,25,card and,0.9782655361392621,267,23
tfidf_df2_C4.0_balanced,"Advertising and marketing, including promotional offers",1,offer,4.5246107142242655,158,57
tfidf_df2_C4.0_balanced,"Advertising and marketing, including promotional offers",2,promotion,3.4622957540301074,69,36
tfidf_df2_C4.0_balanced,"Advertising and marketing, including promotional offers",3,promotional,2.7373375359434524,75,30
tfidf_df2_C4.0_balanced,"Advertising and marketing, including promotional offers",4,bonus,2.5321503690171037,56,27
tfidf_df2_C4.0_balanced,"Advertising and marketing, including promotional offers",5,misleading,2.260102895047697,68,25
tfidf_df2_C4.0_balanced,"Advertising and marketing, including promotional offers",6,advertised,2.1189817700686477,48,17
tfidf_df2_C4.0_balanced,"Advertising and marketing, including promotional offers",7,approved,1.9587070612707416,132,25
tfidf_df2_C4.0_balanced,"Advertising and marketing, including promotional offers",8,advertising,1.8388106636533816,28,15
tfidf_df2_C4.0_balanced,"Advertising and marketing, including promotional offers",9,terms,1.737913306157402,142,28
tfidf_df2_C4.0_balanced,"Advertising and marketing, including promotional offers",10,up,1.6974643278655712,544,53
tfidf_df2_C4.0_balanced,"Advertising and marketing, including promotional offers",11,offer .,1.6491333738402711,40,25
tfidf_df2_C4.0_balanced,"Advertising and marketing, including promotional offers",12,0,1.611073506004347,50,14
tfidf_df2_C4.0_balanced,"Advertising and marketing, including promotional offers",13,0 %,1.577642404516383,48,13
tfidf_df2_C4.0_balanced,"Advertising and marketing, including promotional offers",14,spend,1.5457340419737529,53,22
tfidf_df2_C4.0_balanced,"Advertising and marketing, including promotional offers",15,the offer,1.5183588949509115,42,22
tfidf_df2_C4.0_balanced,"Advertising and marketing, including promotional offers",16,%,1.5043038814220195,173,25
tfidf_df2_C4.0_balanced,"Advertising and marketing, including promotional offers",17,getting my,1.4735221721876783,8,1
tfidf_df2_C4.0_balanced,"Advertising and marketing, including promotional offers",18,up for,1.4533825386989279,64,19
tfidf_df2_C4.0_balanced,"Advertising and marketing, including promotional offers",19,signed up,1.447893224591006,43,16
tfidf_df2_C4.0_balanced,"Advertising and marketing, including promotional offers",20,the promotion,1.424312555499438,35,18
tfidf_df2_C4.0_balanced,"Advertising and marketing, including promotional offers",21,promotional offer,1.352719754383375,25,17
tfidf_df2_C4.0_balanced,"Advertising and marketing, including promotional offers",22,spending,1.3495647683851362,66,21
tfidf_df2_C4.0_balanced,"Advertising and marketing, including promotional offers",23,had problems,1.339621589534841,8,1
tfidf_df2_C4.0_balanced,"Advertising and marketing, including promotional offers",24,if,1.3251204734329454,663,60
tfidf_df2_C4.0_balanced,"Advertising and marketing, including promotional offers",25,receive,1.3197812437633993,311,37
tfidf_df2_C4.0_balanced,Closing your account,1,closed,6.817709085247043,499,154
tfidf_df2_C4.0_balanced,Closing your account,2,closed my,3.4130516090412577,122,59
tfidf_df2_C4.0_balanced,Closing your account,3,close,3.407241025375186,226,68
tfidf_df2_C4.0_balanced,Closing your account,4,account,3.0802210345819,1367,183
tfidf_df2_C4.0_balanced,Closing your account,5,to close,2.8219184513003084,111,46
tfidf_df2_C4.0_balanced,Closing your account,6,closure,2.714866611926102,64,36
tfidf_df2_C4.0_balanced,Closing your account,7,my account,2.5305507854687446,699,114
tfidf_df2_C4.0_balanced,Closing your account,8,account was,2.142431572890635,233,63
tfidf_df2_C4.0_balanced,Closing your account,9,was closed,2.11128754386404,136,46
tfidf_df2_C4.0_balanced,Closing your account,10,close my,1.9625090665014409,58,29
tfidf_df2_C4.0_balanced,Closing your account,11,reason,1.8087244281727264,238,54
tfidf_df2_C4.0_balanced,Closing your account,12,closed .,1.685289015347936,106,39
tfidf_df2_C4.0_balanced,Closing your account,13,the account,1.6196539407336688,466,83
tfidf_df2_C4.0_balanced,Closing your account,14,reopen,1.5752984168515616,61,21
tfidf_df2_C4.0_balanced,Closing your account,15,closing,1.4589765948115638,82,30
tfidf_df2_C4.0_balanced,Closing your account,16,accounts,1.4053547822342476,283,50
tfidf_df2_C4.0_balanced,Closing your account,17,cards,1.3424052044004682,256,42
tfidf_df2_C4.0_balanced,Closing your account,18,account .,1.3385252366654743,498,71
tfidf_df2_C4.0_balanced,Closing your account,19,card account,1.264459870399769,158,32
tfidf_df2_C4.0_balanced,Closing your account,20,this account,1.258341443456835,167,34
tfidf_df2_C4.0_balanced,Closing your account,21,account closure,1.256822055570034,28,17
tfidf_df2_C4.0_balanced,Closing your account,22,without,1.2324245855550018,416,63
tfidf_df2_C4.0_balanced,Closing your account,23,standing,1.1897417320655734,72,21
tfidf_df2_C4.0_balanced,Closing your account,24,reopen my,1.1528517530260045,22,13
tfidf_df2_C4.0_balanced,Closing your account,25,no reason,1.145529555188682,46,17
tfidf_df2_C4.0_balanced,Fees or interest,1,interest,6.31150894210459,413,189
tfidf_df2_C4.0_balanced,Fees or interest,2,fee,5.330651722452009,278,140
tfidf_df2_C4.0_balanced,Fees or interest,3,fees,4.3348749656307035,290,132
tfidf_df2_C4.0_balanced,Fees or interest,4,charged,3.373930019842607,483,155
tfidf_df2_C4.0_balanced,Fees or interest,5,late,2.8390855711225695,374,132
tfidf_df2_C4.0_balanced,Fees or interest,6,the interest,2.4246664796728874,96,60
tfidf_df2_C4.0_balanced,Fees or interest,7,late fee,2.1510279213693173,107,65
tfidf_df2_C4.0_balanced,Fees or interest,8,charge,2.0807533369445808,552,123
tfidf_df2_C4.0_balanced,Fees or interest,9,rate,2.05229015791234,105,48
tfidf_df2_C4.0_balanced,Fees or interest,10,%,2.014563542316836,173,61
tfidf_df2_C4.0_balanced,Fees or interest,11,late fees,1.9051992440199224,126,66
tfidf_df2_C4.0_balanced,Fees or interest,12,apr,1.8391270997858171,54,27
tfidf_df2_C4.0_balanced,Fees or interest,13,charging,1.694522266786487,113,49
tfidf_df2_C4.0_balanced,Fees or interest,14,interest charges,1.6545704124468343,57,36
tfidf_df2_C4.0_balanced,Fees or interest,15,balance,1.6228635956476285,542,139
tfidf_df2_C4.0_balanced,Fees or interest,16,fee .,1.6139450271806344,102,56
tfidf_df2_C4.0_balanced,Fees or interest,17,charges,1.5924201084800003,447,98
tfidf_df2_C4.0_balanced,Fees or interest,18,interest charge,1.582427180766293,51,38
tfidf_df2_C4.0_balanced,Fees or interest,19,scra,1.5375964015243897,12,9
tfidf_df2_C4.0_balanced,Fees or interest,20,interest rate,1.5362913061177326,66,33
tfidf_df2_C4.0_balanced,Fees or interest,21,interest .,1.510039884915846,85,45
tfidf_df2_C4.0_balanced,Fees or interest,22,the fee,1.4346668086998737,37,27
tfidf_df2_C4.0_balanced,Fees or interest,23,month,1.3461803790143192,311,90
tfidf_df2_C4.0_balanced,Fees or interest,24,$,1.3146709778351704,1173,201
tfidf_df2_C4.0_balanced,Fees or interest,25,was charged,1.3040164886345411,144,48
tfidf_df2_C4.0_balanced,Getting a credit card,1,application,4.0537203496995105,149,73
tfidf_df2_C4.0_balanced,Getting a credit card,2,opened,3.0500957464731595,280,77
tfidf_df2_C4.0_balanced,Getting a credit card,3,applied for,3.0493078266401747,148,71
tfidf_df2_C4.0_balanced,Getting a credit card,4,applied,2.611003141490186,255,77
tfidf_df2_C4.0_balanced,Getting a credit card,5,my name,2.3858730999677875,150,65
tfidf_df2_C4.0_balanced,Getting a credit card,6,report,2.162954069985257,434,107
tfidf_df2_C4.0_balanced,Getting a credit card,7,name .,2.098435242023842,49,29
tfidf_df2_C4.0_balanced,Getting a credit card,8,open,2.0929433037991862,199,55
tfidf_df2_C4.0_balanced,Getting a credit card,9,name,2.082607280304761,277,80
tfidf_df2_C4.0_balanced,Getting a credit card,10,denial,1.9690121934867264,72,34
tfidf_df2_C4.0_balanced,Getting a credit card,11,a credit,1.928172333107814,293,67
tfidf_df2_C4.0_balanced,Getting a credit card,12,knowledge,1.9125708921022704,82,27
tfidf_df2_C4.0_balanced,Getting a credit card,13,credit report,1.8341211497763596,232,75
tfidf_df2_C4.0_balanced,Getting a credit card,14,inquiries,1.8321888655945817,33,18
tfidf_df2_C4.0_balanced,Getting a credit card,15,credit,1.7831262416124156,1721,241
tfidf_df2_C4.0_balanced,Getting a credit card,16,denied,1.7813535772598035,243,56
tfidf_df2_C4.0_balanced,Getting a credit card,17,for a,1.7787766568649805,494,76
tfidf_df2_C4.0_balanced,Getting a credit card,18,without my,1.715567819312928,109,35
tfidf_df2_C4.0_balanced,Getting a credit card,19,applications,1.652999752352057,29,21
tfidf_df2_C4.0_balanced,Getting a credit card,20,i did,1.5200798267129656,489,64
tfidf_df2_C4.0_balanced,Getting a credit card,21,the application,1.4578293681220107,55,28
tfidf_df2_C4.0_balanced,Getting a credit card,22,this account,1.40639900702973,167,34
tfidf_df2_C4.0_balanced,Getting a credit card,23,fraudulent,1.4061956479455555,297,52
tfidf_df2_C4.0_balanced,Getting a credit card,24,apply,1.4051612206849273,128,36
tfidf_df2_C4.0_balanced,Getting a credit card,25,to open,1.4035261562225025,55,24
tfidf_df2_C4.0_balanced,Incorrect information on your report,1,report,3.2832947191440685,434,49
tfidf_df2_C4.0_balanced,Incorrect information on your report,2,reported,2.800508720841574,218,28
tfidf_df2_C4.0_balanced,Incorrect information on your report,3,credit report,2.5057404444453,232,37
tfidf_df2_C4.0_balanced,Incorrect information on your report,4,on my,2.420379361002487,728,47
tfidf_df2_C4.0_balanced,Incorrect information on your report,5,off,2.0149086552661655,387,31
tfidf_df2_C4.0_balanced,Incorrect information on your report,6,late,1.8681225019972243,374,20
tfidf_df2_C4.0_balanced,Incorrect information on your report,7,my credit,1.705545832015603,825,59
tfidf_df2_C4.0_balanced,Incorrect information on your report,8,theft .,1.6924801163379046,35,7
tfidf_df2_C4.0_balanced,Incorrect information on your report,9,was reported,1.6669252640439867,14,6
tfidf_df2_C4.0_balanced,Incorrect information on your report,10,this account,1.6056950542821387,167,18
tfidf_df2_C4.0_balanced,Incorrect information on your report,11,not me,1.5518458685389962,20,3
tfidf_df2_C4.0_balanced,Incorrect information on your report,12,late payment,1.5397488621841702,77,10
tfidf_df2_C4.0_balanced,Incorrect information on your report,13,1099,1.522634114221549,34,12
tfidf_df2_C4.0_balanced,Incorrect information on your report,14,removed,1.5148286568220815,185,23
tfidf_df2_C4.0_balanced,Incorrect information on your report,15,score,1.492686815327706,190,16
tfidf_df2_C4.0_balanced,Incorrect information on your report,16,account number,1.4524958515279502,96,11
tfidf_df2_C4.0_balanced,Incorrect information on your report,17,company wrote,1.4511970060430481,5,5
tfidf_df2_C4.0_balanced,Incorrect information on your report,18,negative,1.423765377986684,75,9
tfidf_df2_C4.0_balanced,Incorrect information on your report,19,listed,1.4038596756037882,107,16
tfidf_df2_C4.0_balanced,Incorrect information on your report,20,explained this,1.3985387965353158,8,1
tfidf_df2_C4.0_balanced,Incorrect information on your report,21,montgomery,1.3892352681810076,2,2
tfidf_df2_C4.0_balanced,Incorrect information on your report,22,is,1.383676537589083,1541,62
tfidf_df2_C4.0_balanced,Incorrect information on your report,23,inquiry,1.3804065564141517,60,5
tfidf_df2_C4.0_balanced,Incorrect information on your report,24,hard,1.3682280364053412,87,6
tfidf_df2_C4.0_balanced,Incorrect information on your report,25,identity theft,1.3536529679597802,69,10
tfidf_df2_C4.0_balanced,"Other features, terms, or problems",1,rewards,3.3356609390796907,93,49
tfidf_df2_C4.0_balanced,"Other features, terms, or problems",2,points,2.224893215782812,112,41
tfidf_df2_C4.0_balanced,"Other features, terms, or problems",3,check,1.6273802391908365,179,46
tfidf_df2_C4.0_balanced,"Other features, terms, or problems",4,issue,1.44294261305284,498,91
tfidf_df2_C4.0_balanced,"Other features, terms, or problems",5,transfer,1.402112744489954,107,27
tfidf_df2_C4.0_balanced,"Other features, terms, or problems",6,reward,1.3771541335447075,25,18
tfidf_df2_C4.0_balanced,"Other features, terms, or problems",7,the rewards,1.2953505197842554,19,18
tfidf_df2_C4.0_balanced,"Other features, terms, or problems",8,cash,1.2607292780875818,120,32
tfidf_df2_C4.0_balanced,"Other features, terms, or problems",9,pnc,1.209506759974385,10,5
tfidf_df2_C4.0_balanced,"Other features, terms, or problems",10,to my,1.173289409261818,543,90
tfidf_df2_C4.0_balanced,"Other features, terms, or problems",11,my rewards,1.1510308759211898,21,16
tfidf_df2_C4.0_balanced,"Other features, terms, or problems",12,refund,1.1355173768359859,292,39
tfidf_df2_C4.0_balanced,"Other features, terms, or problems",13,problem,1.1030724617794858,143,34
tfidf_df2_C4.0_balanced,"Other features, terms, or problems",14,rewards .,1.098747112076345,18,15
tfidf_df2_C4.0_balanced,"Other features, terms, or problems",15,bonus,1.0648942324435222,56,19
tfidf_df2_C4.0_balanced,"Other features, terms, or problems",16,xxxx points,1.0511622382654424,56,19
tfidf_df2_C4.0_balanced,"Other features, terms, or problems",17,second,1.0195891480811097,114,22
tfidf_df2_C4.0_balanced,"Other features, terms, or problems",18,balance transfer,0.9945433478226389,47,15
tfidf_df2_C4.0_balanced,"Other features, terms, or problems",19,the issue,0.9929796963671789,200,45
tfidf_df2_C4.0_balanced,"Other features, terms, or problems",20,$ 250.00,0.9813755972890255,26,11
tfidf_df2_C4.0_balanced,"Other features, terms, or problems",21,250.00,0.9813755972890255,26,11
tfidf_df2_C4.0_balanced,"Other features, terms, or problems",22,250.00 },0.9813755972890255,26,11
tfidf_df2_C4.0_balanced,"Other features, terms, or problems",23,the,0.9750430098631147,2225,305
tfidf_df2_C4.0_balanced,"Other features, terms, or problems",24,i have,0.9553158775609174,1123,160
tfidf_df2_C4.0_balanced,"Other features, terms, or problems",25,issue .,0.9401379997809011,141,34
tfidf_df2_C4.0_balanced,Problem when making payments,1,payment,5.925958035006745,682,134
tfidf_df2_C4.0_balanced,Problem when making payments,2,payments,3.7044730165998074,440,91
tfidf_df2_C4.0_balanced,Problem when making payments,3,a payment,2.944763646574292,226,60
tfidf_df2_C4.0_balanced,Problem when making payments,4,the payment,2.067035395040828,210,57
tfidf_df2_C4.0_balanced,Problem when making payments,5,my payment,2.017484808879319,117,42
tfidf_df2_C4.0_balanced,Problem when making payments,6,pay,1.972310702463342,551,75
tfidf_df2_C4.0_balanced,Problem when making payments,7,to make,1.9262803412327616,258,52
tfidf_df2_C4.0_balanced,Problem when making payments,8,to pay,1.8708103966563385,355,56
tfidf_df2_C4.0_balanced,Problem when making payments,9,make,1.8666682764479081,434,67
tfidf_df2_C4.0_balanced,Problem when making payments,10,online,1.8269655163971277,261,38
tfidf_df2_C4.0_balanced,Problem when making payments,11,my bank,1.6735206330834584,140,30
tfidf_df2_C4.0_balanced,Problem when making payments,12,payment on,1.6331118029897833,91,29
tfidf_df2_C4.0_balanced,Problem when making payments,13,auto,1.5995834178195274,55,19
tfidf_df2_C4.0_balanced,Problem when making payments,14,account,1.5928816158457682,1367,135
tfidf_df2_C4.0_balanced,Problem when making payments,15,bank account,1.496219031716218,82,22
tfidf_df2_C4.0_balanced,Problem when making payments,16,autopay,1.4909341754777985,39,12
tfidf_df2_C4.0_balanced,Problem when making payments,17,bank,1.4838470104675414,800,84
tfidf_df2_C4.0_balanced,Problem when making payments,18,make a,1.47316693498198,99,27
tfidf_df2_C4.0_balanced,Problem when making payments,19,late,1.456610213599122,374,60
tfidf_df2_C4.0_balanced,Problem when making payments,20,check,1.447601516750503,179,27
tfidf_df2_C4.0_balanced,Problem when making payments,21,my account,1.406791222435609,699,78
tfidf_df2_C4.0_balanced,Problem when making payments,22,set,1.3616575843168404,116,28
tfidf_df2_C4.0_balanced,Problem when making payments,23,payments to,1.3600290119418368,49,17
tfidf_df2_C4.0_balanced,Problem when making payments,24,late fees,1.2880347255833982,126,26
tfidf_df2_C4.0_balanced,Problem when making payments,25,auto pay,1.2212213392122875,21,9
tfidf_df2_C4.0_balanced,Problem with a company's investigation into an existing problem,1,reporting,1.6380411688212335,165,15
tfidf_df2_C4.0_balanced,Problem with a company's investigation into an existing problem,2,understand,1.6320859193447632,126,8
tfidf_df2_C4.0_balanced,Problem with a company's investigation into an existing problem,3,1666 b,1.6074798463555655,9,5
tfidf_df2_C4.0_balanced,Problem with a company's investigation into an existing problem,4,my report,1.594543165215041,25,4
tfidf_df2_C4.0_balanced,Problem with a company's investigation into an existing problem,5,late,1.4663428876360776,374,17
tfidf_df2_C4.0_balanced,Problem with a company's investigation into an existing problem,6,usc 1666,1.457942157032594,16,5
tfidf_df2_C4.0_balanced,Problem with a company's investigation into an existing problem,7,late payment,1.4258863451051704,77,9
tfidf_df2_C4.0_balanced,Problem with a company's investigation into an existing problem,8,yet to,1.4059433853891647,37,3
tfidf_df2_C4.0_balanced,Problem with a company's investigation into an existing problem,9,as late,1.3498136299599717,17,5
tfidf_df2_C4.0_balanced,Problem with a company's investigation into an existing problem,10,target,1.3453037914844785,15,3
tfidf_df2_C4.0_balanced,Problem with a company's investigation into an existing problem,11,information,1.3341754963597647,612,19
tfidf_df2_C4.0_balanced,Problem with a company's investigation into an existing problem,12,the documents,1.3235066022615762,35,2
tfidf_df2_C4.0_balanced,Problem with a company's investigation into an existing problem,13,is yet,1.2500675925256832,2,1
tfidf_df2_C4.0_balanced,Problem with a company's investigation into an existing problem,14,. certified,1.2405899842336139,2,1
tfidf_df2_C4.0_balanced,Problem with a company's investigation into an existing problem,15,1666,1.2263634199488882,24,5
tfidf_df2_C4.0_balanced,Problem with a company's investigation into an existing problem,16,my letter,1.224607124048374,14,5
tfidf_df2_C4.0_balanced,Problem with a company's investigation into an existing problem,17,a consumer,1.2230945728347085,62,6
tfidf_df2_C4.0_balanced,Problem with a company's investigation into an existing problem,18,delinquency,1.2072400060749455,14,4
tfidf_df2_C4.0_balanced,Problem with a company's investigation into an existing problem,19,the debt,1.2046938430701752,55,8
tfidf_df2_C4.0_balanced,Problem with a company's investigation into an existing problem,20,always pay,1.1683455749033065,17,4
tfidf_df2_C4.0_balanced,Problem with a company's investigation into an existing problem,21,account should,1.1654482343142623,10,4
tfidf_df2_C4.0_balanced,Problem with a company's investigation into an existing problem,22,accuracy,1.1486425206773634,18,4
tfidf_df2_C4.0_balanced,Problem with a company's investigation into an existing problem,23,the information,1.1477472706159157,116,8
tfidf_df2_C4.0_balanced,Problem with a company's investigation into an existing problem,24,report .,1.1037037553903861,120,7
tfidf_df2_C4.0_balanced,Problem with a company's investigation into an existing problem,25,removed,1.1026806503165063,185,9
tfidf_df2_C4.0_balanced,Problem with a purchase shown on your statement,1,dispute,4.665100436309613,475,348
tfidf_df2_C4.0_balanced,Problem with a purchase shown on your statement,2,charges,3.877111575660895,447,244
tfidf_df2_C4.0_balanced,Problem with a purchase shown on your statement,3,charge,3.250650988126596,552,288
tfidf_df2_C4.0_balanced,Problem with a purchase shown on your statement,4,merchant,2.8307834959896594,174,152
tfidf_df2_C4.0_balanced,Problem with a purchase shown on your statement,5,the merchant,2.428643549969991,142,132
tfidf_df2_C4.0_balanced,Problem with a purchase shown on your statement,6,refund,2.3809133213003224,292,188
tfidf_df2_C4.0_balanced,Problem with a purchase shown on your statement,7,fraudulent,2.293774396093979,297,167
tfidf_df2_C4.0_balanced,Problem with a purchase shown on your statement,8,the dispute,2.040956206032109,166,149
tfidf_df2_C4.0_balanced,Problem with a purchase shown on your statement,9,the charge,1.9445776066531786,182,141
tfidf_df2_C4.0_balanced,Problem with a purchase shown on your statement,10,the charges,1.911265115462249,133,106
tfidf_df2_C4.0_balanced,Problem with a purchase shown on your statement,11,disputed,1.9008272595963391,178,136
tfidf_df2_C4.0_balanced,Problem with a purchase shown on your statement,12,transaction,1.789844611689786,271,158
tfidf_df2_C4.0_balanced,Problem with a purchase shown on your statement,13,fraudulent charges,1.6931019739944109,74,66
tfidf_df2_C4.0_balanced,Problem with a purchase shown on your statement,14,unauthorized,1.6642961781513828,128,88
tfidf_df2_C4.0_balanced,Problem with a purchase shown on your statement,15,fraud,1.6463998364452679,405,190
tfidf_df2_C4.0_balanced,Problem with a purchase shown on your statement,16,from xxxx,1.6358542694844742,296,175
tfidf_df2_C4.0_balanced,Problem with a purchase shown on your statement,17,were,1.6241429549139543,670,281
tfidf_df2_C4.0_balanced,Problem with a purchase shown on your statement,18,my dispute,1.6212781228708681,109,99
tfidf_df2_C4.0_balanced,Problem with a purchase shown on your statement,19,a refund,1.606544070383116,138,103
tfidf_df2_C4.0_balanced,Problem with a purchase shown on your statement,20,transactions,1.5273313377939621,200,106
tfidf_df2_C4.0_balanced,Problem with a purchase shown on your statement,21,claim,1.5272150913024567,270,153
tfidf_df2_C4.0_balanced,Problem with a purchase shown on your statement,22,evidence,1.5052193061466856,145,105
tfidf_df2_C4.0_balanced,Problem with a purchase shown on your statement,23,charges .,1.501517125166651,136,90
tfidf_df2_C4.0_balanced,Problem with a purchase shown on your statement,24,from,1.4476539255347094,1285,464
tfidf_df2_C4.0_balanced,Problem with a purchase shown on your statement,25,disputes,1.4413852243367031,93,72
tfidf_df2_C4.0_balanced,Struggling to pay your bill,1,hardship,3.9478575041166497,53,14
tfidf_df2_C4.0_balanced,Struggling to pay your bill,2,settlement,2.0603537345324057,17,6
tfidf_df2_C4.0_balanced,Struggling to pay your bill,3,financial hardship,2.032681211119241,25,8
tfidf_df2_C4.0_balanced,Struggling to pay your bill,4,financial,2.0147913188891877,268,15
tfidf_df2_C4.0_balanced,Struggling to pay your bill,5,to negotiate,1.7999789959276988,6,5
tfidf_df2_C4.0_balanced,Struggling to pay your bill,6,plan,1.7986971947084758,54,8
tfidf_df2_C4.0_balanced,Struggling to pay your bill,7,payment plan,1.774740616974027,15,7
tfidf_df2_C4.0_balanced,Struggling to pay your bill,8,negotiate,1.752047394613354,7,5
tfidf_df2_C4.0_balanced,Struggling to pay your bill,9,declared disaster,1.7475244189435537,2,2
tfidf_df2_C4.0_balanced,Struggling to pay your bill,10,very high,1.733470892407527,3,2
tfidf_df2_C4.0_balanced,Struggling to pay your bill,11,disaster,1.6959912951006342,9,3
tfidf_df2_C4.0_balanced,Struggling to pay your bill,12,calls,1.6688112158239878,141,8
tfidf_df2_C4.0_balanced,Struggling to pay your bill,13,don't,1.5863054835791957,159,8
tfidf_df2_C4.0_balanced,Struggling to pay your bill,14,hardship and,1.5264132732626066,13,3
tfidf_df2_C4.0_balanced,Struggling to pay your bill,15,declared,1.5107581336871683,7,2
tfidf_df2_C4.0_balanced,Struggling to pay your bill,16,job,1.510438972712757,37,6
tfidf_df2_C4.0_balanced,Struggling to pay your bill,17,i don't,1.4939209585039854,102,8
tfidf_df2_C4.0_balanced,Struggling to pay your bill,18,debt,1.4935333527794328,141,11
tfidf_df2_C4.0_balanced,Struggling to pay your bill,19,continental,1.4902356083134258,3,2
tfidf_df2_C4.0_balanced,Struggling to pay your bill,20,hardship program,1.4496452427432174,9,5
tfidf_df2_C4.0_balanced,Struggling to pay your bill,21,a victim,1.4236445325768967,32,2
tfidf_df2_C4.0_balanced,Struggling to pay your bill,22,afford,1.4148533354565447,26,6
tfidf_df2_C4.0_balanced,Struggling to pay your bill,23,work,1.4078172059762388,128,11
tfidf_df2_C4.0_balanced,Struggling to pay your bill,24,pay .,1.348641237978951,41,5
tfidf_df2_C4.0_balanced,Struggling to pay your bill,25,a job,1.3440369069331497,7,3
tfidf_df2_C4.0_balanced,Trouble using your card,1,limit,3.6764137205475187,163,35
tfidf_df2_C4.0_balanced,Trouble using your card,2,credit limit,2.9870538519265213,101,28
tfidf_df2_C4.0_balanced,Trouble using your card,3,blocked,2.470180645358698,48,13
tfidf_df2_C4.0_balanced,Trouble using your card,4,use,2.206171295112461,329,42
tfidf_df2_C4.0_balanced,Trouble using your card,5,card,2.1600789947728383,1627,95
tfidf_df2_C4.0_balanced,Trouble using your card,6,declined,2.130902562750685,106,20
tfidf_df2_C4.0_balanced,Trouble using your card,7,my card,1.9541131361867847,265,29
tfidf_df2_C4.0_balanced,Trouble using your card,8,locked,1.8762106062636756,47,13
tfidf_df2_C4.0_balanced,Trouble using your card,9,to use,1.5548338237421118,143,24
tfidf_df2_C4.0_balanced,Trouble using your card,10,limit .,1.5505504020107908,46,15
tfidf_df2_C4.0_balanced,Trouble using your card,11,to clear,1.506439727470061,15,5
tfidf_df2_C4.0_balanced,Trouble using your card,12,restricted,1.4772796303137976,25,6
tfidf_df2_C4.0_balanced,Trouble using your card,13,the card,1.436314168864223,416,36
tfidf_df2_C4.0_balanced,Trouble using your card,14,use my,1.4286396913411217,63,16
tfidf_df2_C4.0_balanced,Trouble using your card,15,available,1.42051068518928,162,18
tfidf_df2_C4.0_balanced,Trouble using your card,16,my credit,1.3603011930548676,825,55
tfidf_df2_C4.0_balanced,Trouble using your card,17,verify my,1.2945193446677454,37,12
tfidf_df2_C4.0_balanced,Trouble using your card,18,!,1.2569099893260218,203,18
tfidf_df2_C4.0_balanced,Trouble using your card,19,permission and,1.2238564261971356,2,1
tfidf_df2_C4.0_balanced,Trouble using your card,20,card is,1.2192134542320796,70,12
tfidf_df2_C4.0_balanced,Trouble using your card,21,credit card,1.214799605694857,1129,62
tfidf_df2_C4.0_balanced,Trouble using your card,22,verify,1.2112685657524969,113,16
tfidf_df2_C4.0_balanced,Trouble using your card,23,complaints,1.2052959838298918,59,8
tfidf_df2_C4.0_balanced,Trouble using your card,24,decreased,1.1955386229221103,17,4
tfidf_df2_C4.0_balanced,Trouble using your card,25,support,1.154618886426138,140,13
