Complaint ID,split,content_wordpieces,chunks,exceeds_supported_length,covered_content_wordpieces
10647295,train,634,3,True,634
10647477,train,89,1,False,89
10647560,train,253,1,False,253
10647790,train,171,1,False,171
10648025,train,353,2,True,353
10648100,train,549,3,True,549
10648150,train,180,1,False,180
10648203,train,99,1,False,99
10648252,train,249,1,False,249
10648651,train,149,1,False,149
10652284,train,277,2,True,277
10653045,train,496,2,True,496
10653073,train,234,1,False,234
10653212,train,209,1,False,209
10653604,train,32,1,False,32
10653605,train,368,2,True,368
10653705,train,197,1,False,197
10653764,train,572,3,True,572
10653895,train,1965,8,True,1965
10654006,train,256,2,True,256
10654077,train,425,2,True,425
10654097,train,48,1,False,48
10654239,train,55,1,False,55
10654925,train,115,1,False,115
10655196,train,115,1,False,115
10655200,train,280,2,True,280
10655436,train,329,2,True,329
10655566,train,208,1,False,208
10655587,train,253,1,False,253
10655664,train,978,4,True,978
10655689,train,92,1,False,92
10655803,train,217,1,False,217
10656076,train,568,3,True,568
10656123,train,113,1,False,113
10656357,train,520,3,True,520
10656479,train,328,2,True,328
10656619,train,538,3,True,538
10656661,train,336,2,True,336
10657208,train,403,2,True,403
10657224,train,156,1,False,156
10657225,train,110,1,False,110
10657331,train,718,3,True,718
10657346,train,269,2,True,269
10657348,train,175,1,False,175
10657359,train,595,3,True,595
10657387,train,13,1,False,13
10657446,train,498,2,True,498
10657449,train,72,1,False,72
10657924,train,56,1,False,56
10657957,train,223,1,False,223
10657980,train,214,1,False,214
10657986,train,80,1,False,80
10658018,train,297,2,True,297
10658030,train,189,1,False,189
10658062,train,1252,5,True,1252
10658090,train,262,2,True,262
10658105,train,356,2,True,356
10658207,train,51,1,False,51
10658236,train,65,1,False,65
10658289,train,303,2,True,303
10658303,train,121,1,False,121
10658344,train,332,2,True,332
10658358,train,135,1,False,135
10658434,train,63,1,False,63
10658474,train,539,3,True,539
10658548,train,14,1,False,14
10658618,train,853,4,True,853
10658679,train,286,2,True,286
10659579,train,144,1,False,144
10659640,train,211,1,False,211
10660158,train,138,1,False,138
10660405,train,442,2,True,442
10660457,train,287,2,True,287
10660494,train,191,1,False,191
10660530,train,146,1,False,146
10660828,train,613,3,True,613
10660836,train,409,2,True,409
10660847,train,373,2,True,373
10660873,train,96,1,False,96
10650380,train,290,2,True,290
10650489,train,93,1,False,93
10650902,train,120,1,False,120
10651028,train,114,1,False,114
10651960,train,302,2,True,302
10651987,train,816,4,True,816
10652006,train,504,2,True,504
10652406,train,245,1,False,245
10652563,train,136,1,False,136
10652758,train,669,3,True,669
10652879,train,73,1,False,73
10661280,train,175,1,False,175
10661572,train,118,1,False,118
10661622,train,52,1,False,52
10661663,train,117,1,False,117
10661674,train,858,4,True,858
10661820,train,311,2,True,311
10661844,train,127,1,False,127
10661846,train,56,1,False,56
10661851,train,173,1,False,173
10661857,train,1092,5,True,1092
10661897,train,81,1,False,81
10662244,train,203,1,False,203
10662263,train,210,1,False,210
10662280,train,94,1,False,94
10662281,train,49,1,False,49
10662525,train,68,1,False,68
10662570,train,626,3,True,626
10662587,train,419,2,True,419
10662591,train,101,1,False,101
10662597,train,561,3,True,561
10662652,train,35,1,False,35
10662704,train,115,1,False,115
10662747,train,266,2,True,266
10662969,train,53,1,False,53
10662982,train,95,1,False,95
10662985,train,190,1,False,190
10663040,train,541,3,True,541
10663121,train,354,2,True,354
10663246,train,46,1,False,46
10663275,train,1139,5,True,1139
10663337,train,489,2,True,489
10663381,train,204,1,False,204
10663384,train,24,1,False,24
10663671,train,937,4,True,937
10663757,train,126,1,False,126
10663803,train,66,1,False,66
10663841,train,179,1,False,179
10663866,train,501,2,True,501
10663903,train,573,3,True,573
10663959,train,98,1,False,98
10664416,train,45,1,False,45
10664432,train,419,2,True,419
10664499,train,26,1,False,26
10664564,train,447,2,True,447
10664584,train,304,2,True,304
10664612,train,159,1,False,159
10664652,train,222,1,False,222
10665059,train,102,1,False,102
10665077,train,1013,4,True,1013
10665091,train,184,1,False,184
10665303,train,398,2,True,398
10665559,train,116,1,False,116
10666422,train,303,2,True,303
10666697,train,243,1,False,243
10666749,train,49,1,False,49
10666775,train,364,2,True,364
10665349,train,90,1,False,90
10665364,train,272,2,True,272
10665817,train,122,1,False,122
10666194,train,924,4,True,924
10666266,train,67,1,False,67
10666269,train,48,1,False,48
10666358,train,258,2,True,258
10666361,train,487,2,True,487
10667519,train,190,1,False,190
10668810,train,23,1,False,23
10669029,train,398,2,True,398
10669314,train,81,1,False,81
10669329,train,80,1,False,80
10669344,train,40,1,False,40
10669378,train,90,1,False,90
10669388,train,201,1,False,201
10669453,train,229,1,False,229
10669512,train,51,1,False,51
10669521,train,179,1,False,179
10669550,train,52,1,False,52
10669813,train,752,3,True,752
10669824,train,164,1,False,164
10669866,train,270,2,True,270
10670008,train,143,1,False,143
10670009,train,738,3,True,738
10670113,train,121,1,False,121
10670202,train,160,1,False,160
10670300,train,569,3,True,569
10670325,train,136,1,False,136
10670347,train,168,1,False,168
10670395,train,117,1,False,117
10670413,train,134,1,False,134
10670565,train,66,1,False,66
10670627,train,57,1,False,57
10670713,train,129,1,False,129
10671219,train,53,1,False,53
10671347,train,31,1,False,31
10671610,train,210,1,False,210
10671612,train,421,2,True,421
10671681,train,1197,5,True,1197
10671694,train,31,1,False,31
10671965,train,309,2,True,309
10672053,train,196,1,False,196
10686458,train,99,1,False,99
10667128,train,519,3,True,519
10668096,train,156,1,False,156
10668456,train,369,2,True,369
10668469,train,500,2,True,500
10668538,train,177,1,False,177
10668544,train,321,2,True,321
10668598,train,166,1,False,166
10672937,train,27,1,False,27
10673000,train,85,1,False,85
10673251,train,13,1,False,13
10673435,train,146,1,False,146
10673935,train,1373,6,True,1373
10674242,train,276,2,True,276
10674278,train,109,1,False,109
10674471,train,264,2,True,264
10674794,train,88,1,False,88
10675562,train,45,1,False,45
10677281,train,90,1,False,90
10681051,train,372,2,True,372
10681067,train,115,1,False,115
10681098,train,288,2,True,288
10681124,train,154,1,False,154
10681596,train,184,1,False,184
10681616,train,576,3,True,576
10681681,train,85,1,False,85
10681686,train,186,1,False,186
10681882,train,506,2,True,506
10682117,train,15,1,False,15
10682141,train,116,1,False,116
10682159,train,483,2,True,483
10682290,train,158,1,False,158
10682316,train,43,1,False,43
10682321,train,423,2,True,423
10682425,train,192,1,False,192
10682614,train,109,1,False,109
10682804,train,691,3,True,691
10682858,train,248,1,False,248
10682882,train,210,1,False,210
10682894,train,241,1,False,241
10682936,train,162,1,False,162
10683144,train,312,2,True,312
10683214,train,97,1,False,97
10683637,train,375,2,True,375
10683660,train,208,1,False,208
10683741,train,269,2,True,269
10683775,train,327,2,True,327
10683787,train,229,1,False,229
10683801,train,661,3,True,661
10683900,train,174,1,False,174
10684000,train,180,1,False,180
10684349,train,609,3,True,609
10684352,train,13,1,False,13
10684358,train,58,1,False,58
10684629,train,10,1,False,10
10684640,train,256,2,True,256
10684706,train,308,2,True,308
10684753,train,152,1,False,152
10684756,train,289,2,True,289
10684757,train,228,1,False,228
10684778,train,182,1,False,182
10684800,train,135,1,False,135
10684925,train,83,1,False,83
10685070,train,352,2,True,352
10685084,train,133,1,False,133
10685129,train,211,1,False,211
10685175,train,81,1,False,81
10685222,train,103,1,False,103
10685321,train,148,1,False,148
10685340,train,2160,9,True,2160
10685366,train,380,2,True,380
10685401,train,117,1,False,117
10685454,train,50,1,False,50
10685644,train,1316,6,True,1316
10685649,train,36,1,False,36
10685753,train,330,2,True,330
10685765,train,86,1,False,86
10685907,train,378,2,True,378
10686002,train,425,2,True,425
10686082,train,364,2,True,364
10686110,train,16,1,False,16
10686166,train,75,1,False,75
10686402,train,241,1,False,241
10686470,train,495,2,True,495
10686588,train,194,1,False,194
10687029,train,217,1,False,217
10687098,train,161,1,False,161
10672292,train,161,1,False,161
10672519,train,153,1,False,153
10673912,train,749,3,True,749
10674013,train,633,3,True,633
10674014,train,597,3,True,597
10674398,train,269,2,True,269
10674642,train,1056,5,True,1056
10674707,train,88,1,False,88
10674722,train,68,1,False,68
10675228,train,281,2,True,281
10676285,train,129,1,False,129
10676318,train,103,1,False,103
10676433,train,40,1,False,40
10678057,train,92,1,False,92
10678390,train,259,2,True,259
10679002,train,97,1,False,97
10679033,train,333,2,True,333
10679053,train,94,1,False,94
10679540,train,46,1,False,46
10679868,train,122,1,False,122
10680187,train,345,2,True,345
10680217,train,153,1,False,153
10680232,train,309,2,True,309
10680247,train,78,1,False,78
10680586,train,230,1,False,230
10680597,train,111,1,False,111
10680646,train,158,1,False,158
10680650,train,287,2,True,287
10680683,train,523,3,True,523
10680844,train,154,1,False,154
10680855,train,264,2,True,264
10680869,train,227,1,False,227
10680893,train,415,2,True,415
10680957,train,81,1,False,81
10680966,train,97,1,False,97
10681036,train,231,1,False,231
10681055,train,100,1,False,100
10681066,train,181,1,False,181
10681543,train,110,1,False,110
10687230,train,20,1,False,20
10687510,train,36,1,False,36
10687526,train,835,4,True,835
10688020,train,112,1,False,112
10688021,train,142,1,False,142
10688056,train,609,3,True,609
10688187,train,25,1,False,25
10688289,train,111,1,False,111
10688300,train,126,1,False,126
10688399,train,547,3,True,547
10688404,train,538,3,True,538
10688408,train,960,4,True,960
10688479,train,109,1,False,109
10688564,train,186,1,False,186
10688580,train,147,1,False,147
10688582,train,277,2,True,277
10688585,train,480,2,True,480
10688588,train,389,2,True,389
10688590,train,359,2,True,359
10688624,train,375,2,True,375
10688633,train,201,1,False,201
10688733,train,203,1,False,203
10688920,train,73,1,False,73
10688929,train,110,1,False,110
10689074,train,358,2,True,358
10689124,train,682,3,True,682
10689256,train,304,2,True,304
10689268,train,598,3,True,598
10689368,train,397,2,True,397
10689578,train,183,1,False,183
10689582,train,238,1,False,238
10689614,train,209,1,False,209
10689624,train,384,2,True,384
10689636,train,78,1,False,78
10689835,train,48,1,False,48
10689980,train,276,2,True,276
10690080,train,178,1,False,178
10690659,train,353,2,True,353
10690667,train,125,1,False,125
10690866,train,185,1,False,185
10691166,train,33,1,False,33
10691172,train,324,2,True,324
10691319,train,528,3,True,528
10691367,train,140,1,False,140
10691409,train,324,2,True,324
10691413,train,261,2,True,261
10691623,train,268,2,True,268
10691666,train,165,1,False,165
10691850,train,178,1,False,178
10692542,train,281,2,True,281
10692603,train,211,1,False,211
10693028,train,242,1,False,242
10693099,train,1155,5,True,1155
10693198,train,472,2,True,472
10693332,train,241,1,False,241
10693653,train,245,1,False,245
10693667,train,473,2,True,473
10694033,train,57,1,False,57
10694190,train,522,3,True,522
10694195,train,1518,6,True,1518
10694227,train,70,1,False,70
10694369,train,426,2,True,426
10694602,train,244,1,False,244
10694619,train,171,1,False,171
10694632,train,315,2,True,315
10694683,train,608,3,True,608
10694888,train,695,3,True,695
10694935,train,282,2,True,282
10694964,train,385,2,True,385
10695042,train,255,2,True,255
10695155,train,97,1,False,97
10695393,train,250,1,False,250
10695402,train,140,1,False,140
10695671,train,39,1,False,39
10695870,train,135,1,False,135
10696001,train,367,2,True,367
10696298,train,203,1,False,203
10697882,train,213,1,False,213
10697883,train,67,1,False,67
10697911,train,20,1,False,20
10687280,train,121,1,False,121
10687606,train,211,1,False,211
10687891,train,61,1,False,61
10692023,train,88,1,False,88
10692131,train,630,3,True,630
10692839,train,92,1,False,92
10694024,train,123,1,False,123
10694055,train,123,1,False,123
10694926,train,244,1,False,244
10696733,train,82,1,False,82
10696773,train,137,1,False,137
10696883,train,12,1,False,12
10696973,train,1013,4,True,1013
10698451,train,199,1,False,199
10698477,train,140,1,False,140
10698944,train,107,1,False,107
10699962,train,185,1,False,185
10699970,train,774,4,True,774
10699971,train,439,2,True,439
10699972,train,87,1,False,87
10700167,train,128,1,False,128
10700378,train,543,3,True,543
10700752,train,1052,5,True,1052
10701229,train,189,1,False,189
10703154,train,230,1,False,230
10704289,train,521,3,True,521
10709201,train,1104,5,True,1104
10709288,train,70,1,False,70
10709410,train,164,1,False,164
10709518,train,100,1,False,100
10709552,train,85,1,False,85
10709589,train,116,1,False,116
10709609,train,244,1,False,244
10714030,train,194,1,False,194
10714233,train,448,2,True,448
10714236,train,21,1,False,21
10714880,train,920,4,True,920
10714939,train,254,1,False,254
10715047,train,1260,5,True,1260
10715077,train,231,1,False,231
10715206,train,107,1,False,107
10715254,train,24,1,False,24
10715472,train,180,1,False,180
10715527,train,334,2,True,334
10716459,train,389,2,True,389
10716902,train,273,2,True,273
10716934,train,298,2,True,298
10717117,train,127,1,False,127
10717145,train,260,2,True,260
10717375,train,54,1,False,54
10717556,train,300,2,True,300
10717719,train,215,1,False,215
10717740,train,391,2,True,391
10717804,train,366,2,True,366
10718137,train,467,2,True,467
10718229,train,269,2,True,269
10718346,train,240,1,False,240
10718417,train,21,1,False,21
10718653,train,312,2,True,312
10719413,train,287,2,True,287
10719425,train,72,1,False,72
10719668,train,1183,5,True,1183
10720717,train,691,3,True,691
10720733,train,376,2,True,376
10720799,train,134,1,False,134
10720857,train,693,3,True,693
10720894,train,302,2,True,302
10720981,train,62,1,False,62
10720992,train,366,2,True,366
10721021,train,147,1,False,147
10721214,train,136,1,False,136
10721249,train,179,1,False,179
10721325,train,12,1,False,12
10721400,train,154,1,False,154
10721453,train,194,1,False,194
10721461,train,201,1,False,201
10721503,train,210,1,False,210
10721764,train,43,1,False,43
10736492,train,350,2,True,350
10736496,train,539,3,True,539
10701308,train,460,2,True,460
10701323,train,131,1,False,131
10701333,train,80,1,False,80
10701353,train,100,1,False,100
10701446,train,45,1,False,45
10701499,train,159,1,False,159
10701700,train,52,1,False,52
10701764,train,260,2,True,260
10702289,train,25,1,False,25
10702304,train,404,2,True,404
10702381,train,59,1,False,59
10702787,train,90,1,False,90
10702793,train,262,2,True,262
10702964,train,347,2,True,347
10703911,train,35,1,False,35
10703998,train,23,1,False,23
10704076,train,158,1,False,158
10704395,train,242,1,False,242
10704918,train,249,1,False,249
10704966,train,339,2,True,339
10705115,train,705,3,True,705
10705542,train,308,2,True,308
10705575,train,474,2,True,474
10705616,train,146,1,False,146
10705781,train,355,2,True,355
10705821,train,120,1,False,120
10706184,train,226,1,False,226
10707016,train,26,1,False,26
10707035,train,237,1,False,237
10707782,train,236,1,False,236
10707797,train,247,1,False,247
10707834,train,167,1,False,167
10707888,train,93,1,False,93
10708478,train,244,1,False,244
10708582,train,73,1,False,73
10708728,train,66,1,False,66
10708741,train,117,1,False,117
10709132,train,78,1,False,78
10709657,train,708,3,True,708
10709859,train,129,1,False,129
10710556,train,911,4,True,911
10710792,train,38,1,False,38
10711055,train,201,1,False,201
10711374,train,108,1,False,108
10711443,train,322,2,True,322
10712010,train,179,1,False,179
10712789,train,115,1,False,115
10712970,train,102,1,False,102
10713120,train,283,2,True,283
10713137,train,178,1,False,178
10713198,train,315,2,True,315
10713355,train,619,3,True,619
10713469,train,125,1,False,125
10713515,train,146,1,False,146
10713618,train,344,2,True,344
10713659,train,331,2,True,331
10713862,train,127,1,False,127
10714087,train,241,1,False,241
10714481,train,160,1,False,160
10717035,train,325,2,True,325
10717545,train,90,1,False,90
10722540,train,188,1,False,188
10723887,train,705,3,True,705
10723896,train,199,1,False,199
10723919,train,46,1,False,46
10723930,train,191,1,False,191
10723936,train,26,1,False,26
10723937,train,580,3,True,580
10723939,train,359,2,True,359
10724955,train,162,1,False,162
10724961,train,324,2,True,324
10725086,train,339,2,True,339
10725194,train,260,2,True,260
10725297,train,393,2,True,393
10725352,train,417,2,True,417
10725354,train,265,2,True,265
10726291,train,534,3,True,534
10727297,train,59,1,False,59
10722659,train,271,2,True,271
10722700,train,352,2,True,352
10722708,train,147,1,False,147
10722731,train,935,4,True,935
10723004,train,497,2,True,497
10723126,train,201,1,False,201
10723183,train,1240,5,True,1240
10723184,train,66,1,False,66
10723224,train,596,3,True,596
10724060,train,84,1,False,84
10724105,train,413,2,True,413
10724166,train,643,3,True,643
10724170,train,153,1,False,153
10724339,train,827,4,True,827
10724374,train,446,2,True,446
10724413,train,114,1,False,114
10724418,train,104,1,False,104
10729235,train,729,3,True,729
10729411,train,345,2,True,345
10729569,train,1231,5,True,1231
10730009,train,14,1,False,14
10730146,train,34,1,False,34
10730200,train,311,2,True,311
10730442,train,118,1,False,118
10730663,train,243,1,False,243
10731208,train,146,1,False,146
10731547,train,371,2,True,371
10731619,train,485,2,True,485
10731662,train,277,2,True,277
10731687,train,135,1,False,135
10731719,train,41,1,False,41
10731828,train,117,1,False,117
10732077,train,390,2,True,390
10732217,train,516,3,True,516
10732384,train,52,1,False,52
10732395,train,223,1,False,223
10732620,train,23,1,False,23
10732703,train,565,3,True,565
10732798,train,905,4,True,905
10732921,train,110,1,False,110
10733057,train,236,1,False,236
10733108,train,237,1,False,237
10733155,train,41,1,False,41
10733159,train,590,3,True,590
10733173,train,542,3,True,542
10733440,train,409,2,True,409
10733493,train,117,1,False,117
10733518,train,824,4,True,824
10733628,train,320,2,True,320
10733767,train,91,1,False,91
10733891,train,214,1,False,214
10733931,train,106,1,False,106
10733982,train,211,1,False,211
10733989,train,249,1,False,249
10734401,train,74,1,False,74
10734427,train,171,1,False,171
10734442,train,298,2,True,298
10734446,train,281,2,True,281
10734545,train,353,2,True,353
10734639,train,153,1,False,153
10734686,train,575,3,True,575
10734835,train,844,4,True,844
10734847,train,213,1,False,213
10734951,train,257,2,True,257
10734956,train,57,1,False,57
10735004,train,212,1,False,212
10735357,train,428,2,True,428
10735552,train,888,4,True,888
10735602,train,250,1,False,250
10735699,train,79,1,False,79
10735793,train,61,1,False,61
10735795,train,111,1,False,111
10735899,train,81,1,False,81
10735988,train,224,1,False,224
10736066,train,388,2,True,388
10736283,train,50,1,False,50
10736382,train,943,4,True,943
10736435,train,539,3,True,539
10736444,train,129,1,False,129
10736680,train,19,1,False,19
10736764,train,101,1,False,101
10736769,train,217,1,False,217
10736958,train,1404,6,True,1404
10737056,train,90,1,False,90
10737068,train,1030,5,True,1030
10737087,train,254,1,False,254
10737113,train,211,1,False,211
10737293,train,222,1,False,222
10737571,train,154,1,False,154
10737591,train,49,1,False,49
10737615,train,112,1,False,112
10737731,train,85,1,False,85
10737829,train,198,1,False,198
10737933,train,148,1,False,148
10738240,train,196,1,False,196
10738520,train,89,1,False,89
10738549,train,499,2,True,499
10738580,train,100,1,False,100
10739145,train,210,1,False,210
10726812,train,136,1,False,136
10727089,train,402,2,True,402
10727280,train,491,2,True,491
10727299,train,335,2,True,335
10727377,train,152,1,False,152
10727634,train,38,1,False,38
10727783,train,232,1,False,232
10727791,train,208,1,False,208
10727854,train,205,1,False,205
10728160,train,125,1,False,125
10728303,train,297,2,True,297
10728785,train,173,1,False,173
10728957,train,326,2,True,326
10728965,train,281,2,True,281
10729005,train,318,2,True,318
10730013,train,115,1,False,115
10740645,train,88,1,False,88
10741058,train,463,2,True,463
10741138,train,137,1,False,137
10741306,train,351,2,True,351
10741338,train,247,1,False,247
10741472,train,549,3,True,549
10741481,train,245,1,False,245
10741508,train,535,3,True,535
10741575,train,177,1,False,177
10741605,train,301,2,True,301
10741622,train,1476,6,True,1476
10741689,train,608,3,True,608
10741906,train,273,2,True,273
10741918,train,43,1,False,43
10741948,train,815,4,True,815
10741978,train,129,1,False,129
10742129,train,82,1,False,82
10742188,train,215,1,False,215
10742352,train,112,1,False,112
10742433,train,997,4,True,997
10742583,train,23,1,False,23
10742613,train,217,1,False,217
10742664,train,370,2,True,370
10742703,train,282,2,True,282
10742735,train,319,2,True,319
10742738,train,137,1,False,137
10742803,train,107,1,False,107
10742811,train,298,2,True,298
10742882,train,302,2,True,302
10742987,train,266,2,True,266
10743053,train,395,2,True,395
10743070,train,289,2,True,289
10743230,train,284,2,True,284
10743406,train,69,1,False,69
10743433,train,50,1,False,50
10743538,train,285,2,True,285
10743587,train,44,1,False,44
10743624,train,775,4,True,775
10743676,train,564,3,True,564
10743838,train,196,1,False,196
10743996,train,105,1,False,105
10744170,train,342,2,True,342
10744323,train,303,2,True,303
10744370,train,1132,5,True,1132
10744426,train,254,1,False,254
10744797,train,111,1,False,111
10744895,train,318,2,True,318
10744983,train,502,2,True,502
10745002,train,148,1,False,148
10745052,train,133,1,False,133
10745205,train,259,2,True,259
10745325,train,136,1,False,136
10740837,train,18,1,False,18
10745981,train,576,3,True,576
10747869,train,59,1,False,59
10747870,train,242,1,False,242
10747998,train,130,1,False,130
10748013,train,27,1,False,27
10748165,train,58,1,False,58
10748179,train,116,1,False,116
10748210,train,93,1,False,93
10748264,train,395,2,True,395
10748388,train,887,4,True,887
10748467,train,83,1,False,83
10748588,train,199,1,False,199
10748716,train,405,2,True,405
10748755,train,49,1,False,49
10748760,train,165,1,False,165
10749040,train,63,1,False,63
10749270,train,181,1,False,181
10749277,train,259,2,True,259
10749317,train,108,1,False,108
10749342,train,436,2,True,436
10749346,train,382,2,True,382
10749363,train,215,1,False,215
10749445,train,107,1,False,107
10749463,train,152,1,False,152
10749472,train,121,1,False,121
10749480,train,204,1,False,204
10749496,train,12,1,False,12
10749556,train,188,1,False,188
10749561,train,294,2,True,294
10749779,train,113,1,False,113
10749909,train,119,1,False,119
10749987,train,121,1,False,121
10749990,train,174,1,False,174
10749992,train,319,2,True,319
10749993,train,182,1,False,182
10750063,train,18,1,False,18
10750131,train,98,1,False,98
10750211,train,362,2,True,362
10750271,train,160,1,False,160
10750370,train,79,1,False,79
10745725,train,576,3,True,576
10745886,train,334,2,True,334
10745920,train,569,3,True,569
10745965,train,360,2,True,360
10746587,train,290,2,True,290
10746624,train,87,1,False,87
10746724,train,394,2,True,394
10746834,train,304,2,True,304
10746929,train,248,1,False,248
10747204,train,13,1,False,13
10747474,train,210,1,False,210
10747486,train,219,1,False,219
10747514,train,459,2,True,459
10748105,train,203,1,False,203
10750874,train,140,1,False,140
10754563,train,71,1,False,71
10754656,train,34,1,False,34
10754735,train,117,1,False,117
10754845,train,483,2,True,483
10755002,train,240,1,False,240
10755086,train,106,1,False,106
10755101,train,213,1,False,213
10755110,train,16,1,False,16
10755205,train,253,1,False,253
10755460,train,377,2,True,377
10755526,train,191,1,False,191
10755534,train,783,4,True,783
10755613,train,211,1,False,211
10755875,train,236,1,False,236
10755966,train,239,1,False,239
10755990,train,339,2,True,339
10756470,train,57,1,False,57
10756641,train,461,2,True,461
10756779,train,168,1,False,168
10757185,train,22,1,False,22
10757389,train,556,3,True,556
10757782,train,110,1,False,110
10758061,train,189,1,False,189
10758201,train,256,2,True,256
10758499,train,327,2,True,327
10758561,train,37,1,False,37
10758801,train,139,1,False,139
10758919,train,314,2,True,314
10759047,train,150,1,False,150
10759052,train,393,2,True,393
10759054,train,859,4,True,859
10759182,train,127,1,False,127
10759191,train,831,4,True,831
10759359,train,102,1,False,102
10759552,train,227,1,False,227
10759669,train,292,2,True,292
10759803,train,722,3,True,722
10759951,train,261,2,True,261
10760091,train,1230,5,True,1230
10760096,train,53,1,False,53
10760216,train,598,3,True,598
10760593,train,190,1,False,190
10760761,train,137,1,False,137
10760839,train,83,1,False,83
10760859,train,612,3,True,612
10761152,train,24,1,False,24
10761157,train,356,2,True,356
10761472,train,481,2,True,481
10761661,train,197,1,False,197
10761870,train,310,2,True,310
10762140,train,70,1,False,70
10762175,train,167,1,False,167
10762588,train,104,1,False,104
10762915,train,86,1,False,86
10763139,train,374,2,True,374
10752551,train,67,1,False,67
10752701,train,504,2,True,504
10752747,train,106,1,False,106
10753070,train,193,1,False,193
10753731,train,363,2,True,363
10753800,train,17,1,False,17
10754529,train,293,2,True,293
10763475,train,39,1,False,39
10766800,train,364,2,True,364
10766840,train,117,1,False,117
10766965,train,608,3,True,608
10767254,train,28,1,False,28
10767341,train,279,2,True,279
10767358,train,151,1,False,151
10767485,train,25,1,False,25
10767587,train,30,1,False,30
10767886,train,238,1,False,238
10767922,train,83,1,False,83
10767987,train,284,2,True,284
10767990,train,394,2,True,394
10768133,train,454,2,True,454
10768136,train,288,2,True,288
10768238,train,861,4,True,861
10768278,train,652,3,True,652
10768343,train,181,1,False,181
10768783,train,243,1,False,243
10768788,train,58,1,False,58
10768808,train,249,1,False,249
10768829,train,243,1,False,243
10768841,train,38,1,False,38
10768928,train,92,1,False,92
10769232,train,491,2,True,491
10769264,train,226,1,False,226
10769268,train,201,1,False,201
10769419,train,1579,7,True,1579
10769424,train,10,1,False,10
10769443,train,230,1,False,230
10769448,train,195,1,False,195
10769450,train,187,1,False,187
10769461,train,48,1,False,48
10769477,train,403,2,True,403
10769479,train,406,2,True,406
10769959,train,390,2,True,390
10770219,train,304,2,True,304
10770225,train,152,1,False,152
10770263,train,372,2,True,372
10770267,train,206,1,False,206
10770305,train,58,1,False,58
10770340,train,535,3,True,535
10770875,train,756,3,True,756
10770885,train,94,1,False,94
10771037,train,149,1,False,149
10771047,train,235,1,False,235
10771077,train,2204,9,True,2204
10771199,train,415,2,True,415
10771230,train,119,1,False,119
10771351,train,125,1,False,125
10771406,train,475,2,True,475
10771430,train,370,2,True,370
10771474,train,48,1,False,48
10771553,train,227,1,False,227
10771847,train,126,1,False,126
10771893,train,61,1,False,61
10772043,train,275,2,True,275
10772172,train,139,1,False,139
10772489,train,212,1,False,212
10772526,train,79,1,False,79
10772594,train,228,1,False,228
10772604,train,864,4,True,864
10772645,train,1324,6,True,1324
10772872,train,172,1,False,172
10772882,train,190,1,False,190
10773043,train,525,3,True,525
10773319,train,343,2,True,343
10773365,train,721,3,True,721
10773398,train,401,2,True,401
10774008,train,335,2,True,335
10774058,train,73,1,False,73
10774191,train,292,2,True,292
10774479,train,120,1,False,120
10774553,train,258,2,True,258
10774561,train,1412,6,True,1412
10774703,train,282,2,True,282
10774788,train,487,2,True,487
10774804,train,307,2,True,307
10774950,train,199,1,False,199
10775084,train,118,1,False,118
10775095,train,331,2,True,331
10775105,train,138,1,False,138
10775272,train,173,1,False,173
10775855,train,91,1,False,91
10776046,train,67,1,False,67
10776234,train,122,1,False,122
10776636,train,190,1,False,190
10776657,train,90,1,False,90
10776675,train,226,1,False,226
10776803,train,489,2,True,489
10777017,train,269,2,True,269
10777133,train,288,2,True,288
10777166,train,701,3,True,701
10777433,train,96,1,False,96
10777562,train,152,1,False,152
10777687,train,177,1,False,177
10764117,train,92,1,False,92
10765040,train,50,1,False,50
10765457,train,18,1,False,18
10766003,train,3596,15,True,3596
10766130,train,27,1,False,27
10766142,train,193,1,False,193
10766169,train,48,1,False,48
10766267,train,573,3,True,573
10766398,train,229,1,False,229
10766399,train,134,1,False,134
10766422,train,216,1,False,216
10766467,train,1377,6,True,1377
10766494,train,376,2,True,376
10766971,train,481,2,True,481
10767106,train,293,2,True,293
10767462,train,306,2,True,306
10768192,train,37,1,False,37
10778054,train,243,1,False,243
10779511,train,514,3,True,514
10779607,train,318,2,True,318
10780052,train,188,1,False,188
10780147,train,388,2,True,388
10780201,train,218,1,False,218
10780426,train,228,1,False,228
10780470,train,227,1,False,227
10780528,train,43,1,False,43
10780609,train,366,2,True,366
10780711,train,117,1,False,117
10780854,train,404,2,True,404
10781312,train,252,1,False,252
10781340,train,482,2,True,482
10781365,train,95,1,False,95
10781445,train,92,1,False,92
10781485,train,141,1,False,141
10782484,train,233,1,False,233
10782567,train,353,2,True,353
10782798,train,106,1,False,106
10783838,train,87,1,False,87
10783868,train,322,2,True,322
10783942,train,708,3,True,708
10784015,train,384,2,True,384
10784019,train,121,1,False,121
10784028,train,75,1,False,75
10784030,train,57,1,False,57
10784090,train,329,2,True,329
10784120,train,320,2,True,320
10784162,train,299,2,True,299
10785508,train,431,2,True,431
10785543,train,47,1,False,47
10785552,train,511,3,True,511
10785576,train,101,1,False,101
10785612,train,248,1,False,248
10785622,train,199,1,False,199
10785627,train,117,1,False,117
10785652,train,131,1,False,131
10785681,train,296,2,True,296
10786312,train,241,1,False,241
10786387,train,154,1,False,154
10786389,train,231,1,False,231
10786412,train,247,1,False,247
10786495,train,63,1,False,63
10786512,train,302,2,True,302
10786618,train,171,1,False,171
10786684,train,167,1,False,167
10786828,train,174,1,False,174
10786907,train,409,2,True,409
10786952,train,178,1,False,178
10787162,train,45,1,False,45
10787857,train,330,2,True,330
10787884,train,302,2,True,302
10787970,train,99,1,False,99
10788056,train,452,2,True,452
10788258,train,193,1,False,193
10788368,train,182,1,False,182
10788938,train,110,1,False,110
10788994,train,229,1,False,229
10789045,train,276,2,True,276
10789064,train,159,1,False,159
10789122,train,309,2,True,309
10789173,train,273,2,True,273
10789184,train,220,1,False,220
10789603,train,409,2,True,409
10789730,train,393,2,True,393
10789855,train,24,1,False,24
10789856,train,223,1,False,223
10789882,train,122,1,False,122
10789888,train,118,1,False,118
10790062,train,79,1,False,79
10790075,train,273,2,True,273
10790391,train,155,1,False,155
10790523,train,242,1,False,242
10790642,train,28,1,False,28
10790671,train,74,1,False,74
10791113,train,36,1,False,36
10791327,train,207,1,False,207
10791661,train,83,1,False,83
10791671,train,29,1,False,29
10791820,train,51,1,False,51
10792483,train,622,3,True,622
10800485,train,509,3,True,509
10818906,train,251,1,False,251
10778680,train,109,1,False,109
10778867,train,579,3,True,579
10778901,train,290,2,True,290
10778997,train,69,1,False,69
10779008,train,812,4,True,812
10779044,train,131,1,False,131
10779047,train,310,2,True,310
10779066,train,126,1,False,126
10779239,train,177,1,False,177
10779491,train,385,2,True,385
10779537,train,844,4,True,844
10779549,train,28,1,False,28
10779605,train,51,1,False,51
10779753,train,938,4,True,938
10779821,train,126,1,False,126
10780020,train,73,1,False,73
10780023,train,95,1,False,95
10780051,train,122,1,False,122
10780222,train,600,3,True,600
10780420,train,442,2,True,442
10780831,train,73,1,False,73
10781779,train,100,1,False,100
10781862,train,684,3,True,684
10793049,train,124,1,False,124
10794154,train,19,1,False,19
10794187,train,10,1,False,10
10794388,train,143,1,False,143
10794400,train,190,1,False,190
10794429,train,274,2,True,274
10794454,train,392,2,True,392
10794479,train,113,1,False,113
10794888,train,262,2,True,262
10795198,train,339,2,True,339
10795210,train,357,2,True,357
10795253,train,115,1,False,115
10795556,train,519,3,True,519
10795573,train,186,1,False,186
10795714,train,149,1,False,149
10795727,train,424,2,True,424
10795923,train,234,1,False,234
10796493,train,144,1,False,144
10796768,train,561,3,True,561
10796884,train,225,1,False,225
10797034,train,1177,5,True,1177
10797271,train,119,1,False,119
10797679,train,154,1,False,154
10797744,train,123,1,False,123
10797776,train,130,1,False,130
10797893,train,125,1,False,125
10797905,train,90,1,False,90
10798075,train,67,1,False,67
10798660,train,286,2,True,286
10798664,train,47,1,False,47
10798786,train,237,1,False,237
10799491,train,284,2,True,284
10800236,train,432,2,True,432
10800244,train,227,1,False,227
10800359,train,121,1,False,121
10800360,train,457,2,True,457
10800405,train,197,1,False,197
10800591,train,202,1,False,202
10801269,train,111,1,False,111
10801331,train,243,1,False,243
10801387,train,246,1,False,246
10801715,train,37,1,False,37
10801862,train,639,3,True,639
10801866,train,337,2,True,337
10801920,train,253,1,False,253
10801985,train,275,2,True,275
10802001,train,222,1,False,222
10802027,train,280,2,True,280
10802093,train,289,2,True,289
10802290,train,41,1,False,41
10802358,train,144,1,False,144
10802472,train,753,3,True,753
10803047,train,73,1,False,73
10803233,train,178,1,False,178
10803380,train,223,1,False,223
10803579,train,23,1,False,23
10803827,train,58,1,False,58
10804109,train,133,1,False,133
10804163,train,694,3,True,694
10804348,train,182,1,False,182
10805957,train,283,2,True,283
10818910,train,124,1,False,124
10792651,train,186,1,False,186
10792667,train,55,1,False,55
10792712,train,153,1,False,153
10792938,train,526,3,True,526
10792951,train,121,1,False,121
10793167,train,42,1,False,42
10793647,train,248,1,False,248
10793663,train,232,1,False,232
10793734,train,242,1,False,242
10793855,train,339,2,True,339
10795024,train,125,1,False,125
10804414,train,126,1,False,126
10804602,train,1316,6,True,1316
10804667,train,570,3,True,570
10804692,train,216,1,False,216
10804699,train,36,1,False,36
10804862,train,65,1,False,65
10804979,train,1291,6,True,1291
10805004,train,127,1,False,127
10805724,train,99,1,False,99
10805733,train,719,3,True,719
10806024,train,132,1,False,132
10806069,train,696,3,True,696
10806614,train,330,2,True,330
10806719,train,547,3,True,547
10806761,train,310,2,True,310
10806773,train,385,2,True,385
10807558,train,371,2,True,371
10808125,train,100,1,False,100
10808466,train,553,3,True,553
10808482,train,351,2,True,351
10808743,train,636,3,True,636
10808862,train,331,2,True,331
10809276,train,244,1,False,244
10809360,train,551,3,True,551
10809371,train,303,2,True,303
10809513,train,208,1,False,208
10809670,train,112,1,False,112
10809762,train,34,1,False,34
10810115,train,652,3,True,652
10810285,train,267,2,True,267
10810286,train,370,2,True,370
10810520,train,641,3,True,641
10810559,train,261,2,True,261
10810574,train,493,2,True,493
10810578,train,322,2,True,322
10810582,train,42,1,False,42
10810746,train,229,1,False,229
10810752,train,334,2,True,334
10810758,train,209,1,False,209
10810781,train,202,1,False,202
10810866,train,61,1,False,61
10810972,train,289,2,True,289
10810985,train,746,3,True,746
10811106,train,438,2,True,438
10811114,train,115,1,False,115
10811430,train,150,1,False,150
10811459,train,57,1,False,57
10811478,train,305,2,True,305
10811484,train,368,2,True,368
10811494,train,178,1,False,178
10811967,train,566,3,True,566
10812018,train,385,2,True,385
10812357,train,2290,10,True,2290
10812610,train,370,2,True,370
10812838,train,300,2,True,300
10812906,train,388,2,True,388
10812908,train,93,1,False,93
10812939,train,156,1,False,156
10813082,train,144,1,False,144
10813265,train,352,2,True,352
10813332,train,54,1,False,54
10814069,train,220,1,False,220
10814120,train,286,2,True,286
10814189,train,900,4,True,900
10814205,train,792,4,True,792
10814207,train,690,3,True,690
10814241,train,196,1,False,196
10814266,train,286,2,True,286
10814352,train,87,1,False,87
10814540,train,82,1,False,82
10814694,train,916,4,True,916
10814953,train,154,1,False,154
10815175,train,145,1,False,145
10815397,train,277,2,True,277
10815494,train,141,1,False,141
10815551,train,204,1,False,204
10815656,train,175,1,False,175
10815699,train,282,2,True,282
10815746,train,80,1,False,80
10815769,train,80,1,False,80
10815964,train,283,2,True,283
10815991,train,1573,7,True,1573
10816531,train,963,4,True,963
10816849,train,56,1,False,56
10816975,train,391,2,True,391
10816992,train,12,1,False,12
10817080,train,537,3,True,537
10817098,train,67,1,False,67
10817186,train,317,2,True,317
10817388,train,114,1,False,114
10817409,train,320,2,True,320
10817413,train,133,1,False,133
10817439,train,151,1,False,151
10817491,train,192,1,False,192
10817576,train,293,2,True,293
10817626,train,60,1,False,60
10818018,train,191,1,False,191
10818027,train,479,2,True,479
10818496,train,33,1,False,33
10818647,train,308,2,True,308
10806973,train,243,1,False,243
10807010,train,86,1,False,86
10807017,train,874,4,True,874
10807442,train,201,1,False,201
10807653,train,141,1,False,141
10808031,train,284,2,True,284
10808104,train,38,1,False,38
10808470,train,115,1,False,115
10809144,train,421,2,True,421
10819801,train,295,2,True,295
10819963,train,53,1,False,53
10819965,train,1005,4,True,1005
10820027,train,26,1,False,26
10820243,train,414,2,True,414
10820244,train,270,2,True,270
10820247,train,581,3,True,581
10820410,train,90,1,False,90
10820417,train,186,1,False,186
10820422,train,170,1,False,170
10820435,train,340,2,True,340
10820727,train,250,1,False,250
10820750,train,354,2,True,354
10820756,train,81,1,False,81
10820869,train,136,1,False,136
10820956,train,412,2,True,412
10820961,train,41,1,False,41
10821044,train,184,1,False,184
10821097,train,159,1,False,159
10821112,train,165,1,False,165
10821238,train,23,1,False,23
10821333,train,115,1,False,115
10821351,train,246,1,False,246
10821593,train,49,1,False,49
10821594,train,89,1,False,89
10821599,train,253,1,False,253
10821709,train,287,2,True,287
10821877,train,171,1,False,171
10821895,train,177,1,False,177
10821959,train,150,1,False,150
10821974,train,838,4,True,838
10823344,train,472,2,True,472
10823757,train,148,1,False,148
10824287,train,346,2,True,346
10824352,train,869,4,True,869
10824519,train,405,2,True,405
10824602,train,324,2,True,324
10824938,train,50,1,False,50
10824952,train,54,1,False,54
10825006,train,62,1,False,62
10825268,train,135,1,False,135
10825292,train,223,1,False,223
10825459,train,94,1,False,94
10825462,train,263,2,True,263
10825679,train,218,1,False,218
10825711,train,115,1,False,115
10825727,train,171,1,False,171
10825834,train,180,1,False,180
10825932,train,175,1,False,175
10825952,train,77,1,False,77
10826087,train,141,1,False,141
10826096,train,93,1,False,93
10826101,train,292,2,True,292
10826124,train,310,2,True,310
10826139,train,202,1,False,202
10823510,train,105,1,False,105
10823560,train,41,1,False,41
10823600,train,212,1,False,212
10823625,train,296,2,True,296
10823653,train,94,1,False,94
10824002,train,29,1,False,29
10824041,train,333,2,True,333
10824117,train,117,1,False,117
10824180,train,190,1,False,190
10824307,train,111,1,False,111
10824396,train,219,1,False,219
10824469,train,145,1,False,145
10826503,train,139,1,False,139
10826754,train,240,1,False,240
10826808,train,223,1,False,223
10826878,train,152,1,False,152
10826897,train,117,1,False,117
10826925,train,179,1,False,179
10826936,train,80,1,False,80
10826987,train,200,1,False,200
10827024,train,311,2,True,311
10827107,train,38,1,False,38
10827173,train,179,1,False,179
10827244,train,531,3,True,531
10827850,train,12,1,False,12
10827882,train,218,1,False,218
10828014,train,172,1,False,172
10828020,train,121,1,False,121
10828092,train,229,1,False,229
10828126,train,492,2,True,492
10828363,train,1258,5,True,1258
10828415,train,236,1,False,236
10828602,train,225,1,False,225
10828698,train,469,2,True,469
10828716,train,402,2,True,402
10828769,train,100,1,False,100
10828778,train,112,1,False,112
10828783,train,644,3,True,644
10829067,train,236,1,False,236
10829069,train,169,1,False,169
10829100,train,106,1,False,106
10829488,train,197,1,False,197
10829819,train,202,1,False,202
10830507,train,686,3,True,686
10832197,train,464,2,True,464
10832279,train,44,1,False,44
10832406,train,260,2,True,260
10832440,train,41,1,False,41
10832471,train,418,2,True,418
10832736,train,121,1,False,121
10832833,train,52,1,False,52
10833101,train,19,1,False,19
10833231,train,188,1,False,188
10833250,train,599,3,True,599
10833426,train,191,1,False,191
10849319,train,41,1,False,41
10859658,train,208,1,False,208
10826594,train,152,1,False,152
10827091,train,25,1,False,25
10827500,train,122,1,False,122
10827779,train,187,1,False,187
10827783,train,166,1,False,166
10827798,train,2043,9,True,2043
10829112,train,1592,7,True,1592
10829149,train,486,2,True,486
10829168,train,368,2,True,368
10829201,train,148,1,False,148
10829317,train,190,1,False,190
10830169,train,14,1,False,14
10830283,train,12,1,False,12
10830395,train,484,2,True,484
10830725,train,35,1,False,35
10830823,train,521,3,True,521
10831031,train,161,1,False,161
10831806,train,187,1,False,187
10833495,train,445,2,True,445
10833741,train,122,1,False,122
10833801,train,228,1,False,228
10834071,train,67,1,False,67
10834348,train,339,2,True,339
10834575,train,370,2,True,370
10834578,train,126,1,False,126
10834837,train,269,2,True,269
10848888,train,52,1,False,52
10854286,train,183,1,False,183
10854454,train,161,1,False,161
10856951,train,129,1,False,129
10856985,train,105,1,False,105
10869848,train,278,2,True,278
10870479,train,82,1,False,82
10870480,train,96,1,False,96
10870488,train,68,1,False,68
10870538,train,228,1,False,228
10870644,train,418,2,True,418
10870729,train,627,3,True,627
10870736,train,183,1,False,183
10870817,train,28,1,False,28
10870880,train,665,3,True,665
10870942,train,250,1,False,250
10870994,train,244,1,False,244
10871018,train,200,1,False,200
10871079,train,610,3,True,610
10871100,train,256,2,True,256
10871264,train,223,1,False,223
10871312,train,152,1,False,152
10871321,train,273,2,True,273
10871331,train,166,1,False,166
10871332,train,129,1,False,129
10871376,train,321,2,True,321
10871411,train,44,1,False,44
10872134,train,485,2,True,485
10872152,train,157,1,False,157
10872232,train,389,2,True,389
10872344,train,188,1,False,188
10872394,train,321,2,True,321
10872398,train,337,2,True,337
10872410,train,254,1,False,254
10872468,train,232,1,False,232
10872492,train,92,1,False,92
10872569,train,653,3,True,653
10872620,train,89,1,False,89
10872698,train,152,1,False,152
10872816,train,356,2,True,356
10873066,train,1437,6,True,1437
10873337,train,44,1,False,44
10873386,train,124,1,False,124
10873436,train,176,1,False,176
10873504,train,112,1,False,112
10873559,train,310,2,True,310
10873773,train,147,1,False,147
10873983,train,341,2,True,341
10874243,train,291,2,True,291
10874252,train,96,1,False,96
10874403,train,285,2,True,285
10874645,train,429,2,True,429
10875859,train,238,1,False,238
10875890,train,159,1,False,159
10875928,train,244,1,False,244
10875934,train,266,2,True,266
10875935,train,193,1,False,193
10875945,train,141,1,False,141
10875951,train,646,3,True,646
10877226,train,635,3,True,635
10879438,train,185,1,False,185
10879442,train,455,2,True,455
10835934,train,237,1,False,237
10836006,train,70,1,False,70
10836016,train,232,1,False,232
10836068,train,271,2,True,271
10836128,train,225,1,False,225
10836259,train,40,1,False,40
10836290,train,122,1,False,122
10836649,train,193,1,False,193
10836800,train,970,4,True,970
10836812,train,151,1,False,151
10836994,train,414,2,True,414
10837036,train,551,3,True,551
10837256,train,153,1,False,153
10837405,train,232,1,False,232
10837765,train,11,1,False,11
10837827,train,222,1,False,222
10837828,train,855,4,True,855
10837841,train,136,1,False,136
10837888,train,416,2,True,416
10837916,train,63,1,False,63
10838007,train,78,1,False,78
10838056,train,118,1,False,118
10838124,train,87,1,False,87
10838125,train,209,1,False,209
10838161,train,363,2,True,363
10838356,train,153,1,False,153
10838412,train,595,3,True,595
10838414,train,213,1,False,213
10838619,train,57,1,False,57
10838747,train,365,2,True,365
10838808,train,127,1,False,127
10838920,train,243,1,False,243
10838940,train,568,3,True,568
10838961,train,448,2,True,448
10839027,train,636,3,True,636
10839155,train,251,1,False,251
10839385,train,205,1,False,205
10840355,train,491,2,True,491
10840629,train,47,1,False,47
10842188,train,207,1,False,207
10842443,train,135,1,False,135
10842877,train,219,1,False,219
10844404,train,818,4,True,818
10844561,train,230,1,False,230
10846225,train,131,1,False,131
10846397,train,173,1,False,173
10846810,train,706,3,True,706
10847038,train,314,2,True,314
10847154,train,200,1,False,200
10847229,train,194,1,False,194
10847552,train,393,2,True,393
10847604,train,526,3,True,526
10847649,train,17,1,False,17
10848025,train,498,2,True,498
10848050,train,563,3,True,563
10848187,train,272,2,True,272
10848829,train,119,1,False,119
10848866,train,534,3,True,534
10848872,train,419,2,True,419
10849059,train,30,1,False,30
10849091,train,368,2,True,368
10849243,train,519,3,True,519
10849506,train,200,1,False,200
10854042,train,199,1,False,199
10854282,train,48,1,False,48
10854419,train,366,2,True,366
10854466,train,404,2,True,404
10854496,train,204,1,False,204
10854512,train,135,1,False,135
10856163,train,33,1,False,33
10856203,train,13,1,False,13
10856324,train,887,4,True,887
10856422,train,345,2,True,345
10856632,train,361,2,True,361
10856652,train,577,3,True,577
10856685,train,455,2,True,455
10858806,train,344,2,True,344
10859264,train,159,1,False,159
10859275,train,168,1,False,168
10859323,train,81,1,False,81
10859449,train,267,2,True,267
10859571,train,149,1,False,149
10859578,train,521,3,True,521
10859730,train,112,1,False,112
10859791,train,254,1,False,254
10860436,train,324,2,True,324
10860464,train,313,2,True,313
10860486,train,2513,10,True,2513
10860594,train,134,1,False,134
10862246,train,95,1,False,95
10862387,train,23,1,False,23
10869694,train,450,2,True,450
10870307,train,140,1,False,140
10870411,train,139,1,False,139
10870419,train,77,1,False,77
10870920,train,262,2,True,262
10871235,train,136,1,False,136
10872237,train,104,1,False,104
10877899,train,269,2,True,269
10877920,train,110,1,False,110
10878096,train,429,2,True,429
10878108,train,67,1,False,67
10878287,train,731,3,True,731
10878306,train,204,1,False,204
10878369,train,100,1,False,100
10878998,train,286,2,True,286
10879128,train,545,3,True,545
10879211,train,269,2,True,269
10879238,train,103,1,False,103
10879261,train,694,3,True,694
10879289,train,212,1,False,212
10879387,train,483,2,True,483
10836636,train,39,1,False,39
10841902,train,327,2,True,327
10842029,train,102,1,False,102
10846436,train,328,2,True,328
10846450,train,43,1,False,43
10846518,train,323,2,True,323
10846689,train,69,1,False,69
10847302,train,54,1,False,54
10847322,train,203,1,False,203
10847381,train,338,2,True,338
10847486,train,55,1,False,55
10847512,train,57,1,False,57
10847525,train,570,3,True,570
10847699,train,71,1,False,71
10847902,train,204,1,False,204
10848858,train,637,3,True,637
10848900,train,396,2,True,396
10849359,train,454,2,True,454
10852253,train,229,1,False,229
10852301,train,51,1,False,51
10852331,train,100,1,False,100
10852548,train,783,4,True,783
10852661,train,71,1,False,71
10853228,train,514,3,True,514
10853270,train,352,2,True,352
10853496,train,114,1,False,114
10853541,train,195,1,False,195
10853570,train,443,2,True,443
10853779,train,221,1,False,221
10853882,train,189,1,False,189
10853901,train,106,1,False,106
10853929,train,826,4,True,826
10853956,train,106,1,False,106
10855366,train,32,1,False,32
10855499,train,124,1,False,124
10855834,train,255,2,True,255
10855846,train,101,1,False,101
10855889,train,520,3,True,520
10855920,train,167,1,False,167
10856007,train,632,3,True,632
10856129,train,289,2,True,289
10856143,train,598,3,True,598
10856462,train,295,2,True,295
10858223,train,64,1,False,64
10858334,train,132,1,False,132
10858509,train,145,1,False,145
10858864,train,35,1,False,35
10858938,train,239,1,False,239
10858998,train,61,1,False,61
10860175,train,57,1,False,57
10861745,train,323,2,True,323
10861746,train,79,1,False,79
10862287,train,167,1,False,167
10868835,train,518,3,True,518
10868899,train,1906,8,True,1906
10869125,train,98,1,False,98
10869154,train,349,2,True,349
10869221,train,169,1,False,169
10869846,train,248,1,False,248
10869917,train,247,1,False,247
10870275,train,257,2,True,257
10870614,train,354,2,True,354
10872984,train,184,1,False,184
10873752,train,339,2,True,339
10873956,train,74,1,False,74
10874223,train,296,2,True,296
10874225,train,357,2,True,357
10874862,train,146,1,False,146
10874996,train,562,3,True,562
10875080,train,238,1,False,238
10875089,train,159,1,False,159
10875139,train,20,1,False,20
10875153,train,24,1,False,24
10875214,train,212,1,False,212
10875323,train,248,1,False,248
10875325,train,84,1,False,84
10875335,train,139,1,False,139
10875437,train,57,1,False,57
10876160,train,14,1,False,14
10876188,train,201,1,False,201
10876272,train,218,1,False,218
10876303,train,136,1,False,136
10876380,train,456,2,True,456
10876415,train,231,1,False,231
10876510,train,552,3,True,552
10876594,train,287,2,True,287
10876814,train,343,2,True,343
10878031,train,103,1,False,103
10878713,train,147,1,False,147
10846440,train,136,1,False,136
10846592,train,79,1,False,79
10847048,train,81,1,False,81
10847091,train,138,1,False,138
10847307,train,35,1,False,35
10848592,train,128,1,False,128
10848701,train,463,2,True,463
10848810,train,574,3,True,574
10851571,train,42,1,False,42
10851660,train,426,2,True,426
10851704,train,497,2,True,497
10851839,train,116,1,False,116
10851900,train,532,3,True,532
10855250,train,269,2,True,269
10863358,train,20,1,False,20
10866938,train,157,1,False,157
10866946,train,270,2,True,270
10867334,train,414,2,True,414
10867664,train,104,1,False,104
10868570,train,613,3,True,613
10879791,train,268,2,True,268
10879950,train,306,2,True,306
10880071,train,107,1,False,107
10880237,train,97,1,False,97
10883917,train,74,1,False,74
10884010,train,137,1,False,137
10884428,train,971,4,True,971
10884433,train,185,1,False,185
10884504,train,166,1,False,166
10884507,train,79,1,False,79
10884683,train,228,1,False,228
10884792,train,471,2,True,471
10884835,train,169,1,False,169
10885076,train,60,1,False,60
10885316,train,89,1,False,89
10885323,train,82,1,False,82
10885409,train,187,1,False,187
10885414,train,722,3,True,722
10885713,train,225,1,False,225
10885734,train,764,4,True,764
10885746,train,980,4,True,980
10885801,train,130,1,False,130
10885806,train,268,2,True,268
10885822,train,563,3,True,563
10885903,train,586,3,True,586
10885934,train,238,1,False,238
10885949,train,147,1,False,147
10886388,train,515,3,True,515
10886394,train,314,2,True,314
10886424,train,543,3,True,543
10886446,train,328,2,True,328
10886465,train,157,1,False,157
10886499,train,110,1,False,110
10886543,train,83,1,False,83
10886550,train,111,1,False,111
10886999,train,237,1,False,237
10887001,train,334,2,True,334
10887149,train,204,1,False,204
10887179,train,527,3,True,527
10887776,train,96,1,False,96
10888017,train,206,1,False,206
10888076,train,393,2,True,393
10888183,train,99,1,False,99
10888305,train,298,2,True,298
10888422,train,538,3,True,538
10888490,train,341,2,True,341
10889091,train,149,1,False,149
10889380,train,161,1,False,161
10889522,train,705,3,True,705
10890216,train,284,2,True,284
10890257,train,85,1,False,85
10890359,train,225,1,False,225
10891721,train,142,1,False,142
10892072,train,106,1,False,106
10892271,train,45,1,False,45
10892273,train,32,1,False,32
10892592,train,325,2,True,325
10892679,train,179,1,False,179
10880571,train,276,2,True,276
10882086,train,824,4,True,824
10882147,train,133,1,False,133
10882167,train,147,1,False,147
10882569,train,141,1,False,141
10882595,train,408,2,True,408
10882611,train,506,2,True,506
10882628,train,114,1,False,114
10882669,train,134,1,False,134
10882712,train,384,2,True,384
10882766,train,272,2,True,272
10883522,train,216,1,False,216
10883701,train,83,1,False,83
10883775,train,207,1,False,207
10883777,train,69,1,False,69
10883807,train,214,1,False,214
10883830,train,122,1,False,122
10883873,train,166,1,False,166
10884392,train,58,1,False,58
10884400,train,53,1,False,53
10884441,train,625,3,True,625
10885028,train,33,1,False,33
10885397,train,75,1,False,75
10891456,train,508,2,True,508
10893410,train,400,2,True,400
10894405,train,36,1,False,36
10894527,train,480,2,True,480
10894536,train,864,4,True,864
10894608,train,1594,7,True,1594
10895316,train,28,1,False,28
10895331,train,373,2,True,373
10895449,train,989,4,True,989
10895477,train,90,1,False,90
10895482,train,164,1,False,164
10895486,train,38,1,False,38
10895519,train,464,2,True,464
10895894,train,61,1,False,61
10895913,train,204,1,False,204
10896149,train,273,2,True,273
10896208,train,212,1,False,212
10896299,train,78,1,False,78
10896372,train,87,1,False,87
10896657,train,217,1,False,217
10896662,train,639,3,True,639
10896912,train,371,2,True,371
10897234,train,617,3,True,617
10897278,train,261,2,True,261
10898164,train,60,1,False,60
10898213,train,180,1,False,180
10898261,train,661,3,True,661
10898278,train,549,3,True,549
10898288,train,190,1,False,190
10898360,train,117,1,False,117
10898362,train,478,2,True,478
10898379,train,171,1,False,171
10898415,train,223,1,False,223
10898440,train,169,1,False,169
10898445,train,187,1,False,187
10898496,train,246,1,False,246
10898501,train,218,1,False,218
10898518,train,316,2,True,316
10899392,train,428,2,True,428
10899415,train,98,1,False,98
10899458,train,282,2,True,282
10899562,train,186,1,False,186
10899588,train,208,1,False,208
10899649,train,209,1,False,209
10900259,train,348,2,True,348
10900340,train,249,1,False,249
10900445,train,510,3,True,510
10900466,train,97,1,False,97
10900499,train,345,2,True,345
10900613,train,402,2,True,402
10900619,train,289,2,True,289
10900781,train,510,3,True,510
10900803,train,904,4,True,904
10900898,train,119,1,False,119
10901128,train,86,1,False,86
10901189,train,112,1,False,112
10901286,train,359,2,True,359
10901287,train,85,1,False,85
10901583,train,164,1,False,164
10901929,train,140,1,False,140
10901937,train,28,1,False,28
10901987,train,14,1,False,14
10902083,train,283,2,True,283
10902113,train,141,1,False,141
10902230,train,73,1,False,73
10902354,train,119,1,False,119
10902356,train,52,1,False,52
10902369,train,416,2,True,416
10902376,train,161,1,False,161
10902617,train,283,2,True,283
10902682,train,80,1,False,80
10902697,train,105,1,False,105
10903188,train,214,1,False,214
10903394,train,198,1,False,198
10903527,train,426,2,True,426
10912884,train,1307,6,True,1307
10893186,train,278,2,True,278
10893718,train,500,2,True,500
10893745,train,285,2,True,285
10894449,train,111,1,False,111
10894492,train,1107,5,True,1107
10903720,train,365,2,True,365
10903892,train,349,2,True,349
10903999,train,245,1,False,245
10904283,train,133,1,False,133
10904535,train,127,1,False,127
10904587,train,73,1,False,73
10904762,train,154,1,False,154
10904763,train,92,1,False,92
10905526,train,375,2,True,375
10906997,train,440,2,True,440
10908795,train,69,1,False,69
10908976,train,382,2,True,382
10909302,train,614,3,True,614
10909393,train,252,1,False,252
10909496,train,212,1,False,212
10909649,train,274,2,True,274
10909689,train,622,3,True,622
10909707,train,276,2,True,276
10909803,train,157,1,False,157
10909824,train,117,1,False,117
10910034,train,169,1,False,169
10910257,train,127,1,False,127
10910296,train,137,1,False,137
10910538,train,289,2,True,289
10910646,train,276,2,True,276
10910688,train,114,1,False,114
10910776,train,71,1,False,71
10910780,train,143,1,False,143
10910816,train,41,1,False,41
10910901,train,287,2,True,287
10910919,train,121,1,False,121
10910962,train,803,4,True,803
10911035,train,344,2,True,344
10911116,train,208,1,False,208
10911136,train,475,2,True,475
10911362,train,281,2,True,281
10911606,train,108,1,False,108
10911645,train,233,1,False,233
10911784,train,32,1,False,32
10911963,train,424,2,True,424
10911983,train,182,1,False,182
10912559,train,226,1,False,226
10912739,train,644,3,True,644
10912849,train,249,1,False,249
10912898,train,203,1,False,203
10914718,train,252,1,False,252
10930244,train,481,2,True,481
10905696,train,115,1,False,115
10905999,train,558,3,True,558
10906066,train,447,2,True,447
10906110,train,80,1,False,80
10906171,train,1680,7,True,1680
10906188,train,62,1,False,62
10906212,train,331,2,True,331
10906240,train,121,1,False,121
10906334,train,38,1,False,38
10906392,train,81,1,False,81
10906405,train,266,2,True,266
10906528,train,171,1,False,171
10906538,train,13,1,False,13
10906554,train,222,1,False,222
10906602,train,60,1,False,60
10906608,train,279,2,True,279
10906659,train,163,1,False,163
10906685,train,315,2,True,315
10906728,train,226,1,False,226
10906734,train,123,1,False,123
10906805,train,490,2,True,490
10906901,train,51,1,False,51
10907031,train,112,1,False,112
10907236,train,211,1,False,211
10907269,train,351,2,True,351
10907352,train,54,1,False,54
10907379,train,281,2,True,281
10907547,train,259,2,True,259
10907567,train,271,2,True,271
10907714,train,18,1,False,18
10907914,train,364,2,True,364
10907990,train,110,1,False,110
10908095,train,261,2,True,261
10908124,train,373,2,True,373
10908266,train,251,1,False,251
10908268,train,257,2,True,257
10908300,train,214,1,False,214
10908309,train,40,1,False,40
10908447,train,575,3,True,575
10908458,train,379,2,True,379
10908493,train,25,1,False,25
10908510,train,195,1,False,195
10908685,train,461,2,True,461
10908707,train,141,1,False,141
10908837,train,200,1,False,200
10908873,train,672,3,True,672
10908874,train,308,2,True,308
10909030,train,157,1,False,157
10909091,train,248,1,False,248
10909107,train,226,1,False,226
10912932,train,160,1,False,160
10913023,train,131,1,False,131
10913026,train,173,1,False,173
10914713,train,110,1,False,110
10914980,train,15,1,False,15
10915002,train,377,2,True,377
10915142,train,18,1,False,18
10915155,train,20,1,False,20
10915162,train,627,3,True,627
10915175,train,152,1,False,152
10915178,train,16,1,False,16
10915205,train,507,2,True,507
10915220,train,143,1,False,143
10915309,train,439,2,True,439
10915312,train,397,2,True,397
10915313,train,19,1,False,19
10915391,train,18,1,False,18
10915394,train,177,1,False,177
10904873,train,96,1,False,96
10904942,train,203,1,False,203
10913378,train,528,3,True,528
10914804,train,28,1,False,28
10914825,train,287,2,True,287
10916440,train,444,2,True,444
10917206,train,142,1,False,142
10917213,train,143,1,False,143
10917287,train,601,3,True,601
10917550,train,224,1,False,224
10917747,train,446,2,True,446
10917836,train,75,1,False,75
10918218,train,495,2,True,495
10918581,train,185,1,False,185
10918649,train,128,1,False,128
10919388,train,67,1,False,67
10919704,train,112,1,False,112
10920081,train,628,3,True,628
10920090,train,240,1,False,240
10920141,train,266,2,True,266
10920205,train,764,4,True,764
10920743,train,362,2,True,362
10921359,train,119,1,False,119
10921394,train,29,1,False,29
10922700,train,242,1,False,242
10923071,train,1511,6,True,1511
10923159,train,151,1,False,151
10923162,train,233,1,False,233
10923191,train,264,2,True,264
10923208,train,158,1,False,158
10923231,train,176,1,False,176
10923337,train,147,1,False,147
10923345,train,159,1,False,159
10923773,train,50,1,False,50
10923782,train,541,3,True,541
10923790,train,17,1,False,17
10923796,train,211,1,False,211
10923801,train,132,1,False,132
10923805,train,115,1,False,115
10924027,train,338,2,True,338
10924049,train,192,1,False,192
10924098,train,373,2,True,373
10924267,train,232,1,False,232
10924626,train,279,2,True,279
10924854,train,220,1,False,220
10924892,train,205,1,False,205
10924896,train,20,1,False,20
10924912,train,125,1,False,125
10924995,train,134,1,False,134
10925622,train,285,2,True,285
10925647,train,124,1,False,124
10925683,train,115,1,False,115
10925684,train,107,1,False,107
10925685,train,325,2,True,325
10925710,train,176,1,False,176
10925833,train,58,1,False,58
10925881,train,145,1,False,145
10925970,train,59,1,False,59
10926503,train,261,2,True,261
10926518,train,131,1,False,131
10926877,train,17,1,False,17
10926890,train,203,1,False,203
10926927,train,169,1,False,169
10927142,train,41,1,False,41
10927446,train,125,1,False,125
10927824,train,169,1,False,169
10927851,train,162,1,False,162
10928007,train,258,2,True,258
10928223,train,713,3,True,713
10928321,train,232,1,False,232
10928455,train,19,1,False,19
10928538,train,56,1,False,56
10928548,train,7686,31,True,7686
10928562,train,306,2,True,306
10928577,train,415,2,True,415
10928657,train,42,1,False,42
10928989,train,975,4,True,975
10929069,train,101,1,False,101
10929804,train,191,1,False,191
10929871,train,331,2,True,331
10929910,train,481,2,True,481
10929956,train,98,1,False,98
10930192,train,356,2,True,356
10930241,train,336,2,True,336
10930339,train,378,2,True,378
10930412,train,212,1,False,212
10930754,train,68,1,False,68
10931660,train,31,1,False,31
10931832,train,254,1,False,254
10916010,train,230,1,False,230
10916214,train,52,1,False,52
10916441,train,300,2,True,300
10916482,train,145,1,False,145
10918919,train,46,1,False,46
10919321,train,77,1,False,77
10919407,train,37,1,False,37
10919416,train,44,1,False,44
10919466,train,142,1,False,142
10919793,train,223,1,False,223
10920271,train,88,1,False,88
10921719,train,130,1,False,130
10921929,train,145,1,False,145
10922152,train,686,3,True,686
10922935,train,464,2,True,464
10923076,train,506,2,True,506
10923330,train,230,1,False,230
10924767,train,22,1,False,22
10924768,train,88,1,False,88
10924931,train,271,2,True,271
10924934,train,95,1,False,95
10925101,train,74,1,False,74
10925205,train,149,1,False,149
10925237,train,170,1,False,170
10925261,train,101,1,False,101
10925471,train,95,1,False,95
10925613,train,176,1,False,176
10925714,train,104,1,False,104
10932559,train,143,1,False,143
10932768,train,268,2,True,268
10933021,train,149,1,False,149
10933033,train,194,1,False,194
10933058,train,27,1,False,27
10933099,train,105,1,False,105
10933253,train,63,1,False,63
10933254,train,330,2,True,330
10933312,train,364,2,True,364
10933372,train,169,1,False,169
10933437,train,370,2,True,370
10933484,train,28,1,False,28
10933665,train,325,2,True,325
10933690,train,64,1,False,64
10933749,train,234,1,False,234
10934263,train,249,1,False,249
10934624,train,217,1,False,217
10934721,train,113,1,False,113
10934766,train,411,2,True,411
10934775,train,288,2,True,288
10934777,train,139,1,False,139
10934837,train,228,1,False,228
10934841,train,379,2,True,379
10934962,train,1426,6,True,1426
10935042,train,378,2,True,378
10935073,train,112,1,False,112
10935260,train,644,3,True,644
10935377,train,161,1,False,161
10935381,train,51,1,False,51
10935435,train,138,1,False,138
10935588,train,440,2,True,440
10935608,train,368,2,True,368
10935666,train,599,3,True,599
10935669,train,32,1,False,32
10935970,train,295,2,True,295
10936042,train,172,1,False,172
10936142,train,382,2,True,382
10936149,train,325,2,True,325
10936272,train,433,2,True,433
10936315,train,88,1,False,88
10936347,train,224,1,False,224
10936804,train,124,1,False,124
10936928,train,141,1,False,141
10937111,train,30,1,False,30
10937284,train,130,1,False,130
10937315,train,332,2,True,332
10937393,train,354,2,True,354
10937515,train,252,1,False,252
10937527,train,162,1,False,162
10937575,train,242,1,False,242
10937625,train,251,1,False,251
10937704,train,542,3,True,542
10937761,train,298,2,True,298
10937810,train,82,1,False,82
10937845,train,594,3,True,594
10937910,train,387,2,True,387
10937958,train,348,2,True,348
10938026,train,123,1,False,123
10938045,train,126,1,False,126
10938049,train,110,1,False,110
10938059,train,64,1,False,64
10938410,train,56,1,False,56
10938513,train,141,1,False,141
10939101,train,132,1,False,132
10939253,train,175,1,False,175
10939394,train,105,1,False,105
10939750,train,153,1,False,153
10940965,train,224,1,False,224
10940967,train,66,1,False,66
10941362,train,88,1,False,88
10941634,train,286,2,True,286
10941838,train,404,2,True,404
10942087,train,200,1,False,200
10942958,train,319,2,True,319
10942964,train,726,3,True,726
10942967,train,13,1,False,13
10942970,train,152,1,False,152
10942983,train,102,1,False,102
10943005,train,144,1,False,144
10943773,train,255,2,True,255
10943822,train,157,1,False,157
10943894,train,156,1,False,156
10939903,train,180,1,False,180
10939905,train,326,2,True,326
10939963,train,133,1,False,133
10940166,train,440,2,True,440
10942107,train,42,1,False,42
10942291,train,611,3,True,611
10942564,train,86,1,False,86
10942569,train,201,1,False,201
10943145,train,397,2,True,397
10943150,train,104,1,False,104
10943300,train,244,1,False,244
10943351,train,53,1,False,53
10944132,train,1210,5,True,1210
10944332,train,83,1,False,83
10944437,train,299,2,True,299
10944673,train,84,1,False,84
10944764,train,220,1,False,220
10944770,train,711,3,True,711
10944779,train,320,2,True,320
10944784,train,1059,5,True,1059
10944843,train,80,1,False,80
10945228,train,105,1,False,105
10945278,train,348,2,True,348
10945306,train,133,1,False,133
10945627,train,289,2,True,289
10945949,train,257,2,True,257
10945951,train,306,2,True,306
10946231,train,127,1,False,127
10947051,train,52,1,False,52
10947067,train,329,2,True,329
10947260,train,197,1,False,197
10947535,train,182,1,False,182
10947854,train,76,1,False,76
10948096,train,195,1,False,195
10948135,train,61,1,False,61
10948235,train,235,1,False,235
10948879,train,74,1,False,74
10949299,train,241,1,False,241
10949466,train,329,2,True,329
10949527,train,322,2,True,322
10949563,train,316,2,True,316
10950040,train,100,1,False,100
10950246,train,137,1,False,137
10950300,train,364,2,True,364
10950458,train,120,1,False,120
10950725,train,253,1,False,253
10950731,train,221,1,False,221
10950859,train,62,1,False,62
10950982,train,307,2,True,307
10951002,train,66,1,False,66
10951041,train,315,2,True,315
10951309,train,281,2,True,281
10952282,train,127,1,False,127
10952355,train,22,1,False,22
10952545,train,303,2,True,303
10952566,train,387,2,True,387
10952625,train,91,1,False,91
10952731,train,22,1,False,22
10952739,train,43,1,False,43
10952778,train,600,3,True,600
10953435,train,207,1,False,207
10953532,train,174,1,False,174
10953567,train,808,4,True,808
10953590,train,47,1,False,47
10954334,train,177,1,False,177
10960143,train,191,1,False,191
10960806,train,274,2,True,274
10961094,train,357,2,True,357
10961114,train,528,3,True,528
10961231,train,124,1,False,124
10961250,train,45,1,False,45
10961279,train,528,3,True,528
10961510,train,511,3,True,511
10962446,train,134,1,False,134
10963118,train,491,2,True,491
10963186,train,248,1,False,248
10963215,train,146,1,False,146
10965005,train,188,1,False,188
10966700,train,554,3,True,554
10966851,train,168,1,False,168
10966950,train,322,2,True,322
10945622,train,115,1,False,115
10946390,train,101,1,False,101
10946570,train,41,1,False,41
10946776,train,82,1,False,82
10946972,train,176,1,False,176
10954711,train,115,1,False,115
10955748,train,37,1,False,37
10956657,train,446,2,True,446
10959006,train,544,3,True,544
10959008,train,171,1,False,171
10959826,train,262,2,True,262
10959861,train,17,1,False,17
10959873,train,653,3,True,653
10959880,train,201,1,False,201
10960581,train,113,1,False,113
10960626,train,263,2,True,263
10960666,train,290,2,True,290
10960682,train,615,3,True,615
10960814,train,173,1,False,173
10960986,train,427,2,True,427
10960999,train,177,1,False,177
10961009,train,1020,5,True,1020
10961010,train,94,1,False,94
10961012,train,62,1,False,62
10962115,train,266,2,True,266
10962172,train,31,1,False,31
10962201,train,50,1,False,50
10962208,train,369,2,True,369
10962283,train,168,1,False,168
10962342,train,89,1,False,89
10962379,train,215,1,False,215
10962643,train,41,1,False,41
10962718,train,418,2,True,418
10963417,train,245,1,False,245
10963583,train,602,3,True,602
10963820,train,159,1,False,159
10964235,train,132,1,False,132
10964435,train,277,2,True,277
10964477,train,212,1,False,212
10964537,train,251,1,False,251
10964570,train,547,3,True,547
10964605,train,350,2,True,350
10964872,train,586,3,True,586
10964948,train,58,1,False,58
10965218,train,132,1,False,132
10965349,train,163,1,False,163
10965415,train,189,1,False,189
10965461,train,625,3,True,625
10965500,train,550,3,True,550
10965595,train,246,1,False,246
10965867,train,256,2,True,256
10965958,train,1677,7,True,1677
10966047,train,728,3,True,728
10966050,train,200,1,False,200
10966276,train,93,1,False,93
10966277,train,648,3,True,648
10966488,train,227,1,False,227
10966509,train,200,1,False,200
10966539,train,485,2,True,485
10966565,train,280,2,True,280
10966577,train,333,2,True,333
10966590,train,117,1,False,117
10966642,train,253,1,False,253
10966656,train,860,4,True,860
10966698,train,315,2,True,315
10955343,train,455,2,True,455
10956378,train,214,1,False,214
10956690,train,199,1,False,199
10957307,train,370,2,True,370
10957331,train,171,1,False,171
10957461,train,119,1,False,119
10957536,train,234,1,False,234
10968105,train,478,2,True,478
10968270,train,400,2,True,400
10968497,train,62,1,False,62
10968583,train,292,2,True,292
10968603,train,33,1,False,33
10968822,train,210,1,False,210
10968832,train,333,2,True,333
10968971,train,229,1,False,229
10969108,train,66,1,False,66
10969110,train,264,2,True,264
10969113,train,130,1,False,130
10969558,train,101,1,False,101
10969660,train,73,1,False,73
10969817,train,762,3,True,762
10969861,train,554,3,True,554
10969893,train,205,1,False,205
10969919,train,326,2,True,326
10969920,train,265,2,True,265
10969935,train,636,3,True,636
10969945,train,177,1,False,177
10970657,train,108,1,False,108
10970698,train,172,1,False,172
10970729,train,11,1,False,11
10970921,train,278,2,True,278
10971414,train,83,1,False,83
10971846,train,185,1,False,185
10972477,train,335,2,True,335
10972543,train,337,2,True,337
10972751,train,60,1,False,60
10972997,train,159,1,False,159
10973042,train,81,1,False,81
10973987,train,190,1,False,190
10974706,train,255,2,True,255
10974763,train,174,1,False,174
10974817,train,260,2,True,260
10974821,train,493,2,True,493
10974918,train,201,1,False,201
10975533,train,97,1,False,97
10975882,train,172,1,False,172
10976007,train,103,1,False,103
10976206,train,367,2,True,367
10976462,train,1446,6,True,1446
10976497,train,284,2,True,284
10976890,train,321,2,True,321
10976893,train,361,2,True,361
10976908,train,254,1,False,254
10976909,train,42,1,False,42
10977049,train,396,2,True,396
10977053,train,420,2,True,420
10977084,train,16,1,False,16
10977161,train,394,2,True,394
10977163,train,45,1,False,45
10977187,train,285,2,True,285
10977209,train,58,1,False,58
10977223,train,222,1,False,222
10977260,train,580,3,True,580
10977329,train,149,1,False,149
10979151,train,305,2,True,305
10970130,train,320,2,True,320
10973177,train,404,2,True,404
10973364,train,309,2,True,309
10973381,train,259,2,True,259
10973762,train,367,2,True,367
10973778,train,152,1,False,152
10973779,train,709,3,True,709
10973784,train,321,2,True,321
10973793,train,341,2,True,341
10973794,train,111,1,False,111
10974113,train,577,3,True,577
10974126,train,337,2,True,337
10974265,train,17,1,False,17
10975056,train,833,4,True,833
10977995,train,578,3,True,578
10978131,train,242,1,False,242
10978433,train,79,1,False,79
10978888,train,22,1,False,22
10978912,train,122,1,False,122
10978936,train,57,1,False,57
10979126,train,103,1,False,103
10979176,train,440,2,True,440
10979190,train,192,1,False,192
10979234,train,957,4,True,957
10979241,train,137,1,False,137
10979278,train,61,1,False,61
10979427,train,102,1,False,102
10979444,train,14,1,False,14
10979475,train,188,1,False,188
10979545,train,358,2,True,358
10979578,train,216,1,False,216
10979887,train,157,1,False,157
10979944,train,102,1,False,102
10979962,train,204,1,False,204
10979971,train,26,1,False,26
10980015,train,846,4,True,846
10980018,train,351,2,True,351
10980027,train,393,2,True,393
10980098,train,280,2,True,280
10980163,train,225,1,False,225
10980174,train,148,1,False,148
10980176,train,111,1,False,111
10980188,train,315,2,True,315
10980200,train,200,1,False,200
10980273,train,130,1,False,130
10980287,train,322,2,True,322
10980314,train,244,1,False,244
10980423,train,191,1,False,191
10980426,train,184,1,False,184
10980432,train,214,1,False,214
10980478,train,166,1,False,166
10980503,train,260,2,True,260
10980545,train,89,1,False,89
10980554,train,212,1,False,212
10980568,train,281,2,True,281
10980617,train,117,1,False,117
10980619,train,419,2,True,419
10980621,train,48,1,False,48
10980623,train,253,1,False,253
10980626,train,97,1,False,97
10980671,train,452,2,True,452
10980723,train,935,4,True,935
10980745,train,66,1,False,66
10980805,train,84,1,False,84
10980838,train,271,2,True,271
10980845,train,438,2,True,438
10980943,train,100,1,False,100
10981003,train,640,3,True,640
10981055,train,302,2,True,302
10981109,train,78,1,False,78
10981203,train,119,1,False,119
10981213,train,319,2,True,319
10981236,train,357,2,True,357
10982510,train,462,2,True,462
10982603,train,40,1,False,40
10993451,train,187,1,False,187
10977855,validation,91,1,False,91
10978264,validation,100,1,False,100
10978290,validation,92,1,False,92
10981738,validation,288,2,True,288
10983900,validation,315,2,True,315
10984003,validation,727,3,True,727
10984383,validation,385,2,True,385
10984916,validation,74,1,False,74
10985037,validation,269,2,True,269
10985066,validation,280,2,True,280
10985109,validation,664,3,True,664
10986757,validation,543,3,True,543
10987216,validation,155,1,False,155
10987222,validation,125,1,False,125
10987228,validation,291,2,True,291
10987247,validation,177,1,False,177
10987252,validation,224,1,False,224
10987262,validation,313,2,True,313
10987282,validation,104,1,False,104
10987450,validation,487,2,True,487
10987474,validation,185,1,False,185
10987475,validation,98,1,False,98
10987477,validation,71,1,False,71
10987482,validation,185,1,False,185
10987510,validation,28,1,False,28
10987603,validation,221,1,False,221
10987653,validation,48,1,False,48
10987667,validation,492,2,True,492
10987687,validation,35,1,False,35
10987709,validation,193,1,False,193
10987761,validation,364,2,True,364
10987865,validation,841,4,True,841
10987917,validation,192,1,False,192
10987919,validation,17,1,False,17
10988097,validation,356,2,True,356
10988163,validation,830,4,True,830
10988169,validation,86,1,False,86
10988183,validation,145,1,False,145
10988186,validation,275,2,True,275
10988230,validation,180,1,False,180
10988282,validation,16,1,False,16
10988289,validation,32,1,False,32
10988349,validation,101,1,False,101
10988410,validation,697,3,True,697
10988437,validation,297,2,True,297
10988469,validation,68,1,False,68
10988477,validation,284,2,True,284
10988483,validation,361,2,True,361
10988497,validation,117,1,False,117
10988567,validation,261,2,True,261
10988575,validation,193,1,False,193
10988608,validation,367,2,True,367
10988621,validation,96,1,False,96
10983585,validation,267,2,True,267
10985433,validation,172,1,False,172
10985450,validation,272,2,True,272
10985729,validation,309,2,True,309
10985857,validation,199,1,False,199
10986164,validation,33,1,False,33
10986799,validation,97,1,False,97
10986814,validation,108,1,False,108
10986972,validation,125,1,False,125
10986983,validation,444,2,True,444
10987209,validation,103,1,False,103
10988670,validation,325,2,True,325
10988700,validation,207,1,False,207
10989331,validation,506,2,True,506
10989348,validation,288,2,True,288
10989372,validation,232,1,False,232
10989530,validation,189,1,False,189
10990093,validation,513,3,True,513
10990132,validation,159,1,False,159
10990310,validation,104,1,False,104
10990314,validation,342,2,True,342
10990373,validation,135,1,False,135
10990395,validation,2092,9,True,2092
10990441,validation,100,1,False,100
10991317,validation,98,1,False,98
10991621,validation,466,2,True,466
10991804,validation,44,1,False,44
10991864,validation,349,2,True,349
10991885,validation,18,1,False,18
10991921,validation,132,1,False,132
10992174,validation,227,1,False,227
10992215,validation,367,2,True,367
10992265,validation,500,2,True,500
10992436,validation,212,1,False,212
10992482,validation,410,2,True,410
10992523,validation,215,1,False,215
10993141,validation,274,2,True,274
10993189,validation,109,1,False,109
10993383,validation,301,2,True,301
10993407,validation,62,1,False,62
10993418,validation,74,1,False,74
10993443,validation,129,1,False,129
10993664,validation,47,1,False,47
10993823,validation,229,1,False,229
10993981,validation,780,4,True,780
10994031,validation,113,1,False,113
10994033,validation,10,1,False,10
10994063,validation,251,1,False,251
10994108,validation,194,1,False,194
10994113,validation,408,2,True,408
10994114,validation,179,1,False,179
10994139,validation,668,3,True,668
10994144,validation,158,1,False,158
10994158,validation,216,1,False,216
10994423,validation,229,1,False,229
10994445,validation,644,3,True,644
10994560,validation,451,2,True,451
10994717,validation,813,4,True,813
10994888,validation,304,2,True,304
10994924,validation,74,1,False,74
10994969,validation,57,1,False,57
10995111,validation,54,1,False,54
10995136,validation,636,3,True,636
10995687,validation,88,1,False,88
10996778,validation,179,1,False,179
10996840,validation,144,1,False,144
10997669,validation,196,1,False,196
10997710,validation,369,2,True,369
10997811,validation,291,2,True,291
10998181,validation,110,1,False,110
10998202,validation,272,2,True,272
10998536,validation,338,2,True,338
10998739,validation,205,1,False,205
10998792,validation,183,1,False,183
10998923,validation,214,1,False,214
10999049,validation,216,1,False,216
10999371,validation,663,3,True,663
10999411,validation,187,1,False,187
11000011,validation,60,1,False,60
11000014,validation,447,2,True,447
11000051,validation,371,2,True,371
11000188,validation,66,1,False,66
11000482,validation,249,1,False,249
11000581,validation,835,4,True,835
11000584,validation,142,1,False,142
11000678,validation,299,2,True,299
11000840,validation,785,4,True,785
11000858,validation,546,3,True,546
11001288,validation,121,1,False,121
11001457,validation,114,1,False,114
11001784,validation,91,1,False,91
11001807,validation,96,1,False,96
11001879,validation,262,2,True,262
11001910,validation,601,3,True,601
11001911,validation,66,1,False,66
11001935,validation,71,1,False,71
11003550,validation,286,2,True,286
11003563,validation,384,2,True,384
11003584,validation,488,2,True,488
11003627,validation,70,1,False,70
10988904,validation,444,2,True,444
10989033,validation,171,1,False,171
10989152,validation,125,1,False,125
10989523,validation,58,1,False,58
10989762,validation,99,1,False,99
10997029,validation,191,1,False,191
10997299,validation,29,1,False,29
10998245,validation,160,1,False,160
11002140,validation,111,1,False,111
11002229,validation,159,1,False,159
11003118,validation,218,1,False,218
11003514,validation,357,2,True,357
11004784,validation,124,1,False,124
11004789,validation,70,1,False,70
11005411,validation,107,1,False,107
11005432,validation,137,1,False,137
11005835,validation,275,2,True,275
11005836,validation,83,1,False,83
11005872,validation,268,2,True,268
11005880,validation,227,1,False,227
11006041,validation,397,2,True,397
11006236,validation,583,3,True,583
11006237,validation,56,1,False,56
11006885,validation,168,1,False,168
11007351,validation,177,1,False,177
11007895,validation,63,1,False,63
11007992,validation,194,1,False,194
11008046,validation,90,1,False,90
11008094,validation,144,1,False,144
11008219,validation,493,2,True,493
11008316,validation,80,1,False,80
11008364,validation,150,1,False,150
11008562,validation,426,2,True,426
11008819,validation,280,2,True,280
11008844,validation,530,3,True,530
11009079,validation,37,1,False,37
11009235,validation,107,1,False,107
11009246,validation,536,3,True,536
11009252,validation,19,1,False,19
11009261,validation,258,2,True,258
11010004,validation,220,1,False,220
11010340,validation,814,4,True,814
11011157,validation,111,1,False,111
11011211,validation,311,2,True,311
11011222,validation,285,2,True,285
11011256,validation,310,2,True,310
11011517,validation,279,2,True,279
11011530,validation,39,1,False,39
11011780,validation,388,2,True,388
11011892,validation,205,1,False,205
11011998,validation,93,1,False,93
11012001,validation,123,1,False,123
11012191,validation,338,2,True,338
11012200,validation,208,1,False,208
11012881,validation,102,1,False,102
11012923,validation,255,2,True,255
11013123,validation,168,1,False,168
11013256,validation,116,1,False,116
11013341,validation,420,2,True,420
11013677,validation,51,1,False,51
11013722,validation,61,1,False,61
11013946,validation,82,1,False,82
11014174,validation,451,2,True,451
11014180,validation,563,3,True,563
11014224,validation,188,1,False,188
11014227,validation,404,2,True,404
11014383,validation,234,1,False,234
11014836,validation,1412,6,True,1412
11014853,validation,189,1,False,189
11014920,validation,582,3,True,582
11015259,validation,321,2,True,321
11015383,validation,312,2,True,312
11016077,validation,252,1,False,252
11016166,validation,334,2,True,334
11016185,validation,172,1,False,172
11016204,validation,79,1,False,79
11016352,validation,120,1,False,120
11016400,validation,51,1,False,51
11016430,validation,26,1,False,26
11016431,validation,1772,7,True,1772
11016453,validation,97,1,False,97
11016454,validation,264,2,True,264
11016478,validation,617,3,True,617
11016482,validation,142,1,False,142
11016508,validation,293,2,True,293
11016514,validation,492,2,True,492
11016615,validation,184,1,False,184
11016740,validation,451,2,True,451
11016855,validation,184,1,False,184
11016958,validation,241,1,False,241
11016965,validation,1158,5,True,1158
11003966,validation,65,1,False,65
11004439,validation,432,2,True,432
11004469,validation,295,2,True,295
11004473,validation,688,3,True,688
11004722,validation,69,1,False,69
11004727,validation,2690,11,True,2690
11004728,validation,43,1,False,43
11004731,validation,189,1,False,189
11004793,validation,467,2,True,467
11005097,validation,365,2,True,365
11005379,validation,818,4,True,818
11005838,validation,1240,5,True,1240
11005844,validation,163,1,False,163
11005863,validation,415,2,True,415
11010713,validation,542,3,True,542
11010715,validation,241,1,False,241
11010778,validation,125,1,False,125
11011027,validation,254,1,False,254
11017117,validation,79,1,False,79
11017213,validation,63,1,False,63
11017291,validation,55,1,False,55
11018002,validation,76,1,False,76
11019150,validation,97,1,False,97
11019158,validation,422,2,True,422
11019225,validation,91,1,False,91
11019286,validation,178,1,False,178
11019287,validation,161,1,False,161
11020721,validation,42,1,False,42
11020888,validation,333,2,True,333
11020897,validation,315,2,True,315
11020918,validation,356,2,True,356
11020937,validation,322,2,True,322
11021318,validation,275,2,True,275
11021512,validation,221,1,False,221
11021589,validation,177,1,False,177
11021609,validation,150,1,False,150
11021707,validation,1329,6,True,1329
11021728,validation,577,3,True,577
11021735,validation,266,2,True,266
11022511,validation,850,4,True,850
11022589,validation,214,1,False,214
11022623,validation,592,3,True,592
11022642,validation,244,1,False,244
11022768,validation,148,1,False,148
11022853,validation,564,3,True,564
11022978,validation,75,1,False,75
11023430,validation,175,1,False,175
11023441,validation,263,2,True,263
11023447,validation,223,1,False,223
11023538,validation,337,2,True,337
11023580,validation,169,1,False,169
11023609,validation,352,2,True,352
11024316,validation,79,1,False,79
11024346,validation,595,3,True,595
11024448,validation,89,1,False,89
11024458,validation,60,1,False,60
11024473,validation,259,2,True,259
11024553,validation,43,1,False,43
11024580,validation,82,1,False,82
11024632,validation,494,2,True,494
11024645,validation,283,2,True,283
11024684,validation,59,1,False,59
11025047,validation,221,1,False,221
11025105,validation,46,1,False,46
11025157,validation,259,2,True,259
11025374,validation,211,1,False,211
11025401,validation,208,1,False,208
11025710,validation,147,1,False,147
11025888,validation,42,1,False,42
11025915,validation,427,2,True,427
11025968,validation,94,1,False,94
11027589,validation,71,1,False,71
11027908,validation,193,1,False,193
11028272,validation,350,2,True,350
11028274,validation,45,1,False,45
11028552,validation,140,1,False,140
11028556,validation,67,1,False,67
11028577,validation,501,2,True,501
11029206,validation,374,2,True,374
11029360,validation,55,1,False,55
11029752,validation,318,2,True,318
11029784,validation,511,3,True,511
11030208,validation,53,1,False,53
11030213,validation,397,2,True,397
11030238,validation,122,1,False,122
11030257,validation,751,3,True,751
11030259,validation,120,1,False,120
11030266,validation,147,1,False,147
11030270,validation,589,3,True,589
11031062,validation,289,2,True,289
11031082,validation,149,1,False,149
11031124,validation,65,1,False,65
11031763,validation,211,1,False,211
11031836,validation,457,2,True,457
11031896,validation,160,1,False,160
11032892,validation,663,3,True,663
11032900,validation,252,1,False,252
11032901,validation,166,1,False,166
11032927,validation,196,1,False,196
11033009,validation,590,3,True,590
11033352,validation,218,1,False,218
11033353,validation,211,1,False,211
11033398,validation,142,1,False,142
11033729,validation,188,1,False,188
11033869,validation,190,1,False,190
11033926,validation,497,2,True,497
11034006,validation,394,2,True,394
11034038,validation,256,2,True,256
11034042,validation,127,1,False,127
11034045,validation,175,1,False,175
11034086,validation,112,1,False,112
11034087,validation,471,2,True,471
11034092,validation,418,2,True,418
11045555,validation,89,1,False,89
11045601,validation,252,1,False,252
11095075,validation,62,1,False,62
11026240,validation,77,1,False,77
11026247,validation,247,1,False,247
11026292,validation,1064,5,True,1064
11026341,validation,40,1,False,40
11026787,validation,43,1,False,43
11026791,validation,309,2,True,309
11026862,validation,124,1,False,124
11026914,validation,43,1,False,43
11027251,validation,43,1,False,43
11027314,validation,164,1,False,164
11027641,validation,83,1,False,83
11027643,validation,836,4,True,836
11027736,validation,49,1,False,49
11027831,validation,160,1,False,160
11028184,validation,351,2,True,351
11028256,validation,50,1,False,50
11028537,validation,78,1,False,78
11032216,validation,166,1,False,166
11032264,validation,118,1,False,118
11032273,validation,153,1,False,153
11032394,validation,204,1,False,204
11032404,validation,127,1,False,127
11032433,validation,136,1,False,136
11032480,validation,200,1,False,200
11033459,validation,33,1,False,33
11034195,validation,79,1,False,79
11034305,validation,318,2,True,318
11034713,validation,105,1,False,105
11035156,validation,170,1,False,170
11035201,validation,57,1,False,57
11035344,validation,272,2,True,272
11035356,validation,368,2,True,368
11035534,validation,435,2,True,435
11035584,validation,176,1,False,176
11035614,validation,310,2,True,310
11035778,validation,403,2,True,403
11035840,validation,337,2,True,337
11035850,validation,423,2,True,423
11035879,validation,112,1,False,112
11037147,validation,512,3,True,512
11037863,validation,94,1,False,94
11037880,validation,102,1,False,102
11038652,validation,367,2,True,367
11038669,validation,183,1,False,183
11039032,validation,322,2,True,322
11039062,validation,144,1,False,144
11039098,validation,18,1,False,18
11039134,validation,507,2,True,507
11039440,validation,134,1,False,134
11039551,validation,163,1,False,163
11039601,validation,249,1,False,249
11039609,validation,262,2,True,262
11040336,validation,90,1,False,90
11041243,validation,105,1,False,105
11041916,validation,217,1,False,217
11042303,validation,255,2,True,255
11043023,validation,158,1,False,158
11043114,validation,134,1,False,134
11043209,validation,211,1,False,211
11043317,validation,609,3,True,609
11043322,validation,189,1,False,189
11043433,validation,68,1,False,68
11043572,validation,146,1,False,146
11044245,validation,96,1,False,96
11044554,validation,884,4,True,884
11044703,validation,316,2,True,316
11045085,validation,610,3,True,610
11045384,validation,282,2,True,282
11045396,validation,620,3,True,620
11045451,validation,332,2,True,332
11045452,validation,958,4,True,958
11047079,validation,492,2,True,492
11047098,validation,483,2,True,483
11047265,validation,100,1,False,100
11047631,validation,905,4,True,905
11047780,validation,570,3,True,570
11047792,validation,57,1,False,57
11047856,validation,197,1,False,197
11047864,validation,118,1,False,118
11047869,validation,166,1,False,166
11047871,validation,214,1,False,214
11047897,validation,364,2,True,364
11047997,validation,23,1,False,23
11048089,validation,216,1,False,216
11048139,validation,96,1,False,96
11048196,validation,204,1,False,204
11048241,validation,37,1,False,37
11048344,validation,177,1,False,177
11048405,validation,520,3,True,520
11048454,validation,301,2,True,301
11048463,validation,724,3,True,724
11048515,validation,447,2,True,447
11048732,validation,417,2,True,417
11048746,validation,487,2,True,487
11048846,validation,436,2,True,436
11048929,validation,576,3,True,576
11048933,validation,459,2,True,459
11049026,validation,54,1,False,54
11049097,validation,497,2,True,497
11049307,validation,317,2,True,317
11049333,validation,343,2,True,343
11036246,validation,129,1,False,129
11045661,validation,94,1,False,94
11045747,validation,105,1,False,105
11045793,validation,501,2,True,501
11045809,validation,188,1,False,188
11046022,validation,124,1,False,124
11046082,validation,43,1,False,43
11046178,validation,222,1,False,222
11046187,validation,1774,7,True,1774
11046224,validation,163,1,False,163
11046230,validation,79,1,False,79
11046722,validation,421,2,True,421
11047916,validation,213,1,False,213
11048017,validation,44,1,False,44
11049715,validation,119,1,False,119
11049837,validation,429,2,True,429
11050096,validation,124,1,False,124
11050317,validation,222,1,False,222
11050408,validation,130,1,False,130
11050827,validation,166,1,False,166
11050845,validation,213,1,False,213
11050861,validation,315,2,True,315
11051038,validation,68,1,False,68
11051224,validation,294,2,True,294
11051511,validation,880,4,True,880
11052427,validation,607,3,True,607
11053759,validation,42,1,False,42
11053786,validation,849,4,True,849
11053870,validation,584,3,True,584
11053885,validation,286,2,True,286
11054475,validation,92,1,False,92
11054735,validation,232,1,False,232
11054913,validation,225,1,False,225
11055058,validation,121,1,False,121
11055151,validation,271,2,True,271
11055331,validation,193,1,False,193
11055351,validation,250,1,False,250
11056116,validation,108,1,False,108
11056411,validation,247,1,False,247
11056512,validation,253,1,False,253
11056548,validation,714,3,True,714
11056664,validation,506,2,True,506
11056768,validation,104,1,False,104
11056907,validation,644,3,True,644
11056918,validation,380,2,True,380
11057203,validation,73,1,False,73
11057224,validation,150,1,False,150
11057466,validation,90,1,False,90
11057517,validation,284,2,True,284
11057628,validation,278,2,True,278
11057635,validation,308,2,True,308
11058375,validation,185,1,False,185
11058381,validation,108,1,False,108
11058440,validation,375,2,True,375
11058575,validation,241,1,False,241
11058856,validation,234,1,False,234
11058944,validation,347,2,True,347
11059025,validation,71,1,False,71
11059033,validation,212,1,False,212
11059071,validation,47,1,False,47
11059107,validation,358,2,True,358
11059256,validation,498,2,True,498
11059284,validation,96,1,False,96
11059335,validation,762,3,True,762
11059443,validation,170,1,False,170
11059444,validation,18,1,False,18
11059647,validation,158,1,False,158
11059649,validation,123,1,False,123
11059667,validation,396,2,True,396
11059919,validation,166,1,False,166
11059995,validation,143,1,False,143
11060017,validation,57,1,False,57
11060044,validation,135,1,False,135
11060245,validation,23,1,False,23
11060355,validation,296,2,True,296
11060580,validation,417,2,True,417
11060600,validation,169,1,False,169
11060616,validation,328,2,True,328
11060703,validation,199,1,False,199
11060758,validation,627,3,True,627
11060923,validation,191,1,False,191
11061023,validation,557,3,True,557
11061060,validation,26,1,False,26
11061070,validation,62,1,False,62
11061088,validation,50,1,False,50
11061096,validation,625,3,True,625
11061332,validation,335,2,True,335
11061726,validation,242,1,False,242
11062107,validation,13,1,False,13
11062175,validation,413,2,True,413
11062205,validation,284,2,True,284
11062594,validation,75,1,False,75
11062892,validation,278,2,True,278
11062981,validation,246,1,False,246
11063590,validation,100,1,False,100
11063619,validation,85,1,False,85
11063700,validation,151,1,False,151
11068893,validation,250,1,False,250
11068907,validation,305,2,True,305
11121783,validation,572,3,True,572
11136737,validation,139,1,False,139
11049654,validation,100,1,False,100
11049672,validation,100,1,False,100
11052931,validation,309,2,True,309
11054431,validation,46,1,False,46
11054489,validation,465,2,True,465
11054521,validation,269,2,True,269
11055150,validation,319,2,True,319
11065951,validation,372,2,True,372
11066081,validation,386,2,True,386
11066231,validation,549,3,True,549
11066250,validation,300,2,True,300
11066292,validation,149,1,False,149
11066300,validation,379,2,True,379
11066325,validation,403,2,True,403
11066377,validation,125,1,False,125
11066397,validation,41,1,False,41
11066493,validation,405,2,True,405
11066757,validation,373,2,True,373
11066856,validation,243,1,False,243
11066965,validation,460,2,True,460
11066989,validation,178,1,False,178
11067121,validation,239,1,False,239
11067156,validation,209,1,False,209
11067199,validation,214,1,False,214
11067453,validation,252,1,False,252
11067518,validation,67,1,False,67
11067588,validation,337,2,True,337
11067594,validation,822,4,True,822
11067673,validation,16,1,False,16
11067707,validation,163,1,False,163
11067932,validation,136,1,False,136
11067954,validation,162,1,False,162
11068064,validation,492,2,True,492
11068294,validation,303,2,True,303
11068335,validation,467,2,True,467
11068365,validation,154,1,False,154
11068401,validation,104,1,False,104
11068592,validation,363,2,True,363
11068741,validation,471,2,True,471
11068956,validation,986,4,True,986
11068995,validation,690,3,True,690
11069005,validation,305,2,True,305
11069044,validation,203,1,False,203
11069062,validation,412,2,True,412
11069081,validation,230,1,False,230
11069095,validation,127,1,False,127
11069150,validation,99,1,False,99
11069200,validation,198,1,False,198
11069280,validation,166,1,False,166
11069447,validation,296,2,True,296
11069514,validation,80,1,False,80
11069664,validation,111,1,False,111
11069728,validation,183,1,False,183
11069757,validation,3997,16,True,3997
11069785,validation,709,3,True,709
11069802,validation,95,1,False,95
11069913,validation,163,1,False,163
11069940,validation,253,1,False,253
11069964,validation,107,1,False,107
11070019,validation,140,1,False,140
11070022,validation,94,1,False,94
11070095,validation,11,1,False,11
11070559,validation,363,2,True,363
11070583,validation,120,1,False,120
11064174,validation,169,1,False,169
11065519,validation,50,1,False,50
11065520,validation,145,1,False,145
11065707,validation,237,1,False,237
11065752,validation,74,1,False,74
11065829,validation,13,1,False,13
11065835,validation,38,1,False,38
11065998,validation,514,3,True,514
11071107,validation,158,1,False,158
11071146,validation,99,1,False,99
11071783,validation,185,1,False,185
11071841,validation,43,1,False,43
11071844,validation,302,2,True,302
11071891,validation,151,1,False,151
11071899,validation,308,2,True,308
11072155,validation,473,2,True,473
11072841,validation,134,1,False,134
11072873,validation,114,1,False,114
11072934,validation,215,1,False,215
11073007,validation,637,3,True,637
11073012,validation,607,3,True,607
11073013,validation,54,1,False,54
11073024,validation,670,3,True,670
11073030,validation,36,1,False,36
11073031,validation,400,2,True,400
11073073,validation,50,1,False,50
11074745,validation,553,3,True,553
11074824,validation,34,1,False,34
11074825,validation,256,2,True,256
11074875,validation,157,1,False,157
11074898,validation,1311,6,True,1311
11074928,validation,140,1,False,140
11074964,validation,309,2,True,309
11075049,validation,678,3,True,678
11075097,validation,490,2,True,490
11075178,validation,159,1,False,159
11076433,validation,78,1,False,78
11076573,validation,736,3,True,736
11076873,validation,274,2,True,274
11076993,validation,774,4,True,774
11078396,validation,360,2,True,360
11078464,validation,167,1,False,167
11089077,validation,1773,7,True,1773
11072367,validation,244,1,False,244
11072368,validation,65,1,False,65
11072391,validation,395,2,True,395
11072412,validation,110,1,False,110
11072425,validation,116,1,False,116
11072481,validation,158,1,False,158
11072552,validation,229,1,False,229
11073420,validation,107,1,False,107
11073991,validation,132,1,False,132
11074022,validation,27,1,False,27
11074023,validation,99,1,False,99
11074029,validation,369,2,True,369
11075426,validation,58,1,False,58
11075447,validation,133,1,False,133
11075502,validation,77,1,False,77
11075558,validation,53,1,False,53
11075614,validation,254,1,False,254
11075913,validation,156,1,False,156
11076046,validation,1087,5,True,1087
11076201,validation,692,3,True,692
11078308,validation,157,1,False,157
11078360,validation,187,1,False,187
11078442,validation,121,1,False,121
11078656,validation,103,1,False,103
11078701,validation,73,1,False,73
11078787,validation,530,3,True,530
11079735,validation,535,3,True,535
11080140,validation,284,2,True,284
11080413,validation,99,1,False,99
11081070,validation,485,2,True,485
11081161,validation,642,3,True,642
11081529,validation,294,2,True,294
11081541,validation,32,1,False,32
11083566,validation,584,3,True,584
11084050,validation,527,3,True,527
11084929,validation,92,1,False,92
11084954,validation,22,1,False,22
11084966,validation,547,3,True,547
11084976,validation,145,1,False,145
11085468,validation,150,1,False,150
11085487,validation,130,1,False,130
11085491,validation,97,1,False,97
11085638,validation,136,1,False,136
11086740,validation,114,1,False,114
11086769,validation,217,1,False,217
11087143,validation,300,2,True,300
11087267,validation,283,2,True,283
11087311,validation,201,1,False,201
11087579,validation,200,1,False,200
11087826,validation,273,2,True,273
11088049,validation,35,1,False,35
11088247,validation,175,1,False,175
11088333,validation,187,1,False,187
11088336,validation,642,3,True,642
11088347,validation,223,1,False,223
11088354,validation,576,3,True,576
11088681,validation,43,1,False,43
11088966,validation,458,2,True,458
11088978,validation,206,1,False,206
11089133,validation,1345,6,True,1345
11089870,validation,238,1,False,238
11089923,validation,174,1,False,174
11089940,validation,216,1,False,216
11089962,validation,104,1,False,104
11089989,validation,132,1,False,132
11090004,validation,461,2,True,461
11090009,validation,718,3,True,718
11090322,validation,78,1,False,78
11090362,validation,31,1,False,31
11090464,validation,180,1,False,180
11090560,validation,197,1,False,197
11090655,validation,222,1,False,222
11090671,validation,406,2,True,406
11090677,validation,485,2,True,485
11090704,validation,398,2,True,398
11090707,validation,133,1,False,133
11090723,validation,43,1,False,43
11091124,validation,187,1,False,187
11091445,validation,918,4,True,918
11091578,validation,540,3,True,540
11091715,validation,509,3,True,509
11121779,validation,759,3,True,759
11077871,validation,68,1,False,68
11077874,validation,78,1,False,78
11077909,validation,133,1,False,133
11078571,validation,115,1,False,115
11078583,validation,183,1,False,183
11079309,validation,36,1,False,36
11079696,validation,268,2,True,268
11079701,validation,23,1,False,23
11079716,validation,132,1,False,132
11079828,validation,1113,5,True,1113
11079830,validation,354,2,True,354
11079833,validation,252,1,False,252
11079863,validation,40,1,False,40
11079867,validation,128,1,False,128
11079868,validation,71,1,False,71
11079872,validation,750,3,True,750
11080710,validation,143,1,False,143
11080828,validation,413,2,True,413
11080899,validation,200,1,False,200
11081060,validation,221,1,False,221
11081272,validation,391,2,True,391
11081286,validation,419,2,True,419
11082407,validation,1410,6,True,1410
11084882,validation,120,1,False,120
11085525,validation,374,2,True,374
11092609,validation,284,2,True,284
11092941,validation,303,2,True,303
11092947,validation,1489,6,True,1489
11092992,validation,234,1,False,234
11093097,validation,355,2,True,355
11093262,validation,286,2,True,286
11093344,validation,206,1,False,206
11093513,validation,94,1,False,94
11093724,validation,195,1,False,195
11093975,validation,179,1,False,179
11094083,validation,373,2,True,373
11094315,validation,97,1,False,97
11094950,validation,201,1,False,201
11095198,validation,411,2,True,411
11095205,validation,263,2,True,263
11095355,validation,354,2,True,354
11095373,validation,67,1,False,67
11095524,validation,47,1,False,47
11095526,validation,179,1,False,179
11095616,validation,117,1,False,117
11095643,validation,515,3,True,515
11096160,validation,363,2,True,363
11096237,validation,246,1,False,246
11096244,validation,217,1,False,217
11096293,validation,319,2,True,319
11096313,validation,305,2,True,305
11096862,validation,1052,5,True,1052
11096926,validation,693,3,True,693
11096974,validation,318,2,True,318
11096978,validation,144,1,False,144
11097100,validation,238,1,False,238
11097195,validation,113,1,False,113
11097313,validation,240,1,False,240
11097628,validation,139,1,False,139
11097739,validation,245,1,False,245
11097783,validation,105,1,False,105
11097841,validation,340,2,True,340
11097844,validation,369,2,True,369
11097985,validation,201,1,False,201
11098137,validation,351,2,True,351
11098221,validation,371,2,True,371
11098701,validation,429,2,True,429
11098709,validation,37,1,False,37
11098743,validation,870,4,True,870
11098775,validation,390,2,True,390
11098834,validation,159,1,False,159
11098891,validation,498,2,True,498
11098911,validation,689,3,True,689
11098970,validation,351,2,True,351
11098972,validation,510,3,True,510
11099425,validation,312,2,True,312
11099525,validation,186,1,False,186
11099616,validation,232,1,False,232
11099663,validation,26,1,False,26
11100052,validation,22,1,False,22
11100106,validation,335,2,True,335
11100755,validation,171,1,False,171
11100849,validation,316,2,True,316
11100923,validation,185,1,False,185
11101369,validation,141,1,False,141
11102493,validation,97,1,False,97
11104425,validation,111,1,False,111
11104428,validation,332,2,True,332
11104436,validation,223,1,False,223
11104505,validation,349,2,True,349
11104609,validation,331,2,True,331
11106972,validation,261,2,True,261
11106998,validation,284,2,True,284
11107011,validation,139,1,False,139
11107023,validation,489,2,True,489
11107097,validation,556,3,True,556
11107136,validation,183,1,False,183
11107144,validation,571,3,True,571
11107164,validation,56,1,False,56
11107168,validation,32,1,False,32
11107482,validation,72,1,False,72
11107733,validation,424,2,True,424
11094544,validation,174,1,False,174
11094687,validation,236,1,False,236
11094815,validation,97,1,False,97
11094846,validation,1409,6,True,1409
11094967,validation,170,1,False,170
11094983,validation,379,2,True,379
11095111,validation,159,1,False,159
11095814,validation,106,1,False,106
11096130,validation,891,4,True,891
11096152,validation,375,2,True,375
11096584,validation,28,1,False,28
11097006,validation,287,2,True,287
11097045,validation,64,1,False,64
11099305,validation,575,3,True,575
11099778,validation,114,1,False,114
11100978,validation,264,2,True,264
11106336,validation,503,2,True,503
11106346,validation,13,1,False,13
11107188,validation,50,1,False,50
11107193,validation,566,3,True,566
11107198,validation,430,2,True,430
11107863,validation,1024,5,True,1024
11107897,validation,329,2,True,329
11108203,validation,225,1,False,225
11108225,validation,81,1,False,81
11108263,validation,62,1,False,62
11108584,validation,300,2,True,300
11108590,validation,34,1,False,34
11108621,validation,361,2,True,361
11108639,validation,533,3,True,533
11108657,validation,39,1,False,39
11109152,validation,117,1,False,117
11109317,validation,345,2,True,345
11109881,validation,164,1,False,164
11110082,validation,230,1,False,230
11110090,validation,216,1,False,216
11110097,validation,232,1,False,232
11110113,validation,510,3,True,510
11110134,validation,469,2,True,469
11110141,validation,123,1,False,123
11110163,validation,133,1,False,133
11110178,validation,291,2,True,291
11110189,validation,96,1,False,96
11110208,validation,200,1,False,200
11110324,validation,110,1,False,110
11110343,validation,472,2,True,472
11112046,validation,102,1,False,102
11112741,validation,254,1,False,254
11113026,validation,245,1,False,245
11113065,validation,365,2,True,365
11113208,validation,518,3,True,518
11113751,validation,106,1,False,106
11113761,validation,258,2,True,258
11113931,validation,873,4,True,873
11114626,validation,219,1,False,219
11114709,validation,45,1,False,45
11114753,validation,267,2,True,267
11115088,validation,63,1,False,63
11115315,validation,257,2,True,257
11116531,validation,245,1,False,245
11116582,validation,1443,6,True,1443
11116670,validation,143,1,False,143
11116722,validation,486,2,True,486
11117327,validation,308,2,True,308
11117697,validation,60,1,False,60
11117710,validation,864,4,True,864
11117863,validation,1195,5,True,1195
11118078,validation,201,1,False,201
11118552,validation,579,3,True,579
11118816,validation,72,1,False,72
11119011,validation,108,1,False,108
11119078,validation,114,1,False,114
11119556,validation,72,1,False,72
11119747,validation,299,2,True,299
11119904,validation,107,1,False,107
11120138,validation,471,2,True,471
11120146,validation,173,1,False,173
11120423,validation,67,1,False,67
11120584,validation,46,1,False,46
11120771,validation,402,2,True,402
11120842,validation,134,1,False,134
11120958,validation,129,1,False,129
11120974,validation,315,2,True,315
11121152,validation,25,1,False,25
11121219,validation,196,1,False,196
11121271,validation,56,1,False,56
11121288,validation,227,1,False,227
11121336,validation,487,2,True,487
11121579,validation,80,1,False,80
11121609,validation,258,2,True,258
11121692,validation,254,1,False,254
11121811,validation,423,2,True,423
11121853,validation,89,1,False,89
11121944,validation,78,1,False,78
11122204,validation,168,1,False,168
11122384,validation,29,1,False,29
11122617,validation,229,1,False,229
11122624,validation,417,2,True,417
11122928,validation,206,1,False,206
11122946,validation,241,1,False,241
11122966,validation,749,3,True,749
11123236,validation,253,1,False,253
11123362,validation,52,1,False,52
11125611,validation,246,1,False,246
11136608,validation,540,3,True,540
11149642,validation,325,2,True,325
11189440,validation,17,1,False,17
11108844,validation,403,2,True,403
11108868,validation,114,1,False,114
11108904,validation,75,1,False,75
11109633,validation,190,1,False,190
11109743,validation,212,1,False,212
11109776,validation,481,2,True,481
11109917,validation,89,1,False,89
11109985,validation,469,2,True,469
11110080,validation,87,1,False,87
11111167,validation,124,1,False,124
11111181,validation,9,1,False,9
11111270,validation,129,1,False,129
11111282,validation,505,2,True,505
11111327,validation,2410,10,True,2410
11111331,validation,357,2,True,357
11111382,validation,366,2,True,366
11111388,validation,136,1,False,136
11111690,validation,184,1,False,184
11111883,validation,569,3,True,569
11111942,validation,139,1,False,139
11112007,validation,939,4,True,939
11112777,validation,258,2,True,258
11122211,validation,630,3,True,630
11123099,validation,115,1,False,115
11125511,validation,402,2,True,402
11127358,validation,368,2,True,368
11127396,validation,280,2,True,280
11127450,validation,208,1,False,208
11127501,validation,496,2,True,496
11127512,validation,157,1,False,157
11127536,validation,211,1,False,211
11129255,validation,159,1,False,159
11129397,validation,115,1,False,115
11129524,validation,38,1,False,38
11129543,validation,77,1,False,77
11129759,validation,66,1,False,66
11130267,validation,385,2,True,385
11130342,validation,167,1,False,167
11130465,validation,122,1,False,122
11130503,validation,724,3,True,724
11130513,validation,509,3,True,509
11130600,validation,356,2,True,356
11130659,validation,337,2,True,337
11130826,validation,290,2,True,290
11130837,validation,52,1,False,52
11131606,validation,199,1,False,199
11131684,validation,227,1,False,227
11131693,validation,177,1,False,177
11131813,validation,228,1,False,228
11131823,validation,584,3,True,584
11131827,validation,721,3,True,721
11131943,validation,274,2,True,274
11131945,validation,28,1,False,28
11131946,validation,588,3,True,588
11131948,validation,288,2,True,288
11132515,validation,643,3,True,643
11133037,validation,97,1,False,97
11133050,validation,338,2,True,338
11133057,validation,71,1,False,71
11133402,validation,101,1,False,101
11134045,validation,175,1,False,175
11134340,validation,826,4,True,826
11134345,validation,85,1,False,85
11134379,validation,113,1,False,113
11135793,validation,35,1,False,35
11135817,validation,76,1,False,76
11135865,validation,413,2,True,413
11135909,validation,274,2,True,274
11136584,validation,93,1,False,93
11136644,validation,250,1,False,250
11136677,validation,456,2,True,456
11136699,validation,647,3,True,647
11136741,validation,626,3,True,626
11136747,validation,1235,5,True,1235
11136803,validation,262,2,True,262
11136899,validation,306,2,True,306
11136999,validation,688,3,True,688
11137398,validation,216,1,False,216
11137674,validation,239,1,False,239
11137685,validation,557,3,True,557
11137716,validation,468,2,True,468
11137847,validation,308,2,True,308
11137864,validation,482,2,True,482
11137897,validation,72,1,False,72
11137938,validation,287,2,True,287
11138006,validation,594,3,True,594
11138157,validation,32,1,False,32
11138171,validation,426,2,True,426
11138310,validation,97,1,False,97
11138665,validation,35,1,False,35
11138719,validation,398,2,True,398
11138748,validation,216,1,False,216
11138757,validation,197,1,False,197
11138767,validation,556,3,True,556
11138795,validation,54,1,False,54
11138797,validation,978,4,True,978
11138809,validation,50,1,False,50
11138838,validation,211,1,False,211
11123511,validation,86,1,False,86
11123601,validation,370,2,True,370
11124089,validation,317,2,True,317
11126271,validation,34,1,False,34
11126278,validation,162,1,False,162
11127913,validation,325,2,True,325
11127941,validation,329,2,True,329
11128372,validation,247,1,False,247
11128383,validation,307,2,True,307
11128397,validation,359,2,True,359
11128752,validation,387,2,True,387
11128753,validation,203,1,False,203
11128763,validation,28,1,False,28
11129887,validation,83,1,False,83
11129972,validation,99,1,False,99
11130099,validation,151,1,False,151
11131068,validation,290,2,True,290
11138981,validation,232,1,False,232
11138983,validation,603,3,True,603
11138999,validation,95,1,False,95
11139021,validation,148,1,False,148
11139544,validation,97,1,False,97
11139560,validation,164,1,False,164
11139612,validation,190,1,False,190
11139619,validation,289,2,True,289
11139629,validation,303,2,True,303
11139659,validation,189,1,False,189
11139679,validation,1040,5,True,1040
11139681,validation,626,3,True,626
11140414,validation,57,1,False,57
11140490,validation,212,1,False,212
11140498,validation,358,2,True,358
11140500,validation,56,1,False,56
11140547,validation,98,1,False,98
11140598,validation,114,1,False,114
11140629,validation,101,1,False,101
11140673,validation,102,1,False,102
11140748,validation,176,1,False,176
11142401,validation,123,1,False,123
11142487,validation,314,2,True,314
11142570,validation,43,1,False,43
11142654,validation,293,2,True,293
11142700,validation,55,1,False,55
11142702,validation,149,1,False,149
11142793,validation,296,2,True,296
11142820,validation,171,1,False,171
11142888,validation,231,1,False,231
11142920,validation,207,1,False,207
11143155,validation,112,1,False,112
11144820,validation,180,1,False,180
11144885,validation,292,2,True,292
11145195,validation,205,1,False,205
11145256,validation,70,1,False,70
11145347,validation,44,1,False,44
11145354,validation,223,1,False,223
11145371,validation,1022,5,True,1022
11145373,validation,117,1,False,117
11145413,validation,84,1,False,84
11145416,validation,75,1,False,75
11145702,validation,44,1,False,44
11146071,validation,240,1,False,240
11146324,validation,184,1,False,184
11146642,validation,341,2,True,341
11146668,validation,323,2,True,323
11146805,validation,790,4,True,790
11146928,validation,61,1,False,61
11146938,validation,34,1,False,34
11147014,validation,212,1,False,212
11147435,validation,558,3,True,558
11147835,validation,277,2,True,277
11148501,validation,499,2,True,499
11148508,validation,575,3,True,575
11149080,validation,64,1,False,64
11149128,validation,99,1,False,99
11149253,validation,69,1,False,69
11149282,validation,258,2,True,258
11149319,validation,336,2,True,336
11149350,validation,231,1,False,231
11149487,validation,283,2,True,283
11150110,validation,178,1,False,178
11150112,validation,43,1,False,43
11150120,validation,212,1,False,212
11150153,validation,447,2,True,447
11150327,validation,102,1,False,102
11150348,validation,182,1,False,182
11150349,validation,553,3,True,553
11151029,validation,156,1,False,156
11151362,validation,702,3,True,702
11151428,validation,117,1,False,117
11151491,validation,127,1,False,127
11151497,validation,129,1,False,129
11151501,validation,109,1,False,109
11151590,validation,247,1,False,247
11151671,validation,1419,6,True,1419
11151672,validation,230,1,False,230
11152202,validation,183,1,False,183
11152360,validation,423,2,True,423
11141587,validation,214,1,False,214
11144269,validation,81,1,False,81
11144402,validation,339,2,True,339
11144456,validation,207,1,False,207
11147619,validation,334,2,True,334
11148302,validation,65,1,False,65
11148516,validation,155,1,False,155
11148679,validation,265,2,True,265
11153271,validation,138,1,False,138
11153485,validation,149,1,False,149
11153799,validation,222,1,False,222
11153810,validation,518,3,True,518
11153815,validation,956,4,True,956
11153844,validation,93,1,False,93
11154089,validation,118,1,False,118
11154100,validation,121,1,False,121
11154120,validation,303,2,True,303
11154328,validation,190,1,False,190
11154350,validation,201,1,False,201
11154445,validation,31,1,False,31
11154482,validation,220,1,False,220
11154514,validation,426,2,True,426
11154569,validation,357,2,True,357
11154580,validation,155,1,False,155
11154589,validation,287,2,True,287
11154606,validation,115,1,False,115
11154878,validation,101,1,False,101
11155020,validation,101,1,False,101
11155024,validation,124,1,False,124
11155106,validation,92,1,False,92
11155155,validation,258,2,True,258
11155393,validation,103,1,False,103
11156493,validation,375,2,True,375
11156499,validation,94,1,False,94
11156504,validation,164,1,False,164
11156538,validation,535,3,True,535
11156554,validation,211,1,False,211
11156559,validation,83,1,False,83
11156580,validation,357,2,True,357
11156618,validation,204,1,False,204
11156620,validation,473,2,True,473
11156635,validation,478,2,True,478
11156639,validation,195,1,False,195
11156670,validation,115,1,False,115
11156762,validation,105,1,False,105
11156832,validation,193,1,False,193
11156889,validation,334,2,True,334
11156934,validation,137,1,False,137
11156940,validation,266,2,True,266
11156995,validation,130,1,False,130
11157411,validation,856,4,True,856
11157416,validation,223,1,False,223
11157752,validation,572,3,True,572
11158090,validation,237,1,False,237
11158221,validation,224,1,False,224
11158287,validation,329,2,True,329
11158383,validation,178,1,False,178
11158560,validation,198,1,False,198
11158643,validation,128,1,False,128
11158832,validation,259,2,True,259
11158879,validation,270,2,True,270
11158906,validation,588,3,True,588
11158940,validation,139,1,False,139
11159224,validation,102,1,False,102
11159234,validation,260,2,True,260
11159381,validation,115,1,False,115
11159415,validation,173,1,False,173
11159547,validation,482,2,True,482
11164188,validation,96,1,False,96
11164201,validation,182,1,False,182
11152756,validation,158,1,False,158
11153186,validation,329,2,True,329
11153201,validation,28,1,False,28
11153209,validation,287,2,True,287
11153224,validation,208,1,False,208
11153248,validation,112,1,False,112
11153264,validation,231,1,False,231
11155590,validation,163,1,False,163
11155622,validation,158,1,False,158
11155627,validation,637,3,True,637
11155668,validation,307,2,True,307
11156045,validation,413,2,True,413
11156050,validation,55,1,False,55
11156222,validation,173,1,False,173
11156396,validation,52,1,False,52
11160791,validation,438,2,True,438
11160802,validation,269,2,True,269
11160815,validation,170,1,False,170
11161016,validation,290,2,True,290
11161022,validation,451,2,True,451
11161041,validation,33,1,False,33
11161065,validation,580,3,True,580
11161143,validation,73,1,False,73
11161444,validation,142,1,False,142
11161803,validation,479,2,True,479
11162137,validation,62,1,False,62
11162148,validation,205,1,False,205
11162538,validation,183,1,False,183
11162588,validation,64,1,False,64
11162627,validation,315,2,True,315
11162667,validation,246,1,False,246
11162678,validation,575,3,True,575
11163247,validation,254,1,False,254
11163276,validation,62,1,False,62
11163607,validation,143,1,False,143
11163712,validation,349,2,True,349
11163714,validation,290,2,True,290
11163722,validation,242,1,False,242
11163739,validation,45,1,False,45
11163974,validation,331,2,True,331
11163986,validation,83,1,False,83
11164097,validation,129,1,False,129
11164400,validation,221,1,False,221
11164450,validation,206,1,False,206
11164563,validation,103,1,False,103
11164741,validation,65,1,False,65
11164753,validation,128,1,False,128
11164769,validation,71,1,False,71
11164804,validation,507,2,True,507
11164805,validation,171,1,False,171
11164968,validation,360,2,True,360
11165083,validation,182,1,False,182
11159892,validation,429,2,True,429
11160017,validation,119,1,False,119
11160074,validation,995,4,True,995
11160903,validation,160,1,False,160
11160960,validation,345,2,True,345
11162078,validation,191,1,False,191
11162082,validation,189,1,False,189
11162966,validation,20,1,False,20
11164254,validation,359,2,True,359
11164297,validation,155,1,False,155
11164342,validation,992,4,True,992
11164547,validation,156,1,False,156
11164648,validation,168,1,False,168
11165292,validation,32,1,False,32
11165303,validation,398,2,True,398
11165319,validation,196,1,False,196
11165352,validation,400,2,True,400
11165907,validation,175,1,False,175
11165916,validation,175,1,False,175
11165976,validation,37,1,False,37
11166086,validation,245,1,False,245
11166159,validation,14,1,False,14
11166174,validation,245,1,False,245
11166581,validation,250,1,False,250
11167111,validation,121,1,False,121
11167155,validation,832,4,True,832
11167354,validation,164,1,False,164
11167358,validation,72,1,False,72
11167452,validation,103,1,False,103
11167731,validation,2497,10,True,2497
11167757,validation,78,1,False,78
11167762,validation,166,1,False,166
11167826,validation,571,3,True,571
11167833,validation,126,1,False,126
11167886,validation,424,2,True,424
11167953,validation,323,2,True,323
11167971,validation,611,3,True,611
11167983,validation,117,1,False,117
11167984,validation,484,2,True,484
11167985,validation,483,2,True,483
11168004,validation,832,4,True,832
11168009,validation,333,2,True,333
11169013,validation,234,1,False,234
11169307,validation,132,1,False,132
11169308,validation,144,1,False,144
11169371,validation,93,1,False,93
11169471,validation,1640,7,True,1640
11169663,validation,236,1,False,236
11169844,validation,495,2,True,495
11169963,validation,246,1,False,246
11169991,validation,185,1,False,185
11170023,validation,81,1,False,81
11170026,validation,627,3,True,627
11170599,validation,123,1,False,123
11170605,validation,547,3,True,547
11170621,validation,236,1,False,236
11170644,validation,81,1,False,81
11172094,validation,985,4,True,985
11172259,validation,58,1,False,58
11173174,validation,67,1,False,67
11173183,validation,458,2,True,458
11173242,validation,226,1,False,226
11173252,validation,220,1,False,220
11173255,validation,379,2,True,379
11173294,validation,72,1,False,72
11173317,validation,382,2,True,382
11173470,validation,169,1,False,169
11173554,validation,287,2,True,287
11173578,validation,275,2,True,275
11173636,validation,218,1,False,218
11173787,validation,159,1,False,159
11174615,validation,476,2,True,476
11174620,validation,363,2,True,363
11174745,validation,110,1,False,110
11174748,validation,160,1,False,160
11174803,validation,760,3,True,760
11174902,validation,126,1,False,126
11174958,validation,76,1,False,76
11175013,validation,146,1,False,146
11175092,validation,121,1,False,121
11176058,validation,201,1,False,201
11176156,validation,447,2,True,447
11176271,validation,362,2,True,362
11176276,validation,153,1,False,153
11176333,validation,1351,6,True,1351
11176430,validation,1244,5,True,1244
11177598,validation,397,2,True,397
11177847,validation,1759,7,True,1759
11177903,validation,392,2,True,392
11178055,validation,329,2,True,329
11178092,validation,331,2,True,331
11178101,validation,137,1,False,137
11178129,validation,326,2,True,326
11178195,validation,236,1,False,236
11178213,validation,353,2,True,353
11178532,validation,143,1,False,143
11179698,validation,414,2,True,414
11179875,validation,68,1,False,68
11179928,validation,465,2,True,465
11179932,validation,250,1,False,250
11179939,validation,63,1,False,63
11180054,validation,116,1,False,116
11180059,validation,555,3,True,555
11199649,validation,152,1,False,152
11171255,validation,756,3,True,756
11171416,validation,329,2,True,329
11171430,validation,17,1,False,17
11172658,validation,227,1,False,227
11172715,validation,233,1,False,233
11173583,validation,143,1,False,143
11174185,validation,134,1,False,134
11174211,validation,34,1,False,34
11174426,validation,360,2,True,360
11174974,validation,1190,5,True,1190
11175259,validation,143,1,False,143
11175280,validation,88,1,False,88
11175320,validation,933,4,True,933
11175459,validation,192,1,False,192
11175645,validation,391,2,True,391
11175743,validation,261,2,True,261
11175833,validation,225,1,False,225
11175920,validation,380,2,True,380
11175931,validation,209,1,False,209
11180102,validation,432,2,True,432
11180118,validation,158,1,False,158
11180338,validation,100,1,False,100
11180496,validation,275,2,True,275
11180594,validation,55,1,False,55
11181777,validation,165,1,False,165
11181797,validation,385,2,True,385
11181801,validation,238,1,False,238
11181809,validation,268,2,True,268
11181815,validation,199,1,False,199
11182561,validation,294,2,True,294
11182615,validation,142,1,False,142
11183103,validation,156,1,False,156
11183314,validation,363,2,True,363
11183365,validation,69,1,False,69
11183726,validation,347,2,True,347
11184274,validation,145,1,False,145
11184350,validation,900,4,True,900
11184415,validation,546,3,True,546
11184433,validation,188,1,False,188
11184491,validation,25,1,False,25
11184519,validation,161,1,False,161
11184702,validation,560,3,True,560
11185347,validation,91,1,False,91
11185400,validation,57,1,False,57
11185584,validation,751,3,True,751
11185747,validation,304,2,True,304
11185784,validation,57,1,False,57
11185791,validation,116,1,False,116
11185831,validation,457,2,True,457
11185865,validation,666,3,True,666
11185880,validation,84,1,False,84
11185897,validation,179,1,False,179
11185973,validation,183,1,False,183
11186003,validation,111,1,False,111
11186007,validation,145,1,False,145
11186042,validation,768,4,True,768
11186063,validation,181,1,False,181
11186068,validation,321,2,True,321
11186110,validation,905,4,True,905
11186842,validation,130,1,False,130
11186924,validation,139,1,False,139
11186929,validation,211,1,False,211
11187030,validation,258,2,True,258
11187034,validation,133,1,False,133
11187043,validation,1549,7,True,1549
11187213,validation,60,1,False,60
11188186,validation,297,2,True,297
11188255,validation,209,1,False,209
11188265,validation,316,2,True,316
11188504,validation,550,3,True,550
11188740,validation,157,1,False,157
11188936,validation,506,2,True,506
11189036,validation,218,1,False,218
11189096,validation,271,2,True,271
11189146,validation,250,1,False,250
11189809,validation,262,2,True,262
11189856,validation,97,1,False,97
11190065,validation,355,2,True,355
11190275,validation,77,1,False,77
11192042,validation,390,2,True,390
11192253,validation,55,1,False,55
11192855,validation,461,2,True,461
11193135,validation,39,1,False,39
11193146,validation,80,1,False,80
11193817,validation,343,2,True,343
11193829,validation,517,3,True,517
11193898,validation,252,1,False,252
11193977,validation,280,2,True,280
11194004,validation,428,2,True,428
11194101,validation,257,2,True,257
11194125,validation,78,1,False,78
11194233,validation,871,4,True,871
11194344,validation,378,2,True,378
11194365,validation,40,1,False,40
11194458,validation,100,1,False,100
11194552,validation,269,2,True,269
11194563,validation,414,2,True,414
11194599,validation,182,1,False,182
11194659,validation,271,2,True,271
11194729,validation,145,1,False,145
11194743,validation,716,3,True,716
11194749,validation,102,1,False,102
11194771,validation,395,2,True,395
11194852,validation,548,3,True,548
11194874,validation,329,2,True,329
11194916,validation,252,1,False,252
11199681,validation,93,1,False,93
11200717,validation,266,2,True,266
11204127,validation,884,4,True,884
11181130,validation,189,1,False,189
11189872,validation,412,2,True,412
11190455,validation,56,1,False,56
11190543,validation,478,2,True,478
11190621,validation,143,1,False,143
11191004,validation,145,1,False,145
11191078,validation,349,2,True,349
11191212,validation,55,1,False,55
11191504,validation,133,1,False,133
11191527,validation,715,3,True,715
11191787,validation,464,2,True,464
11191802,validation,101,1,False,101
11191836,validation,445,2,True,445
11193492,validation,992,4,True,992
11193504,validation,48,1,False,48
11193633,validation,65,1,False,65
11193656,validation,198,1,False,198
11193819,validation,252,1,False,252
11193900,validation,93,1,False,93
11194380,validation,253,1,False,253
11195108,validation,242,1,False,242
11195479,validation,835,4,True,835
11195488,validation,72,1,False,72
11195524,validation,285,2,True,285
11195525,validation,394,2,True,394
11195644,validation,126,1,False,126
11195651,validation,286,2,True,286
11195658,validation,196,1,False,196
11195671,validation,342,2,True,342
11195681,validation,701,3,True,701
11195682,validation,541,3,True,541
11195688,validation,322,2,True,322
11195756,validation,100,1,False,100
11195801,validation,401,2,True,401
11196873,validation,121,1,False,121
11196961,validation,373,2,True,373
11197011,validation,273,2,True,273
11197030,validation,9,1,False,9
11197238,validation,141,1,False,141
11197241,validation,140,1,False,140
11197309,validation,297,2,True,297
11197653,validation,858,4,True,858
11198053,validation,46,1,False,46
11198058,validation,229,1,False,229
11198146,validation,301,2,True,301
11198314,validation,521,3,True,521
11198328,validation,106,1,False,106
11198878,validation,90,1,False,90
11199008,validation,143,1,False,143
11199234,validation,377,2,True,377
11199341,validation,185,1,False,185
11199489,validation,82,1,False,82
11199523,validation,197,1,False,197
11199587,validation,341,2,True,341
11199599,validation,643,3,True,643
11199604,validation,232,1,False,232
11199608,validation,211,1,False,211
11199694,validation,1418,6,True,1418
11200130,validation,135,1,False,135
11201924,validation,147,1,False,147
11201953,validation,654,3,True,654
11202203,validation,242,1,False,242
11202377,validation,141,1,False,141
11202410,validation,396,2,True,396
11202531,validation,186,1,False,186
11202547,validation,365,2,True,365
11202562,validation,146,1,False,146
11202574,validation,161,1,False,161
11202585,validation,225,1,False,225
11202593,validation,395,2,True,395
11202603,validation,168,1,False,168
11202641,validation,594,3,True,594
11202642,validation,709,3,True,709
11202715,validation,322,2,True,322
11202785,validation,448,2,True,448
11202838,validation,297,2,True,297
11202976,validation,237,1,False,237
11203003,validation,179,1,False,179
11203058,validation,125,1,False,125
11203266,validation,125,1,False,125
11203291,validation,498,2,True,498
11203572,validation,158,1,False,158
11203612,validation,373,2,True,373
11204540,validation,275,2,True,275
11204605,validation,220,1,False,220
11204738,validation,188,1,False,188
11204810,validation,238,1,False,238
11204883,validation,217,1,False,217
11204933,validation,130,1,False,130
11204958,validation,29,1,False,29
11205058,validation,123,1,False,123
11205143,validation,356,2,True,356
11205174,validation,123,1,False,123
11205252,validation,239,1,False,239
11205473,validation,240,1,False,240
11205559,validation,554,3,True,554
11205601,validation,217,1,False,217
11205621,validation,527,3,True,527
11205727,validation,355,2,True,355
11205908,validation,683,3,True,683
11205911,validation,485,2,True,485
11205971,validation,277,2,True,277
11206088,validation,181,1,False,181
11206145,validation,253,1,False,253
11206157,validation,34,1,False,34
11206158,validation,449,2,True,449
11206647,validation,186,1,False,186
11206718,validation,124,1,False,124
11206786,validation,180,1,False,180
11206876,validation,100,1,False,100
11208155,validation,27,1,False,27
11208614,validation,19,1,False,19
11208673,validation,262,2,True,262
11208736,validation,236,1,False,236
11208752,validation,268,2,True,268
11208932,validation,173,1,False,173
11197136,validation,224,1,False,224
11197537,validation,254,1,False,254
11200838,validation,153,1,False,153
11201059,validation,139,1,False,139
11201272,validation,250,1,False,250
11201413,validation,218,1,False,218
11202090,validation,238,1,False,238
11202176,validation,228,1,False,228
11209338,validation,628,3,True,628
11210375,validation,324,2,True,324
11210462,validation,296,2,True,296
11210784,validation,135,1,False,135
11210917,validation,61,1,False,61
11211159,validation,16,1,False,16
11211172,validation,51,1,False,51
11211215,validation,220,1,False,220
11211217,validation,163,1,False,163
11211253,validation,269,2,True,269
11211307,validation,102,1,False,102
11211324,validation,260,2,True,260
11211350,validation,170,1,False,170
11211957,validation,193,1,False,193
11212095,validation,235,1,False,235
11212117,validation,346,2,True,346
11212188,validation,132,1,False,132
11212222,validation,90,1,False,90
11212241,validation,96,1,False,96
11212249,validation,443,2,True,443
11212323,validation,141,1,False,141
11212482,validation,886,4,True,886
11212701,validation,112,1,False,112
11212985,validation,276,2,True,276
11213071,validation,307,2,True,307
11213159,validation,334,2,True,334
11213253,validation,212,1,False,212
11213269,validation,100,1,False,100
11214028,validation,123,1,False,123
11214472,validation,46,1,False,46
11214650,validation,733,3,True,733
11214827,validation,48,1,False,48
11214965,validation,197,1,False,197
11215044,validation,32,1,False,32
11215344,validation,103,1,False,103
11215489,validation,104,1,False,104
11215512,validation,141,1,False,141
11215723,validation,59,1,False,59
11215798,validation,90,1,False,90
11215844,validation,44,1,False,44
11217503,validation,37,1,False,37
11217679,validation,275,2,True,275
11220038,validation,175,1,False,175
11220423,validation,379,2,True,379
11221134,validation,58,1,False,58
11221232,validation,384,2,True,384
11221433,validation,92,1,False,92
11221470,validation,386,2,True,386
11221483,validation,141,1,False,141
11221528,validation,490,2,True,490
11221533,validation,133,1,False,133
11221539,validation,21,1,False,21
11221568,validation,146,1,False,146
11221571,validation,82,1,False,82
11221611,validation,387,2,True,387
11221697,validation,437,2,True,437
11221728,validation,74,1,False,74
11221757,validation,234,1,False,234
11221780,validation,148,1,False,148
11221937,validation,149,1,False,149
11222334,validation,127,1,False,127
11222414,validation,355,2,True,355
11222470,validation,74,1,False,74
11222526,validation,692,3,True,692
11222557,validation,498,2,True,498
11222566,validation,213,1,False,213
11222609,validation,332,2,True,332
11222652,validation,737,3,True,737
11222661,validation,1281,6,True,1281
11222759,validation,162,1,False,162
11222760,validation,167,1,False,167
11222821,validation,439,2,True,439
11223186,validation,705,3,True,705
11223257,validation,150,1,False,150
11223327,validation,257,2,True,257
11223400,validation,82,1,False,82
11223439,validation,178,1,False,178
11223440,validation,199,1,False,199
11223556,validation,195,1,False,195
11224063,validation,53,1,False,53
11224279,validation,491,2,True,491
11224331,validation,11,1,False,11
11224364,validation,434,2,True,434
11231397,validation,246,1,False,246
11236556,validation,333,2,True,333
11216980,validation,288,2,True,288
11216983,validation,19,1,False,19
11217550,validation,56,1,False,56
11218350,validation,145,1,False,145
11218390,validation,231,1,False,231
11218397,validation,55,1,False,55
11219068,validation,69,1,False,69
11220554,validation,19,1,False,19
11220762,validation,27,1,False,27
11220831,validation,122,1,False,122
11220916,validation,119,1,False,119
11220998,validation,214,1,False,214
11224719,validation,68,1,False,68
11224884,validation,95,1,False,95
11225082,validation,48,1,False,48
11226243,validation,213,1,False,213
11226502,validation,159,1,False,159
11226537,validation,78,1,False,78
11226740,validation,266,2,True,266
11227039,validation,68,1,False,68
11227178,validation,308,2,True,308
11227333,validation,89,1,False,89
11227425,validation,104,1,False,104
11227989,validation,461,2,True,461
11228401,validation,215,1,False,215
11228424,validation,865,4,True,865
11228426,validation,183,1,False,183
11228432,validation,160,1,False,160
11228435,validation,64,1,False,64
11228444,validation,427,2,True,427
11228557,validation,21,1,False,21
11228594,validation,315,2,True,315
11228763,validation,281,2,True,281
11229510,validation,209,1,False,209
11230005,validation,351,2,True,351
11230047,validation,69,1,False,69
11230325,validation,567,3,True,567
11230353,validation,570,3,True,570
11230367,validation,163,1,False,163
11230417,validation,662,3,True,662
11230462,validation,138,1,False,138
11230484,validation,27,1,False,27
11230770,validation,124,1,False,124
11230781,validation,95,1,False,95
11231038,validation,437,2,True,437
11231069,validation,78,1,False,78
11231122,validation,138,1,False,138
11231297,validation,337,2,True,337
11231369,validation,149,1,False,149
11231996,validation,353,2,True,353
11232103,validation,308,2,True,308
11232121,validation,537,3,True,537
11232158,validation,148,1,False,148
11232208,validation,398,2,True,398
11232259,validation,173,1,False,173
11232267,validation,70,1,False,70
11232296,validation,93,1,False,93
11232320,validation,29,1,False,29
11232472,validation,476,2,True,476
11232516,validation,236,1,False,236
11232546,validation,55,1,False,55
11232662,validation,131,1,False,131
11232991,validation,57,1,False,57
11233232,validation,591,3,True,591
11233454,validation,663,3,True,663
11233527,validation,110,1,False,110
11233619,validation,271,2,True,271
11235536,validation,288,2,True,288
11236867,validation,134,1,False,134
11237360,validation,82,1,False,82
11237363,validation,215,1,False,215
11237376,validation,330,2,True,330
11237401,validation,152,1,False,152
11237410,validation,118,1,False,118
11237451,validation,1030,5,True,1030
11237505,validation,1460,6,True,1460
11237539,validation,374,2,True,374
11237540,validation,276,2,True,276
11242118,validation,67,1,False,67
11242125,validation,623,3,True,623
11226868,validation,337,2,True,337
11227477,validation,392,2,True,392
11227904,validation,416,2,True,416
11229096,validation,264,2,True,264
11229174,validation,204,1,False,204
11229213,validation,371,2,True,371
11229357,validation,129,1,False,129
11229389,validation,43,1,False,43
11229644,validation,508,2,True,508
11231732,validation,52,1,False,52
11231753,validation,370,2,True,370
11231776,validation,195,1,False,195
11231783,validation,274,2,True,274
11231785,validation,194,1,False,194
11231948,validation,113,1,False,113
11232154,validation,37,1,False,37
11238048,validation,596,3,True,596
11238113,validation,268,2,True,268
11238248,validation,20,1,False,20
11238410,validation,351,2,True,351
11238654,validation,1177,5,True,1177
11238683,validation,197,1,False,197
11238872,validation,177,1,False,177
11238989,validation,33,1,False,33
11239004,validation,21,1,False,21
11239120,validation,32,1,False,32
11239121,validation,392,2,True,392
11239123,validation,260,2,True,260
11239181,validation,363,2,True,363
11240141,validation,160,1,False,160
11241866,validation,219,1,False,219
11241971,validation,187,1,False,187
11242223,validation,131,1,False,131
11242584,validation,141,1,False,141
11242743,validation,71,1,False,71
11242784,validation,302,2,True,302
11242844,validation,262,2,True,262
11242908,validation,119,1,False,119
11242950,validation,428,2,True,428
11242978,validation,28,1,False,28
11243027,validation,165,1,False,165
11243041,validation,94,1,False,94
11243236,validation,423,2,True,423
11243250,validation,153,1,False,153
11243286,validation,188,1,False,188
11243291,validation,48,1,False,48
11243312,validation,478,2,True,478
11243430,validation,314,2,True,314
11243464,validation,141,1,False,141
11243498,validation,355,2,True,355
11243566,validation,39,1,False,39
11243622,validation,488,2,True,488
11243679,validation,137,1,False,137
11243705,validation,103,1,False,103
11243709,validation,326,2,True,326
11243767,validation,164,1,False,164
11243829,validation,198,1,False,198
11243834,validation,61,1,False,61
11243855,validation,106,1,False,106
11243956,validation,14,1,False,14
11244059,validation,112,1,False,112
11244092,validation,363,2,True,363
11244166,validation,294,2,True,294
11244234,validation,595,3,True,595
11244238,validation,157,1,False,157
11244265,validation,261,2,True,261
11244317,validation,130,1,False,130
11244410,validation,132,1,False,132
11244652,validation,205,1,False,205
11244715,validation,2148,9,True,2148
11244737,validation,63,1,False,63
11244743,validation,228,1,False,228
11244880,validation,250,1,False,250
11245516,validation,431,2,True,431
11248328,validation,270,2,True,270
11248561,validation,30,1,False,30
11249554,validation,248,1,False,248
11249579,validation,110,1,False,110
11249593,validation,471,2,True,471
11249608,validation,216,1,False,216
11249640,validation,418,2,True,418
11249825,validation,213,1,False,213
11275410,validation,326,2,True,326
11275414,validation,15,1,False,15
11239717,validation,9,1,False,9
11240039,validation,181,1,False,181
11240312,validation,498,2,True,498
11240477,validation,103,1,False,103
11240587,validation,578,3,True,578
11240599,validation,249,1,False,249
11240600,validation,302,2,True,302
11240741,validation,1059,5,True,1059
11240838,validation,427,2,True,427
11241122,validation,76,1,False,76
11241238,validation,176,1,False,176
11241608,validation,176,1,False,176
11241609,validation,96,1,False,96
11245909,validation,290,2,True,290
11245961,validation,361,2,True,361
11245997,validation,156,1,False,156
11246017,validation,180,1,False,180
11246059,validation,291,2,True,291
11246074,validation,142,1,False,142
11246105,validation,625,3,True,625
11246127,validation,58,1,False,58
11246149,validation,43,1,False,43
11246190,validation,125,1,False,125
11246262,validation,1407,6,True,1407
11246371,validation,572,3,True,572
11246473,validation,735,3,True,735
11246517,validation,38,1,False,38
11247004,validation,64,1,False,64
11247009,validation,212,1,False,212
11247058,validation,29,1,False,29
11247125,validation,94,1,False,94
11247196,validation,376,2,True,376
11247237,validation,255,2,True,255
11247327,validation,335,2,True,335
11247329,validation,228,1,False,228
11247330,validation,154,1,False,154
11247338,validation,135,1,False,135
11247389,validation,222,1,False,222
11247401,validation,459,2,True,459
11247409,validation,119,1,False,119
11248008,validation,239,1,False,239
11248093,validation,1418,6,True,1418
11248126,validation,149,1,False,149
11248570,validation,208,1,False,208
11248721,validation,58,1,False,58
11249806,validation,88,1,False,88
11250078,validation,346,2,True,346
11250272,validation,174,1,False,174
11250537,validation,167,1,False,167
11245088,validation,148,1,False,148
11245090,validation,153,1,False,153
11245189,validation,10,1,False,10
11245317,validation,99,1,False,99
11245503,validation,512,3,True,512
11248875,validation,533,3,True,533
11249390,validation,135,1,False,135
11249524,validation,125,1,False,125
11252154,validation,159,1,False,159
11252290,validation,684,3,True,684
11252342,validation,66,1,False,66
11252544,validation,280,2,True,280
11252731,validation,430,2,True,430
11252950,validation,147,1,False,147
11252951,validation,112,1,False,112
11254783,validation,127,1,False,127
11255097,validation,42,1,False,42
11255346,validation,144,1,False,144
11255770,validation,306,2,True,306
11255782,validation,293,2,True,293
11255877,validation,184,1,False,184
11255986,validation,64,1,False,64
11255993,validation,196,1,False,196
11256026,validation,279,2,True,279
11256101,validation,66,1,False,66
11256915,validation,136,1,False,136
11256980,validation,219,1,False,219
11257764,validation,231,1,False,231
11258005,validation,67,1,False,67
11258023,validation,117,1,False,117
11258053,validation,242,1,False,242
11258492,validation,113,1,False,113
11258510,validation,288,2,True,288
11258607,validation,737,3,True,737
11258651,validation,127,1,False,127
11258821,validation,37,1,False,37
11258978,validation,206,1,False,206
11259081,validation,174,1,False,174
11259261,validation,173,1,False,173
11260676,validation,834,4,True,834
11261347,validation,450,2,True,450
11262083,validation,429,2,True,429
11262242,validation,102,1,False,102
11269569,validation,126,1,False,126
11269630,validation,205,1,False,205
11269824,validation,261,2,True,261
11270032,validation,119,1,False,119
11270084,validation,68,1,False,68
11270201,validation,359,2,True,359
11270243,validation,102,1,False,102
11270299,validation,367,2,True,367
11270336,validation,50,1,False,50
11270512,validation,461,2,True,461
11271048,validation,206,1,False,206
11271218,validation,280,2,True,280
11271270,validation,373,2,True,373
11271274,validation,110,1,False,110
11271304,validation,71,1,False,71
11271358,validation,146,1,False,146
11271451,validation,167,1,False,167
11271593,validation,529,3,True,529
11271705,validation,419,2,True,419
11271718,validation,472,2,True,472
11271823,validation,212,1,False,212
11271990,validation,173,1,False,173
11272072,validation,471,2,True,471
11272357,validation,407,2,True,407
11272379,validation,241,1,False,241
11272714,validation,292,2,True,292
11272778,validation,24,1,False,24
11272939,validation,283,2,True,283
11273132,validation,164,1,False,164
11273165,validation,148,1,False,148
11273169,validation,496,2,True,496
11274250,validation,388,2,True,388
11274266,validation,187,1,False,187
11274474,validation,536,3,True,536
11274509,validation,105,1,False,105
11274541,validation,82,1,False,82
11275037,validation,242,1,False,242
11275139,validation,875,4,True,875
11275316,validation,767,4,True,767
11275343,validation,100,1,False,100
11275373,validation,145,1,False,145
11275428,validation,28,1,False,28
11275626,validation,69,1,False,69
11275649,validation,99,1,False,99
11275783,validation,183,1,False,183
11275941,validation,665,3,True,665
11276023,validation,180,1,False,180
11276082,validation,45,1,False,45
11276105,validation,216,1,False,216
11276182,validation,46,1,False,46
11276353,validation,912,4,True,912
11276469,validation,203,1,False,203
11276497,validation,38,1,False,38
11276522,validation,118,1,False,118
11276557,validation,145,1,False,145
11250654,validation,80,1,False,80
11251072,validation,462,2,True,462
11251116,validation,60,1,False,60
11253251,validation,210,1,False,210
11253269,validation,695,3,True,695
11253280,validation,139,1,False,139
11253295,validation,200,1,False,200
11253303,validation,2207,9,True,2207
11253838,validation,238,1,False,238
11253869,validation,239,1,False,239
11253934,validation,159,1,False,159
11254299,validation,67,1,False,67
11254348,validation,363,2,True,363
11254349,validation,30,1,False,30
11254371,validation,176,1,False,176
11254586,validation,131,1,False,131
11254704,validation,20,1,False,20
11254760,validation,376,2,True,376
11254792,validation,244,1,False,244
11258018,validation,65,1,False,65
11264287,validation,738,3,True,738
11264342,validation,126,1,False,126
11264366,validation,213,1,False,213
11264460,validation,47,1,False,47
11264747,validation,290,2,True,290
11264805,validation,135,1,False,135
11265104,validation,158,1,False,158
11265243,validation,164,1,False,164
11265317,validation,364,2,True,364
11265350,validation,607,3,True,607
11265362,validation,174,1,False,174
11265405,validation,113,1,False,113
11265561,validation,157,1,False,157
11265633,validation,303,2,True,303
11265717,validation,22,1,False,22
11265760,validation,687,3,True,687
11265882,validation,72,1,False,72
11265893,validation,53,1,False,53
11265896,validation,20,1,False,20
11265944,validation,64,1,False,64
11265948,validation,371,2,True,371
11265984,validation,23,1,False,23
11266021,validation,1080,5,True,1080
11266075,validation,94,1,False,94
11266124,validation,451,2,True,451
11266227,validation,287,2,True,287
11266240,validation,100,1,False,100
11266318,validation,53,1,False,53
11266351,validation,77,1,False,77
11266454,validation,421,2,True,421
11266458,validation,20,1,False,20
11266624,validation,231,1,False,231
11266675,validation,441,2,True,441
11266700,validation,483,2,True,483
11266730,validation,22,1,False,22
11266741,validation,24,1,False,24
11266765,validation,35,1,False,35
11266815,validation,117,1,False,117
11266860,validation,24,1,False,24
11266880,validation,90,1,False,90
11266884,validation,193,1,False,193
11266978,validation,426,2,True,426
11267200,validation,220,1,False,220
11267316,validation,323,2,True,323
11267351,validation,296,2,True,296
11267352,validation,290,2,True,290
11267531,validation,490,2,True,490
11267537,validation,37,1,False,37
11267572,validation,160,1,False,160
11268157,validation,47,1,False,47
11268260,validation,64,1,False,64
11268330,validation,449,2,True,449
11268519,validation,356,2,True,356
11268585,validation,647,3,True,647
11268717,validation,93,1,False,93
11268928,validation,23,1,False,23
11268930,validation,398,2,True,398
11269044,validation,125,1,False,125
11269086,validation,61,1,False,61
11269261,validation,866,4,True,866
11269686,validation,579,3,True,579
11269927,validation,75,1,False,75
11270019,validation,184,1,False,184
11270064,validation,399,2,True,399
11270136,validation,472,2,True,472
11270167,validation,13,1,False,13
11270950,validation,114,1,False,114
11270985,validation,711,3,True,711
11271186,validation,440,2,True,440
11272029,validation,47,1,False,47
11273901,validation,1033,5,True,1033
11274062,validation,34,1,False,34
11274099,validation,630,3,True,630
11275472,validation,55,1,False,55
11275487,validation,566,3,True,566
11276624,validation,50,1,False,50
11276644,validation,571,3,True,571
11260020,validation,1297,6,True,1297
11261266,validation,332,2,True,332
11261674,validation,212,1,False,212
11261686,validation,65,1,False,65
11261690,validation,436,2,True,436
11262084,validation,227,1,False,227
11262324,validation,75,1,False,75
11262489,validation,44,1,False,44
11262544,validation,249,1,False,249
11262558,validation,111,1,False,111
11262611,validation,119,1,False,119
11262628,validation,696,3,True,696
11262641,validation,262,2,True,262
11262645,validation,25,1,False,25
11262903,validation,141,1,False,141
11263149,validation,312,2,True,312
11263185,validation,348,2,True,348
11263303,validation,445,2,True,445
11263306,validation,212,1,False,212
11263330,validation,208,1,False,208
11263561,validation,588,3,True,588
11263608,validation,204,1,False,204
11263698,validation,40,1,False,40
11263834,validation,213,1,False,213
11264102,validation,311,2,True,311
11264288,validation,463,2,True,463
11264837,validation,79,1,False,79
11256396,validation,341,2,True,341
11256526,validation,26,1,False,26
11257559,validation,193,1,False,193
11259839,validation,196,1,False,196
11259908,validation,89,1,False,89
11259910,validation,89,1,False,89
11259927,validation,53,1,False,53
11259938,validation,398,2,True,398
11259988,validation,147,1,False,147
11278214,validation,56,1,False,56
11278523,validation,295,2,True,295
11278549,validation,584,3,True,584
11278567,validation,116,1,False,116
11278649,validation,83,1,False,83
11278670,validation,466,2,True,466
11278697,validation,323,2,True,323
11278718,validation,108,1,False,108
11279232,validation,140,1,False,140
11279349,validation,82,1,False,82
11279857,validation,182,1,False,182
11279980,validation,192,1,False,192
11280378,validation,46,1,False,46
11280483,validation,353,2,True,353
11280530,validation,197,1,False,197
11280553,validation,349,2,True,349
11280732,validation,480,2,True,480
11280834,validation,109,1,False,109
11281098,validation,379,2,True,379
11281177,validation,254,1,False,254
11281223,validation,102,1,False,102
11281353,validation,90,1,False,90
11281357,validation,526,3,True,526
11281642,validation,287,2,True,287
11281653,validation,268,2,True,268
11281791,validation,382,2,True,382
11281915,validation,273,2,True,273
11281959,validation,1076,5,True,1076
11282540,validation,293,2,True,293
11282572,validation,460,2,True,460
11282599,validation,178,1,False,178
11282605,validation,363,2,True,363
11282694,validation,788,4,True,788
11282742,validation,255,2,True,255
11282744,validation,284,2,True,284
11283001,validation,380,2,True,380
11283011,validation,50,1,False,50
11283066,validation,375,2,True,375
11283255,validation,488,2,True,488
11283297,validation,534,3,True,534
11283309,validation,191,1,False,191
11283320,validation,84,1,False,84
11283340,validation,416,2,True,416
11283380,validation,223,1,False,223
11283590,validation,402,2,True,402
11283666,validation,177,1,False,177
11284452,validation,188,1,False,188
11284484,validation,240,1,False,240
11284561,validation,177,1,False,177
11284858,validation,93,1,False,93
11284887,validation,111,1,False,111
11285271,validation,185,1,False,185
11285317,validation,118,1,False,118
11285319,validation,160,1,False,160
11285353,validation,337,2,True,337
11286232,validation,53,1,False,53
11286896,validation,221,1,False,221
11287114,validation,288,2,True,288
11287139,validation,749,3,True,749
11287184,validation,398,2,True,398
11287560,validation,236,1,False,236
11287593,validation,61,1,False,61
11287888,validation,78,1,False,78
11287911,validation,158,1,False,158
11287964,validation,36,1,False,36
11287991,validation,451,2,True,451
11288009,validation,311,2,True,311
11288022,validation,2868,12,True,2868
11288038,validation,211,1,False,211
11288066,validation,192,1,False,192
11288067,validation,288,2,True,288
11288091,validation,310,2,True,310
11288648,validation,258,2,True,258
11288997,validation,688,3,True,688
11289044,validation,68,1,False,68
11289065,validation,380,2,True,380
11289069,validation,297,2,True,297
11289079,validation,309,2,True,309
11289117,validation,82,1,False,82
11289136,validation,252,1,False,252
11289391,validation,271,2,True,271
11289405,validation,1045,5,True,1045
11290300,validation,324,2,True,324
11290374,validation,418,2,True,418
11290381,validation,76,1,False,76
11290686,validation,441,2,True,441
11290740,validation,52,1,False,52
11290744,validation,324,2,True,324
11290760,validation,270,2,True,270
11327027,validation,139,1,False,139
11284089,validation,239,1,False,239
11284241,validation,199,1,False,199
11284308,validation,103,1,False,103
11284332,validation,575,3,True,575
11284366,validation,184,1,False,184
11284398,validation,82,1,False,82
11284472,validation,152,1,False,152
11284478,validation,67,1,False,67
11284483,validation,188,1,False,188
11284585,validation,273,2,True,273
11284855,validation,276,2,True,276
11285716,validation,74,1,False,74
11285751,validation,271,2,True,271
11285773,validation,33,1,False,33
11285957,validation,61,1,False,61
11286167,validation,254,1,False,254
11286453,validation,150,1,False,150
11286512,validation,420,2,True,420
11287168,validation,30,1,False,30
11287228,validation,154,1,False,154
11287246,validation,190,1,False,190
11287773,validation,939,4,True,939
11287857,validation,214,1,False,214
11287876,validation,373,2,True,373
11292542,validation,339,2,True,339
11293693,validation,358,2,True,358
11293825,validation,173,1,False,173
11294016,validation,48,1,False,48
11294021,validation,20,1,False,20
11294028,validation,226,1,False,226
11294056,validation,247,1,False,247
11294061,validation,610,3,True,610
11294137,validation,47,1,False,47
11294138,validation,339,2,True,339
11294173,validation,302,2,True,302
11294436,validation,67,1,False,67
11294541,validation,55,1,False,55
11294547,validation,196,1,False,196
11294604,validation,98,1,False,98
11294614,validation,109,1,False,109
11294662,validation,319,2,True,319
11294691,validation,279,2,True,279
11295129,validation,128,1,False,128
11295207,validation,189,1,False,189
11295292,validation,122,1,False,122
11295763,validation,393,2,True,393
11295777,validation,111,1,False,111
11295780,validation,912,4,True,912
11295913,validation,112,1,False,112
11295917,validation,117,1,False,117
11295949,validation,608,3,True,608
11295965,validation,162,1,False,162
11295974,validation,269,2,True,269
11295975,validation,139,1,False,139
11295999,validation,207,1,False,207
11296462,validation,111,1,False,111
11296520,validation,199,1,False,199
11296605,validation,389,2,True,389
11296718,validation,205,1,False,205
11296926,validation,34,1,False,34
11297135,validation,66,1,False,66
11297446,validation,132,1,False,132
11297511,validation,427,2,True,427
11297560,validation,272,2,True,272
11297561,validation,343,2,True,343
11297690,validation,13,1,False,13
11298208,validation,80,1,False,80
11298325,validation,473,2,True,473
11298386,validation,53,1,False,53
11298657,validation,278,2,True,278
11299363,validation,47,1,False,47
11299425,validation,168,1,False,168
11299458,validation,2357,10,True,2357
11299473,validation,166,1,False,166
11299764,validation,350,2,True,350
11300063,validation,103,1,False,103
11300312,validation,161,1,False,161
11300582,validation,130,1,False,130
11300588,validation,204,1,False,204
11300596,validation,455,2,True,455
11300626,validation,167,1,False,167
11300632,validation,92,1,False,92
11301259,validation,232,1,False,232
11301354,validation,631,3,True,631
11301374,validation,238,1,False,238
11301389,validation,491,2,True,491
11301537,validation,357,2,True,357
11301867,validation,142,1,False,142
11302067,validation,54,1,False,54
11302117,validation,355,2,True,355
11302212,validation,186,1,False,186
11302289,validation,110,1,False,110
11302307,validation,58,1,False,58
11302595,validation,150,1,False,150
11303293,validation,70,1,False,70
11303568,validation,136,1,False,136
11303850,validation,364,2,True,364
11291024,validation,196,1,False,196
11291256,validation,468,2,True,468
11293370,validation,147,1,False,147
11293441,validation,609,3,True,609
11293469,validation,162,1,False,162
11293483,validation,132,1,False,132
11293488,validation,118,1,False,118
11293639,validation,880,4,True,880
11293657,validation,12,1,False,12
11293723,validation,49,1,False,49
11293733,validation,142,1,False,142
11293767,validation,258,2,True,258
11293797,validation,101,1,False,101
11293827,validation,685,3,True,685
11293915,validation,618,3,True,618
11293926,validation,387,2,True,387
11293927,validation,394,2,True,394
11293969,validation,321,2,True,321
11293978,validation,42,1,False,42
11293992,validation,364,2,True,364
11293997,validation,535,3,True,535
11294024,validation,593,3,True,593
11294037,validation,63,1,False,63
11304968,validation,87,1,False,87
11305075,validation,65,1,False,65
11305191,validation,290,2,True,290
11305326,validation,90,1,False,90
11305340,validation,408,2,True,408
11305502,validation,228,1,False,228
11305578,validation,304,2,True,304
11305696,validation,33,1,False,33
11305828,validation,353,2,True,353
11306013,validation,193,1,False,193
11306067,validation,69,1,False,69
11306157,validation,404,2,True,404
11306252,validation,101,1,False,101
11306282,validation,101,1,False,101
11306310,validation,518,3,True,518
11306364,validation,525,3,True,525
11306369,validation,45,1,False,45
11306401,validation,143,1,False,143
11306482,validation,134,1,False,134
11306519,validation,670,3,True,670
11306540,validation,84,1,False,84
11306603,validation,243,1,False,243
11306663,validation,201,1,False,201
11306674,validation,144,1,False,144
11306943,validation,2609,11,True,2609
11306961,validation,539,3,True,539
11307228,validation,160,1,False,160
11307270,validation,81,1,False,81
11307354,validation,143,1,False,143
11307374,validation,852,4,True,852
11307461,validation,220,1,False,220
11307652,validation,233,1,False,233
11307707,validation,375,2,True,375
11307730,validation,313,2,True,313
11307887,validation,79,1,False,79
11308084,validation,159,1,False,159
11308560,validation,45,1,False,45
11308615,validation,47,1,False,47
11308820,validation,133,1,False,133
11308873,validation,228,1,False,228
11310913,validation,193,1,False,193
11310919,validation,280,2,True,280
11311088,validation,437,2,True,437
11311222,validation,208,1,False,208
11311254,validation,108,1,False,108
11311293,validation,361,2,True,361
11311501,validation,211,1,False,211
11311506,validation,279,2,True,279
11311534,validation,382,2,True,382
11311632,validation,1313,6,True,1313
11311679,validation,173,1,False,173
11311833,validation,216,1,False,216
11311838,validation,93,1,False,93
11311891,validation,158,1,False,158
11311902,validation,196,1,False,196
11311969,validation,142,1,False,142
11312018,validation,151,1,False,151
11312099,validation,338,2,True,338
11332505,validation,312,2,True,312
11309427,validation,227,1,False,227
11309983,validation,299,2,True,299
11310245,validation,154,1,False,154
11310313,validation,120,1,False,120
11310501,validation,105,1,False,105
11310550,validation,202,1,False,202
11310575,validation,148,1,False,148
11310626,validation,162,1,False,162
11310827,validation,392,2,True,392
11310842,validation,62,1,False,62
11310871,validation,523,3,True,523
11310872,validation,558,3,True,558
11310939,validation,118,1,False,118
11310988,validation,55,1,False,55
11311099,validation,215,1,False,215
11315118,validation,930,4,True,930
11315188,validation,598,3,True,598
11315450,validation,397,2,True,397
11315606,validation,326,2,True,326
11315644,validation,186,1,False,186
11315707,validation,303,2,True,303
11315749,validation,392,2,True,392
11315773,validation,87,1,False,87
11315785,validation,391,2,True,391
11315790,validation,110,1,False,110
11315800,validation,219,1,False,219
11315806,validation,64,1,False,64
11315933,validation,207,1,False,207
11315936,validation,195,1,False,195
11315966,validation,95,1,False,95
11315997,validation,361,2,True,361
11316019,validation,242,1,False,242
11316037,validation,232,1,False,232
11316080,validation,156,1,False,156
11316083,validation,422,2,True,422
11316099,validation,275,2,True,275
11316139,validation,107,1,False,107
11316208,validation,282,2,True,282
11316711,validation,134,1,False,134
11316756,validation,127,1,False,127
11316787,validation,126,1,False,126
11317031,validation,18,1,False,18
11317041,validation,266,2,True,266
11317044,validation,147,1,False,147
11317083,validation,266,2,True,266
11317184,validation,20,1,False,20
11317185,validation,113,1,False,113
11317189,validation,416,2,True,416
11317227,validation,151,1,False,151
11317229,validation,798,4,True,798
11317230,validation,400,2,True,400
11317237,validation,478,2,True,478
11317268,validation,48,1,False,48
11317766,validation,147,1,False,147
11317895,validation,145,1,False,145
11317896,validation,123,1,False,123
11317963,validation,525,3,True,525
11318095,validation,169,1,False,169
11318123,validation,497,2,True,497
11318166,validation,191,1,False,191
11318575,validation,226,1,False,226
11318616,validation,913,4,True,913
11330576,validation,440,2,True,440
11312379,validation,84,1,False,84
11312465,validation,246,1,False,246
11313985,validation,219,1,False,219
11314134,validation,299,2,True,299
11314368,validation,1700,7,True,1700
11314498,validation,113,1,False,113
11314521,validation,42,1,False,42
11314618,validation,229,1,False,229
11314640,validation,1196,5,True,1196
11314684,validation,577,3,True,577
11314762,validation,39,1,False,39
11314981,validation,687,3,True,687
11321567,validation,399,2,True,399
11321654,validation,450,2,True,450
11321727,validation,815,4,True,815
11321882,validation,613,3,True,613
11321971,validation,867,4,True,867
11322057,validation,145,1,False,145
11322428,validation,385,2,True,385
11322541,validation,289,2,True,289
11322595,validation,73,1,False,73
11322602,validation,114,1,False,114
11322687,validation,178,1,False,178
11322753,validation,94,1,False,94
11322757,validation,229,1,False,229
11322789,validation,399,2,True,399
11322822,validation,74,1,False,74
11322846,validation,424,2,True,424
11322876,validation,143,1,False,143
11322927,validation,189,1,False,189
11322967,validation,106,1,False,106
11323089,validation,205,1,False,205
11323163,validation,195,1,False,195
11323170,validation,80,1,False,80
11323263,validation,33,1,False,33
11323518,validation,748,3,True,748
11323565,validation,163,1,False,163
11323625,validation,89,1,False,89
11323656,validation,362,2,True,362
11323671,validation,224,1,False,224
11323675,validation,179,1,False,179
11323681,validation,2347,10,True,2347
11323714,validation,124,1,False,124
11323790,validation,134,1,False,134
11323799,validation,190,1,False,190
11323910,validation,25,1,False,25
11323922,validation,302,2,True,302
11323943,validation,253,1,False,253
11323982,validation,117,1,False,117
11323998,validation,96,1,False,96
11324323,validation,102,1,False,102
11324329,validation,248,1,False,248
11324367,validation,710,3,True,710
11324442,validation,68,1,False,68
11324453,validation,176,1,False,176
11324543,validation,302,2,True,302
11324550,validation,525,3,True,525
11324575,validation,34,1,False,34
11324589,validation,271,2,True,271
11324620,validation,205,1,False,205
11324654,validation,125,1,False,125
11324691,validation,294,2,True,294
11325191,validation,257,2,True,257
11325242,validation,351,2,True,351
11325288,validation,115,1,False,115
11325296,validation,152,1,False,152
11325406,validation,131,1,False,131
11325441,validation,231,1,False,231
11325462,validation,150,1,False,150
11325543,validation,297,2,True,297
11325582,validation,188,1,False,188
11325641,validation,254,1,False,254
11325714,validation,226,1,False,226
11325720,validation,87,1,False,87
11325725,validation,535,3,True,535
11325738,validation,131,1,False,131
11325813,validation,249,1,False,249
11325887,validation,125,1,False,125
11326017,validation,250,1,False,250
11326845,validation,313,2,True,313
11326895,validation,308,2,True,308
11326996,validation,413,2,True,413
11327357,validation,176,1,False,176
11327517,validation,58,1,False,58
11327664,validation,416,2,True,416
11327668,validation,171,1,False,171
11327802,validation,49,1,False,49
11327981,validation,284,2,True,284
11328023,validation,78,1,False,78
11328226,validation,112,1,False,112
11328280,validation,555,3,True,555
11328461,validation,408,2,True,408
11328501,validation,109,1,False,109
11328786,validation,530,3,True,530
11328881,validation,211,1,False,211
11328905,validation,261,2,True,261
11328920,validation,183,1,False,183
11328922,validation,122,1,False,122
11329576,validation,98,1,False,98
11329690,validation,429,2,True,429
11330146,validation,57,1,False,57
11330539,validation,151,1,False,151
11330554,validation,208,1,False,208
11330875,validation,181,1,False,181
11330924,validation,153,1,False,153
11330969,validation,514,3,True,514
11331336,validation,100,1,False,100
11331476,validation,136,1,False,136
11331640,validation,20,1,False,20
11321052,validation,86,1,False,86
11321348,validation,106,1,False,106
11321373,validation,48,1,False,48
11321401,validation,556,3,True,556
11321779,validation,50,1,False,50
11322051,validation,54,1,False,54
11322052,validation,57,1,False,57
11322102,validation,313,2,True,313
11322110,validation,377,2,True,377
11322339,validation,311,2,True,311
11322407,validation,534,3,True,534
11322663,validation,113,1,False,113
11332228,validation,104,1,False,104
11332236,validation,106,1,False,106
11332254,validation,517,3,True,517
11332270,validation,60,1,False,60
11332272,validation,139,1,False,139
11332331,validation,335,2,True,335
11332337,validation,404,2,True,404
11332340,validation,84,1,False,84
11332355,validation,237,1,False,237
11332363,validation,113,1,False,113
11332463,validation,808,4,True,808
11332494,validation,134,1,False,134
11332552,validation,61,1,False,61
11332657,validation,130,1,False,130
11332872,validation,113,1,False,113
11332895,validation,363,2,True,363
11332901,validation,486,2,True,486
11332934,validation,453,2,True,453
11332937,validation,198,1,False,198
11332955,validation,191,1,False,191
11332958,validation,45,1,False,45
11333282,validation,141,1,False,141
11335504,validation,322,2,True,322
11335716,validation,588,3,True,588
11335742,validation,332,2,True,332
11335749,validation,87,1,False,87
11335783,validation,159,1,False,159
11335789,validation,489,2,True,489
11335833,validation,153,1,False,153
11335933,validation,263,2,True,263
11335994,validation,103,1,False,103
11336007,validation,135,1,False,135
11336041,validation,454,2,True,454
11336108,validation,102,1,False,102
11336110,validation,155,1,False,155
11336144,validation,750,3,True,750
11336159,validation,292,2,True,292
11336164,validation,83,1,False,83
11336166,validation,424,2,True,424
11336181,validation,393,2,True,393
11336187,validation,319,2,True,319
11336319,validation,25,1,False,25
11336337,validation,2862,12,True,2862
11336342,validation,707,3,True,707
11336348,validation,43,1,False,43
11336441,validation,121,1,False,121
11336457,validation,192,1,False,192
11336487,validation,45,1,False,45
11336502,validation,64,1,False,64
11336520,validation,68,1,False,68
11336538,validation,50,1,False,50
11336578,validation,182,1,False,182
11336744,validation,269,2,True,269
11336773,validation,154,1,False,154
11336820,validation,113,1,False,113
11336840,validation,43,1,False,43
11336865,validation,317,2,True,317
11337240,validation,96,1,False,96
11337289,validation,117,1,False,117
11337312,validation,69,1,False,69
11337336,validation,90,1,False,90
11337338,validation,581,3,True,581
11337344,validation,176,1,False,176
11337568,validation,96,1,False,96
11337569,validation,76,1,False,76
11337623,validation,217,1,False,217
11337648,validation,383,2,True,383
11337663,validation,255,2,True,255
11337671,validation,113,1,False,113
11337674,validation,333,2,True,333
11337676,validation,300,2,True,300
11337697,validation,32,1,False,32
11337708,validation,242,1,False,242
11337736,validation,42,1,False,42
11337904,validation,131,1,False,131
11337945,validation,498,2,True,498
11337971,validation,175,1,False,175
11338071,validation,422,2,True,422
11338231,validation,336,2,True,336
11338241,validation,279,2,True,279
11338358,validation,653,3,True,653
11338361,validation,115,1,False,115
11338443,validation,335,2,True,335
11338515,validation,134,1,False,134
11338555,validation,146,1,False,146
11338714,validation,472,2,True,472
11338733,validation,221,1,False,221
11338739,validation,94,1,False,94
11338766,validation,233,1,False,233
11338783,validation,152,1,False,152
11338820,validation,54,1,False,54
11338822,validation,39,1,False,39
11338829,validation,338,2,True,338
11338833,validation,236,1,False,236
11338865,validation,120,1,False,120
11346173,validation,45,1,False,45
11346182,validation,97,1,False,97
11346192,validation,301,2,True,301
11356132,validation,250,1,False,250
