Complaint ID,Issue
10647295,"Advertising and marketing, including promotional offers"
10647477,Problem with a purchase shown on your statement
10647560,Problem with a purchase shown on your statement
10647790,Closing your account
10648025,"Other features, terms, or problems"
10648100,Closing your account
10648150,"Advertising and marketing, including promotional offers"
10648203,"Other features, terms, or problems"
10648252,"Other features, terms, or problems"
10648651,Getting a credit card
10652284,Problem with a purchase shown on your statement
10653045,"Other features, terms, or problems"
10653073,"Other features, terms, or problems"
10653212,Incorrect information on your report
10653604,Incorrect information on your report
10653605,"Advertising and marketing, including promotional offers"
10653705,"Other features, terms, or problems"
10653764,"Advertising and marketing, including promotional offers"
10653895,Problem with a purchase shown on your statement
10654006,Problem when making payments
10654077,"Advertising and marketing, including promotional offers"
10654097,Problem with a purchase shown on your statement
10654239,Problem when making payments
10654925,Getting a credit card
10655196,Getting a credit card
10655200,Problem with a purchase shown on your statement
10655436,Problem when making payments
10655566,Trouble using your card
10655587,Closing your account
10655664,Problem with a purchase shown on your statement
10655689,Closing your account
10655803,Trouble using your card
10656076,Closing your account
10656123,"Other features, terms, or problems"
10656357,Problem when making payments
10656479,"Other features, terms, or problems"
10656619,Closing your account
10656661,"Advertising and marketing, including promotional offers"
10657208,Problem with a purchase shown on your statement
10657224,"Other features, terms, or problems"
10657225,Getting a credit card
10657331,Problem with a purchase shown on your statement
10657346,Problem with a purchase shown on your statement
10657348,"Other features, terms, or problems"
10657359,Trouble using your card
10657387,"Advertising and marketing, including promotional offers"
10657446,Trouble using your card
10657449,Getting a credit card
10657924,Problem with a purchase shown on your statement
10657957,Problem with a purchase shown on your statement
10657980,Getting a credit card
10657986,Problem when making payments
10658018,Fees or interest
10658030,"Other features, terms, or problems"
10658062,Fees or interest
10658090,Getting a credit card
10658105,Problem with a purchase shown on your statement
10658207,Getting a credit card
10658236,Getting a credit card
10658289,Trouble using your card
10658303,Getting a credit card
10658344,Fees or interest
10658358,Problem with a purchase shown on your statement
10658434,Incorrect information on your report
10658474,Problem with a purchase shown on your statement
10658548,Getting a credit card
10658618,Problem with a purchase shown on your statement
10658679,Problem with a company's investigation into an existing problem
10659579,Problem when making payments
10659640,Fees or interest
10660158,Getting a credit card
10660405,Closing your account
10660457,Fees or interest
10660494,Getting a credit card
10660530,Incorrect information on your report
10660828,Getting a credit card
10660836,Problem with a purchase shown on your statement
10660847,Problem with a purchase shown on your statement
10660873,Trouble using your card
10650380,Closing your account
10650489,Trouble using your card
10650902,Problem when making payments
10651028,"Other features, terms, or problems"
10651960,Trouble using your card
10651987,Fees or interest
10652006,Struggling to pay your bill
10652406,Problem with a purchase shown on your statement
10652563,Getting a credit card
10652758,Problem with a purchase shown on your statement
10652879,Fees or interest
10661280,Problem when making payments
10661572,Fees or interest
10661622,Trouble using your card
10661663,Getting a credit card
10661674,"Other features, terms, or problems"
10661820,Getting a credit card
10661844,Closing your account
10661846,Problem with a company's investigation into an existing problem
10661851,Problem with a purchase shown on your statement
10661857,Problem when making payments
10661897,Closing your account
10662244,"Advertising and marketing, including promotional offers"
10662263,Problem with a purchase shown on your statement
10662280,"Advertising and marketing, including promotional offers"
10662281,Closing your account
10662525,Getting a credit card
10662570,Problem with a purchase shown on your statement
10662587,"Other features, terms, or problems"
10662591,Getting a credit card
10662597,Closing your account
10662652,Getting a credit card
10662704,Problem with a purchase shown on your statement
10662747,Getting a credit card
10662969,Closing your account
10662982,"Advertising and marketing, including promotional offers"
10662985,Problem with a purchase shown on your statement
10663040,Problem with a purchase shown on your statement
10663121,Problem when making payments
10663246,Problem with a purchase shown on your statement
10663275,Trouble using your card
10663337,Problem with a purchase shown on your statement
10663381,"Other features, terms, or problems"
10663384,Trouble using your card
10663671,Problem when making payments
10663757,Fees or interest
10663803,Getting a credit card
10663841,"Other features, terms, or problems"
10663866,Fees or interest
10663903,"Other features, terms, or problems"
10663959,Fees or interest
10664416,Incorrect information on your report
10664432,Problem with a purchase shown on your statement
10664499,Incorrect information on your report
10664564,Problem with a purchase shown on your statement
10664584,Closing your account
10664612,Problem with a purchase shown on your statement
10664652,Problem when making payments
10665059,"Other features, terms, or problems"
10665077,Problem with a purchase shown on your statement
10665091,Trouble using your card
10665303,Problem with a purchase shown on your statement
10665559,Getting a credit card
10666422,Trouble using your card
10666697,"Other features, terms, or problems"
10666749,"Other features, terms, or problems"
10666775,Closing your account
10665349,Problem with a purchase shown on your statement
10665364,Problem with a purchase shown on your statement
10665817,"Other features, terms, or problems"
10666194,Problem with a purchase shown on your statement
10666266,Fees or interest
10666269,Getting a credit card
10666358,"Other features, terms, or problems"
10666361,Problem with a purchase shown on your statement
10667519,Fees or interest
10668810,Getting a credit card
10669029,Fees or interest
10669314,"Other features, terms, or problems"
10669329,"Other features, terms, or problems"
10669344,Problem when making payments
10669378,"Other features, terms, or problems"
10669388,Getting a credit card
10669453,Fees or interest
10669512,Fees or interest
10669521,Problem when making payments
10669550,"Advertising and marketing, including promotional offers"
10669813,Fees or interest
10669824,Fees or interest
10669866,Problem with a purchase shown on your statement
10670008,Closing your account
10670009,Problem with a purchase shown on your statement
10670113,Fees or interest
10670202,Fees or interest
10670300,Closing your account
10670325,Problem when making payments
10670347,Closing your account
10670395,"Other features, terms, or problems"
10670413,Fees or interest
10670565,Problem with a purchase shown on your statement
10670627,"Advertising and marketing, including promotional offers"
10670713,Fees or interest
10671219,Fees or interest
10671347,Fees or interest
10671610,"Other features, terms, or problems"
10671612,"Advertising and marketing, including promotional offers"
10671681,Problem with a purchase shown on your statement
10671694,"Advertising and marketing, including promotional offers"
10671965,Trouble using your card
10672053,Incorrect information on your report
10686458,Fees or interest
10667128,Problem with a purchase shown on your statement
10668096,Fees or interest
10668456,Closing your account
10668469,Problem with a purchase shown on your statement
10668538,Problem when making payments
10668544,Problem with a purchase shown on your statement
10668598,Fees or interest
10672937,Getting a credit card
10673000,"Other features, terms, or problems"
10673251,Getting a credit card
10673435,"Other features, terms, or problems"
10673935,Problem with a purchase shown on your statement
10674242,Problem with a purchase shown on your statement
10674278,Incorrect information on your report
10674471,Closing your account
10674794,Problem when making payments
10675562,"Other features, terms, or problems"
10677281,Problem with a purchase shown on your statement
10681051,"Advertising and marketing, including promotional offers"
10681067,Closing your account
10681098,Problem with a purchase shown on your statement
10681124,Getting a credit card
10681596,"Other features, terms, or problems"
10681616,"Other features, terms, or problems"
10681681,Problem with a purchase shown on your statement
10681686,Getting a credit card
10681882,Problem with a purchase shown on your statement
10682117,Getting a credit card
10682141,Struggling to pay your bill
10682159,Problem when making payments
10682290,"Other features, terms, or problems"
10682316,Getting a credit card
10682321,"Other features, terms, or problems"
10682425,Getting a credit card
10682614,"Other features, terms, or problems"
10682804,Problem with a purchase shown on your statement
10682858,Closing your account
10682882,Problem with a purchase shown on your statement
10682894,"Other features, terms, or problems"
10682936,Fees or interest
10683144,Closing your account
10683214,Getting a credit card
10683637,"Other features, terms, or problems"
10683660,Incorrect information on your report
10683741,Closing your account
10683775,Problem when making payments
10683787,Trouble using your card
10683801,Problem with a purchase shown on your statement
10683900,Problem with a purchase shown on your statement
10684000,Problem with a purchase shown on your statement
10684349,Problem with a purchase shown on your statement
10684352,Getting a credit card
10684358,Fees or interest
10684629,Trouble using your card
10684640,Fees or interest
10684706,Closing your account
10684753,Fees or interest
10684756,Fees or interest
10684757,Fees or interest
10684778,"Other features, terms, or problems"
10684800,Trouble using your card
10684925,Problem with a purchase shown on your statement
10685070,Problem with a purchase shown on your statement
10685084,"Other features, terms, or problems"
10685129,Problem when making payments
10685175,Getting a credit card
10685222,Closing your account
10685321,Problem when making payments
10685340,Problem with a purchase shown on your statement
10685366,Fees or interest
10685401,Fees or interest
10685454,Getting a credit card
10685644,Problem with a purchase shown on your statement
10685649,"Other features, terms, or problems"
10685753,Getting a credit card
10685765,Getting a credit card
10685907,Fees or interest
10686002,Problem with a purchase shown on your statement
10686082,Getting a credit card
10686110,Closing your account
10686166,Closing your account
10686402,Closing your account
10686470,Problem with a purchase shown on your statement
10686588,Getting a credit card
10687029,Problem with a purchase shown on your statement
10687098,Problem with a purchase shown on your statement
10672292,"Other features, terms, or problems"
10672519,"Other features, terms, or problems"
10673912,Problem with a purchase shown on your statement
10674013,"Advertising and marketing, including promotional offers"
10674014,Problem with a purchase shown on your statement
10674398,Problem with a purchase shown on your statement
10674642,Problem with a purchase shown on your statement
10674707,Incorrect information on your report
10674722,Trouble using your card
10675228,"Other features, terms, or problems"
10676285,Fees or interest
10676318,Fees or interest
10676433,Problem with a company's investigation into an existing problem
10678057,Incorrect information on your report
10678390,Incorrect information on your report
10679002,Incorrect information on your report
10679033,Closing your account
10679053,Incorrect information on your report
10679540,Problem with a company's investigation into an existing problem
10679868,Problem with a purchase shown on your statement
10680187,Getting a credit card
10680217,Fees or interest
10680232,"Other features, terms, or problems"
10680247,Incorrect information on your report
10680586,Fees or interest
10680597,Fees or interest
10680646,Problem with a purchase shown on your statement
10680650,Trouble using your card
10680683,Problem with a purchase shown on your statement
10680844,"Advertising and marketing, including promotional offers"
10680855,"Other features, terms, or problems"
10680869,"Advertising and marketing, including promotional offers"
10680893,Fees or interest
10680957,Getting a credit card
10680966,Getting a credit card
10681036,Problem with a purchase shown on your statement
10681055,"Advertising and marketing, including promotional offers"
10681066,Closing your account
10681543,Fees or interest
10687230,Getting a credit card
10687510,Getting a credit card
10687526,Problem with a purchase shown on your statement
10688020,"Other features, terms, or problems"
10688021,Fees or interest
10688056,Closing your account
10688187,Getting a credit card
10688289,Problem when making payments
10688300,Getting a credit card
10688399,Incorrect information on your report
10688404,Problem with a purchase shown on your statement
10688408,"Advertising and marketing, including promotional offers"
10688479,Problem when making payments
10688564,Problem with a purchase shown on your statement
10688580,"Advertising and marketing, including promotional offers"
10688582,Closing your account
10688585,Problem with a purchase shown on your statement
10688588,Problem with a purchase shown on your statement
10688590,Problem with a purchase shown on your statement
10688624,Trouble using your card
10688633,Fees or interest
10688733,Fees or interest
10688920,Closing your account
10688929,"Other features, terms, or problems"
10689074,Problem with a purchase shown on your statement
10689124,Problem with a purchase shown on your statement
10689256,Problem with a purchase shown on your statement
10689268,Fees or interest
10689368,Getting a credit card
10689578,Trouble using your card
10689582,"Advertising and marketing, including promotional offers"
10689614,Getting a credit card
10689624,Problem with a purchase shown on your statement
10689636,Getting a credit card
10689835,Problem with a purchase shown on your statement
10689980,Incorrect information on your report
10690080,Problem with a purchase shown on your statement
10690659,Problem with a purchase shown on your statement
10690667,Trouble using your card
10690866,Problem when making payments
10691166,Problem when making payments
10691172,Fees or interest
10691319,Problem with a purchase shown on your statement
10691367,Closing your account
10691409,"Advertising and marketing, including promotional offers"
10691413,Problem when making payments
10691623,Fees or interest
10691666,Closing your account
10691850,Fees or interest
10692542,Getting a credit card
10692603,"Other features, terms, or problems"
10693028,Problem when making payments
10693099,Problem with a purchase shown on your statement
10693198,Problem with a purchase shown on your statement
10693332,Fees or interest
10693653,Problem with a purchase shown on your statement
10693667,Fees or interest
10694033,"Other features, terms, or problems"
10694190,"Other features, terms, or problems"
10694195,Problem with a purchase shown on your statement
10694227,Getting a credit card
10694369,Problem when making payments
10694602,Problem with a purchase shown on your statement
10694619,Closing your account
10694632,Problem when making payments
10694683,Problem with a purchase shown on your statement
10694888,Problem with a purchase shown on your statement
10694935,Problem with a purchase shown on your statement
10694964,"Other features, terms, or problems"
10695042,Problem when making payments
10695155,Fees or interest
10695393,Problem when making payments
10695402,Trouble using your card
10695671,Fees or interest
10695870,Problem with a purchase shown on your statement
10696001,"Other features, terms, or problems"
10696298,Fees or interest
10697882,Problem with a purchase shown on your statement
10697883,"Advertising and marketing, including promotional offers"
10697911,Getting a credit card
10687280,Closing your account
10687606,Getting a credit card
10687891,Trouble using your card
10692023,Incorrect information on your report
10692131,Problem when making payments
10692839,Problem with a purchase shown on your statement
10694024,"Other features, terms, or problems"
10694055,Trouble using your card
10694926,Problem with a purchase shown on your statement
10696733,Problem when making payments
10696773,"Other features, terms, or problems"
10696883,Fees or interest
10696973,Problem with a purchase shown on your statement
10698451,Fees or interest
10698477,Trouble using your card
10698944,Problem when making payments
10699962,Closing your account
10699970,Problem when making payments
10699971,Problem with a purchase shown on your statement
10699972,Closing your account
10700167,Closing your account
10700378,Closing your account
10700752,Problem with a purchase shown on your statement
10701229,Problem with a purchase shown on your statement
10703154,Problem with a purchase shown on your statement
10704289,Problem when making payments
10709201,Getting a credit card
10709288,Fees or interest
10709410,Trouble using your card
10709518,Problem with a purchase shown on your statement
10709552,Struggling to pay your bill
10709589,Problem with a purchase shown on your statement
10709609,"Advertising and marketing, including promotional offers"
10714030,Problem with a purchase shown on your statement
10714233,Fees or interest
10714236,Incorrect information on your report
10714880,Closing your account
10714939,"Advertising and marketing, including promotional offers"
10715047,Closing your account
10715077,"Advertising and marketing, including promotional offers"
10715206,Fees or interest
10715254,Fees or interest
10715472,Problem with a purchase shown on your statement
10715527,Problem with a purchase shown on your statement
10716459,Problem with a purchase shown on your statement
10716902,Getting a credit card
10716934,"Other features, terms, or problems"
10717117,Problem with a company's investigation into an existing problem
10717145,Problem with a purchase shown on your statement
10717375,Getting a credit card
10717556,Problem with a purchase shown on your statement
10717719,Closing your account
10717740,Fees or interest
10717804,Fees or interest
10718137,"Other features, terms, or problems"
10718229,Getting a credit card
10718346,"Other features, terms, or problems"
10718417,Problem with a purchase shown on your statement
10718653,Incorrect information on your report
10719413,Incorrect information on your report
10719425,"Other features, terms, or problems"
10719668,"Other features, terms, or problems"
10720717,Fees or interest
10720733,Problem with a purchase shown on your statement
10720799,Fees or interest
10720857,Problem with a purchase shown on your statement
10720894,Problem with a purchase shown on your statement
10720981,Getting a credit card
10720992,Getting a credit card
10721021,"Other features, terms, or problems"
10721214,Fees or interest
10721249,Problem with a purchase shown on your statement
10721325,Incorrect information on your report
10721400,Problem with a purchase shown on your statement
10721453,Problem when making payments
10721461,Closing your account
10721503,Incorrect information on your report
10721764,Getting a credit card
10736492,Problem with a purchase shown on your statement
10736496,Closing your account
10701308,Problem with a purchase shown on your statement
10701323,Problem when making payments
10701333,Closing your account
10701353,Getting a credit card
10701446,Problem with a purchase shown on your statement
10701499,Incorrect information on your report
10701700,"Other features, terms, or problems"
10701764,Incorrect information on your report
10702289,Incorrect information on your report
10702304,"Advertising and marketing, including promotional offers"
10702381,Closing your account
10702787,"Advertising and marketing, including promotional offers"
10702793,Problem with a purchase shown on your statement
10702964,Problem with a company's investigation into an existing problem
10703911,Getting a credit card
10703998,Problem with a purchase shown on your statement
10704076,Problem with a purchase shown on your statement
10704395,"Other features, terms, or problems"
10704918,Problem with a purchase shown on your statement
10704966,"Advertising and marketing, including promotional offers"
10705115,Problem with a purchase shown on your statement
10705542,Problem with a purchase shown on your statement
10705575,Fees or interest
10705616,"Advertising and marketing, including promotional offers"
10705781,"Other features, terms, or problems"
10705821,Closing your account
10706184,Fees or interest
10707016,"Other features, terms, or problems"
10707035,Problem with a purchase shown on your statement
10707782,Problem with a purchase shown on your statement
10707797,Problem with a purchase shown on your statement
10707834,Problem with a purchase shown on your statement
10707888,Problem with a purchase shown on your statement
10708478,Trouble using your card
10708582,"Other features, terms, or problems"
10708728,Getting a credit card
10708741,Incorrect information on your report
10709132,Problem when making payments
10709657,Struggling to pay your bill
10709859,Problem with a purchase shown on your statement
10710556,Problem with a purchase shown on your statement
10710792,Problem with a purchase shown on your statement
10711055,Incorrect information on your report
10711374,Incorrect information on your report
10711443,Getting a credit card
10712010,"Advertising and marketing, including promotional offers"
10712789,Problem with a purchase shown on your statement
10712970,Trouble using your card
10713120,Problem when making payments
10713137,"Other features, terms, or problems"
10713198,Getting a credit card
10713355,"Other features, terms, or problems"
10713469,"Other features, terms, or problems"
10713515,Fees or interest
10713618,Problem with a purchase shown on your statement
10713659,Fees or interest
10713862,Closing your account
10714087,Problem with a purchase shown on your statement
10714481,Problem with a company's investigation into an existing problem
10717035,"Other features, terms, or problems"
10717545,Problem with a purchase shown on your statement
10722540,Trouble using your card
10723887,Getting a credit card
10723896,Problem when making payments
10723919,"Other features, terms, or problems"
10723930,Problem when making payments
10723936,Incorrect information on your report
10723937,Fees or interest
10723939,Problem with a purchase shown on your statement
10724955,Fees or interest
10724961,Fees or interest
10725086,Problem with a purchase shown on your statement
10725194,Problem with a purchase shown on your statement
10725297,Problem with a purchase shown on your statement
10725352,Incorrect information on your report
10725354,"Advertising and marketing, including promotional offers"
10726291,Fees or interest
10727297,Problem when making payments
10722659,Problem when making payments
10722700,Problem with a purchase shown on your statement
10722708,Incorrect information on your report
10722731,Getting a credit card
10723004,"Other features, terms, or problems"
10723126,"Other features, terms, or problems"
10723183,Fees or interest
10723184,"Other features, terms, or problems"
10723224,Struggling to pay your bill
10724060,Incorrect information on your report
10724105,Closing your account
10724166,Getting a credit card
10724170,"Advertising and marketing, including promotional offers"
10724339,Fees or interest
10724374,"Other features, terms, or problems"
10724413,"Other features, terms, or problems"
10724418,Getting a credit card
10729235,"Advertising and marketing, including promotional offers"
10729411,Incorrect information on your report
10729569,Fees or interest
10730009,Getting a credit card
10730146,Problem when making payments
10730200,Problem with a purchase shown on your statement
10730442,Fees or interest
10730663,Problem with a purchase shown on your statement
10731208,Getting a credit card
10731547,Problem with a purchase shown on your statement
10731619,Struggling to pay your bill
10731662,Fees or interest
10731687,"Advertising and marketing, including promotional offers"
10731719,Struggling to pay your bill
10731828,Problem with a purchase shown on your statement
10732077,Problem with a purchase shown on your statement
10732217,Problem with a purchase shown on your statement
10732384,Problem with a company's investigation into an existing problem
10732395,"Advertising and marketing, including promotional offers"
10732620,Getting a credit card
10732703,"Advertising and marketing, including promotional offers"
10732798,Problem with a purchase shown on your statement
10732921,"Other features, terms, or problems"
10733057,"Other features, terms, or problems"
10733108,Getting a credit card
10733155,Getting a credit card
10733159,"Other features, terms, or problems"
10733173,Problem with a purchase shown on your statement
10733440,Problem with a company's investigation into an existing problem
10733493,"Advertising and marketing, including promotional offers"
10733518,Problem with a purchase shown on your statement
10733628,Problem with a purchase shown on your statement
10733767,Fees or interest
10733891,Getting a credit card
10733931,"Other features, terms, or problems"
10733982,"Other features, terms, or problems"
10733989,Fees or interest
10734401,Problem with a purchase shown on your statement
10734427,Trouble using your card
10734442,Problem with a purchase shown on your statement
10734446,Problem with a purchase shown on your statement
10734545,Getting a credit card
10734639,Closing your account
10734686,Problem with a purchase shown on your statement
10734835,Problem when making payments
10734847,Problem when making payments
10734951,"Other features, terms, or problems"
10734956,Problem when making payments
10735004,Fees or interest
10735357,"Other features, terms, or problems"
10735552,Fees or interest
10735602,Closing your account
10735699,Problem with a purchase shown on your statement
10735793,Fees or interest
10735795,Problem with a purchase shown on your statement
10735899,Getting a credit card
10735988,Problem with a purchase shown on your statement
10736066,Getting a credit card
10736283,Closing your account
10736382,Closing your account
10736435,"Other features, terms, or problems"
10736444,Problem with a purchase shown on your statement
10736680,"Advertising and marketing, including promotional offers"
10736764,Problem with a purchase shown on your statement
10736769,Problem with a purchase shown on your statement
10736958,Problem with a purchase shown on your statement
10737056,Getting a credit card
10737068,Problem with a company's investigation into an existing problem
10737087,Struggling to pay your bill
10737113,"Other features, terms, or problems"
10737293,Problem with a purchase shown on your statement
10737571,Trouble using your card
10737591,Closing your account
10737615,"Other features, terms, or problems"
10737731,"Other features, terms, or problems"
10737829,"Advertising and marketing, including promotional offers"
10737933,Problem when making payments
10738240,"Advertising and marketing, including promotional offers"
10738520,Problem with a purchase shown on your statement
10738549,Problem with a purchase shown on your statement
10738580,Problem when making payments
10739145,Problem with a purchase shown on your statement
10726812,"Other features, terms, or problems"
10727089,"Other features, terms, or problems"
10727280,Problem with a purchase shown on your statement
10727299,Trouble using your card
10727377,Problem with a purchase shown on your statement
10727634,Problem with a purchase shown on your statement
10727783,Problem with a purchase shown on your statement
10727791,Problem with a purchase shown on your statement
10727854,Problem with a purchase shown on your statement
10728160,Closing your account
10728303,Getting a credit card
10728785,Problem with a purchase shown on your statement
10728957,Struggling to pay your bill
10728965,Problem with a company's investigation into an existing problem
10729005,Struggling to pay your bill
10730013,Problem with a company's investigation into an existing problem
10740645,Closing your account
10741058,Problem with a purchase shown on your statement
10741138,Problem with a purchase shown on your statement
10741306,Problem with a company's investigation into an existing problem
10741338,"Advertising and marketing, including promotional offers"
10741472,"Other features, terms, or problems"
10741481,Problem with a purchase shown on your statement
10741508,Getting a credit card
10741575,"Advertising and marketing, including promotional offers"
10741605,Fees or interest
10741622,Problem with a purchase shown on your statement
10741689,Problem when making payments
10741906,Problem with a purchase shown on your statement
10741918,Problem with a purchase shown on your statement
10741948,Problem with a purchase shown on your statement
10741978,Fees or interest
10742129,Getting a credit card
10742188,"Other features, terms, or problems"
10742352,"Other features, terms, or problems"
10742433,Closing your account
10742583,Problem with a company's investigation into an existing problem
10742613,Problem with a purchase shown on your statement
10742664,Trouble using your card
10742703,Problem when making payments
10742735,Problem with a purchase shown on your statement
10742738,"Advertising and marketing, including promotional offers"
10742803,Problem with a purchase shown on your statement
10742811,Problem with a purchase shown on your statement
10742882,Problem with a purchase shown on your statement
10742987,"Other features, terms, or problems"
10743053,Fees or interest
10743070,Problem with a purchase shown on your statement
10743230,Trouble using your card
10743406,Trouble using your card
10743433,Fees or interest
10743538,"Other features, terms, or problems"
10743587,Getting a credit card
10743624,Problem with a purchase shown on your statement
10743676,Problem when making payments
10743838,Problem with a purchase shown on your statement
10743996,Problem with a purchase shown on your statement
10744170,Getting a credit card
10744323,Problem when making payments
10744370,Problem with a company's investigation into an existing problem
10744426,"Other features, terms, or problems"
10744797,Getting a credit card
10744895,"Other features, terms, or problems"
10744983,Fees or interest
10745002,Getting a credit card
10745052,Problem with a purchase shown on your statement
10745205,Problem when making payments
10745325,"Advertising and marketing, including promotional offers"
10740837,Getting a credit card
10745981,Problem with a purchase shown on your statement
10747869,Fees or interest
10747870,Struggling to pay your bill
10747998,Fees or interest
10748013,Fees or interest
10748165,Trouble using your card
10748179,Fees or interest
10748210,"Other features, terms, or problems"
10748264,Closing your account
10748388,Getting a credit card
10748467,Problem with a purchase shown on your statement
10748588,Fees or interest
10748716,Fees or interest
10748755,"Other features, terms, or problems"
10748760,"Other features, terms, or problems"
10749040,Problem with a purchase shown on your statement
10749270,"Advertising and marketing, including promotional offers"
10749277,"Other features, terms, or problems"
10749317,Fees or interest
10749342,Fees or interest
10749346,Closing your account
10749363,Problem when making payments
10749445,"Advertising and marketing, including promotional offers"
10749463,"Other features, terms, or problems"
10749472,"Other features, terms, or problems"
10749480,Fees or interest
10749496,Trouble using your card
10749556,Closing your account
10749561,"Other features, terms, or problems"
10749779,Problem with a company's investigation into an existing problem
10749909,Fees or interest
10749987,Problem with a purchase shown on your statement
10749990,"Other features, terms, or problems"
10749992,Problem with a purchase shown on your statement
10749993,Fees or interest
10750063,Getting a credit card
10750131,Getting a credit card
10750211,Problem when making payments
10750271,Problem with a purchase shown on your statement
10750370,Fees or interest
10745725,Problem with a purchase shown on your statement
10745886,Problem with a purchase shown on your statement
10745920,Fees or interest
10745965,Trouble using your card
10746587,"Advertising and marketing, including promotional offers"
10746624,Problem with a purchase shown on your statement
10746724,"Other features, terms, or problems"
10746834,Problem with a purchase shown on your statement
10746929,Problem with a purchase shown on your statement
10747204,Fees or interest
10747474,"Advertising and marketing, including promotional offers"
10747486,Fees or interest
10747514,Fees or interest
10748105,"Other features, terms, or problems"
10750874,Closing your account
10754563,Getting a credit card
10754656,Struggling to pay your bill
10754735,Problem with a purchase shown on your statement
10754845,Problem with a purchase shown on your statement
10755002,Incorrect information on your report
10755086,Problem with a purchase shown on your statement
10755101,"Advertising and marketing, including promotional offers"
10755110,Struggling to pay your bill
10755205,Incorrect information on your report
10755460,Problem with a purchase shown on your statement
10755526,Problem when making payments
10755534,Problem with a purchase shown on your statement
10755613,Problem with a purchase shown on your statement
10755875,Problem with a purchase shown on your statement
10755966,Fees or interest
10755990,Closing your account
10756470,Fees or interest
10756641,Getting a credit card
10756779,Trouble using your card
10757185,Closing your account
10757389,Fees or interest
10757782,Problem when making payments
10758061,Fees or interest
10758201,"Other features, terms, or problems"
10758499,Problem with a purchase shown on your statement
10758561,Fees or interest
10758801,Problem with a purchase shown on your statement
10758919,Problem with a purchase shown on your statement
10759047,"Other features, terms, or problems"
10759052,Problem with a purchase shown on your statement
10759054,Closing your account
10759182,"Other features, terms, or problems"
10759191,Getting a credit card
10759359,Fees or interest
10759552,Problem with a purchase shown on your statement
10759669,"Other features, terms, or problems"
10759803,Trouble using your card
10759951,Problem with a purchase shown on your statement
10760091,Trouble using your card
10760096,Fees or interest
10760216,Getting a credit card
10760593,"Other features, terms, or problems"
10760761,Fees or interest
10760839,Problem when making payments
10760859,Closing your account
10761152,"Advertising and marketing, including promotional offers"
10761157,Problem when making payments
10761472,Fees or interest
10761661,Fees or interest
10761870,Fees or interest
10762140,Problem when making payments
10762175,Problem with a company's investigation into an existing problem
10762588,Getting a credit card
10762915,Problem with a purchase shown on your statement
10763139,Closing your account
10752551,Incorrect information on your report
10752701,"Other features, terms, or problems"
10752747,"Other features, terms, or problems"
10753070,"Other features, terms, or problems"
10753731,Problem with a purchase shown on your statement
10753800,Trouble using your card
10754529,Problem with a purchase shown on your statement
10763475,Getting a credit card
10766800,"Advertising and marketing, including promotional offers"
10766840,Problem with a purchase shown on your statement
10766965,Problem with a purchase shown on your statement
10767254,Getting a credit card
10767341,"Other features, terms, or problems"
10767358,Closing your account
10767485,Getting a credit card
10767587,Problem with a purchase shown on your statement
10767886,Problem with a purchase shown on your statement
10767922,Getting a credit card
10767987,"Advertising and marketing, including promotional offers"
10767990,Problem with a purchase shown on your statement
10768133,Problem with a purchase shown on your statement
10768136,Problem with a purchase shown on your statement
10768238,Getting a credit card
10768278,"Other features, terms, or problems"
10768343,Problem with a purchase shown on your statement
10768783,Problem with a purchase shown on your statement
10768788,Incorrect information on your report
10768808,"Other features, terms, or problems"
10768829,Getting a credit card
10768841,Fees or interest
10768928,Problem when making payments
10769232,Problem with a purchase shown on your statement
10769264,Problem with a purchase shown on your statement
10769268,Incorrect information on your report
10769419,Problem with a purchase shown on your statement
10769424,Trouble using your card
10769443,Problem with a purchase shown on your statement
10769448,Getting a credit card
10769450,Fees or interest
10769461,"Other features, terms, or problems"
10769477,Struggling to pay your bill
10769479,Problem with a purchase shown on your statement
10769959,Problem with a purchase shown on your statement
10770219,Closing your account
10770225,Closing your account
10770263,Fees or interest
10770267,"Advertising and marketing, including promotional offers"
10770305,Incorrect information on your report
10770340,"Other features, terms, or problems"
10770875,Problem with a purchase shown on your statement
10770885,Getting a credit card
10771037,Fees or interest
10771047,"Other features, terms, or problems"
10771077,Problem with a purchase shown on your statement
10771199,Problem with a purchase shown on your statement
10771230,Fees or interest
10771351,"Other features, terms, or problems"
10771406,"Advertising and marketing, including promotional offers"
10771430,Problem with a purchase shown on your statement
10771474,Getting a credit card
10771553,Getting a credit card
10771847,"Other features, terms, or problems"
10771893,Fees or interest
10772043,Problem with a purchase shown on your statement
10772172,Getting a credit card
10772489,"Other features, terms, or problems"
10772526,Fees or interest
10772594,Fees or interest
10772604,Getting a credit card
10772645,Problem with a purchase shown on your statement
10772872,Problem with a purchase shown on your statement
10772882,Fees or interest
10773043,Closing your account
10773319,Problem with a purchase shown on your statement
10773365,Closing your account
10773398,"Advertising and marketing, including promotional offers"
10774008,Getting a credit card
10774058,Problem with a purchase shown on your statement
10774191,"Other features, terms, or problems"
10774479,"Other features, terms, or problems"
10774553,"Other features, terms, or problems"
10774561,Closing your account
10774703,"Advertising and marketing, including promotional offers"
10774788,Closing your account
10774804,Problem with a purchase shown on your statement
10774950,Problem with a purchase shown on your statement
10775084,"Other features, terms, or problems"
10775095,Fees or interest
10775105,Problem with a purchase shown on your statement
10775272,Problem when making payments
10775855,Trouble using your card
10776046,Getting a credit card
10776234,Closing your account
10776636,Problem with a purchase shown on your statement
10776657,Problem with a purchase shown on your statement
10776675,Problem with a purchase shown on your statement
10776803,Problem when making payments
10777017,Problem with a purchase shown on your statement
10777133,Trouble using your card
10777166,Problem with a purchase shown on your statement
10777433,Problem with a purchase shown on your statement
10777562,Closing your account
10777687,Getting a credit card
10764117,Closing your account
10765040,Problem with a company's investigation into an existing problem
10765457,Incorrect information on your report
10766003,"Other features, terms, or problems"
10766130,Incorrect information on your report
10766142,Fees or interest
10766169,Fees or interest
10766267,Problem when making payments
10766398,Getting a credit card
10766399,Closing your account
10766422,Fees or interest
10766467,Problem with a purchase shown on your statement
10766494,Problem with a purchase shown on your statement
10766971,Problem when making payments
10767106,Trouble using your card
10767462,Getting a credit card
10768192,"Other features, terms, or problems"
10778054,"Other features, terms, or problems"
10779511,Problem with a purchase shown on your statement
10779607,Problem with a purchase shown on your statement
10780052,Getting a credit card
10780147,Problem with a purchase shown on your statement
10780201,Problem when making payments
10780426,Fees or interest
10780470,Problem with a purchase shown on your statement
10780528,Closing your account
10780609,Problem with a purchase shown on your statement
10780711,Problem with a purchase shown on your statement
10780854,Closing your account
10781312,Closing your account
10781340,Getting a credit card
10781365,Closing your account
10781445,Problem with a company's investigation into an existing problem
10781485,Fees or interest
10782484,Problem with a purchase shown on your statement
10782567,"Advertising and marketing, including promotional offers"
10782798,Problem when making payments
10783838,Getting a credit card
10783868,Problem with a purchase shown on your statement
10783942,"Advertising and marketing, including promotional offers"
10784015,Problem with a purchase shown on your statement
10784019,Problem when making payments
10784028,Closing your account
10784030,Getting a credit card
10784090,Struggling to pay your bill
10784120,Struggling to pay your bill
10784162,Problem with a purchase shown on your statement
10785508,Problem with a purchase shown on your statement
10785543,Getting a credit card
10785552,"Other features, terms, or problems"
10785576,Problem with a purchase shown on your statement
10785612,Closing your account
10785622,Problem when making payments
10785627,Fees or interest
10785652,Trouble using your card
10785681,Fees or interest
10786312,Problem with a purchase shown on your statement
10786387,"Other features, terms, or problems"
10786389,Closing your account
10786412,Problem with a purchase shown on your statement
10786495,Problem with a purchase shown on your statement
10786512,Incorrect information on your report
10786618,Problem with a purchase shown on your statement
10786684,Closing your account
10786828,"Other features, terms, or problems"
10786907,Problem with a purchase shown on your statement
10786952,Problem when making payments
10787162,"Other features, terms, or problems"
10787857,Problem with a purchase shown on your statement
10787884,Fees or interest
10787970,Getting a credit card
10788056,"Other features, terms, or problems"
10788258,Fees or interest
10788368,"Advertising and marketing, including promotional offers"
10788938,Problem with a purchase shown on your statement
10788994,Problem when making payments
10789045,"Other features, terms, or problems"
10789064,Closing your account
10789122,"Advertising and marketing, including promotional offers"
10789173,Getting a credit card
10789184,Problem with a purchase shown on your statement
10789603,Problem with a purchase shown on your statement
10789730,Getting a credit card
10789855,Problem with a purchase shown on your statement
10789856,Fees or interest
10789882,Getting a credit card
10789888,Trouble using your card
10790062,Closing your account
10790075,Problem when making payments
10790391,Problem when making payments
10790523,Getting a credit card
10790642,Getting a credit card
10790671,Fees or interest
10791113,"Other features, terms, or problems"
10791327,"Other features, terms, or problems"
10791661,"Other features, terms, or problems"
10791671,Fees or interest
10791820,Getting a credit card
10792483,Problem when making payments
10800485,Trouble using your card
10818906,Problem with a purchase shown on your statement
10778680,Incorrect information on your report
10778867,Closing your account
10778901,Incorrect information on your report
10778997,"Other features, terms, or problems"
10779008,"Other features, terms, or problems"
10779044,Incorrect information on your report
10779047,Getting a credit card
10779066,Problem when making payments
10779239,Fees or interest
10779491,Closing your account
10779537,Problem with a purchase shown on your statement
10779549,Closing your account
10779605,Getting a credit card
10779753,Getting a credit card
10779821,Problem with a purchase shown on your statement
10780020,Getting a credit card
10780023,Problem when making payments
10780051,Fees or interest
10780222,"Advertising and marketing, including promotional offers"
10780420,Problem with a purchase shown on your statement
10780831,Trouble using your card
10781779,Closing your account
10781862,"Other features, terms, or problems"
10793049,Closing your account
10794154,Problem when making payments
10794187,"Advertising and marketing, including promotional offers"
10794388,Incorrect information on your report
10794400,Closing your account
10794429,Getting a credit card
10794454,Trouble using your card
10794479,"Advertising and marketing, including promotional offers"
10794888,Closing your account
10795198,Problem with a purchase shown on your statement
10795210,Fees or interest
10795253,Fees or interest
10795556,Problem when making payments
10795573,Problem with a purchase shown on your statement
10795714,Getting a credit card
10795727,Closing your account
10795923,"Other features, terms, or problems"
10796493,Closing your account
10796768,Problem with a purchase shown on your statement
10796884,Problem with a purchase shown on your statement
10797034,Closing your account
10797271,Problem with a purchase shown on your statement
10797679,Problem with a purchase shown on your statement
10797744,Getting a credit card
10797776,Problem with a company's investigation into an existing problem
10797893,Trouble using your card
10797905,Fees or interest
10798075,Fees or interest
10798660,Incorrect information on your report
10798664,Problem with a company's investigation into an existing problem
10798786,Fees or interest
10799491,"Other features, terms, or problems"
10800236,Fees or interest
10800244,"Other features, terms, or problems"
10800359,Problem with a purchase shown on your statement
10800360,Struggling to pay your bill
10800405,Problem with a purchase shown on your statement
10800591,Problem with a purchase shown on your statement
10801269,"Other features, terms, or problems"
10801331,Fees or interest
10801387,Fees or interest
10801715,Trouble using your card
10801862,Getting a credit card
10801866,Getting a credit card
10801920,Getting a credit card
10801985,Fees or interest
10802001,Getting a credit card
10802027,"Other features, terms, or problems"
10802093,"Other features, terms, or problems"
10802290,Problem when making payments
10802358,Problem with a purchase shown on your statement
10802472,Problem with a purchase shown on your statement
10803047,Problem with a purchase shown on your statement
10803233,Problem with a purchase shown on your statement
10803380,Trouble using your card
10803579,"Other features, terms, or problems"
10803827,Closing your account
10804109,Problem with a purchase shown on your statement
10804163,Problem with a purchase shown on your statement
10804348,Fees or interest
10805957,Closing your account
10818910,Fees or interest
10792651,Problem when making payments
10792667,Closing your account
10792712,Problem when making payments
10792938,Closing your account
10792951,Incorrect information on your report
10793167,Incorrect information on your report
10793647,"Advertising and marketing, including promotional offers"
10793663,Problem with a purchase shown on your statement
10793734,Closing your account
10793855,Problem with a purchase shown on your statement
10795024,Problem when making payments
10804414,Getting a credit card
10804602,"Other features, terms, or problems"
10804667,Getting a credit card
10804692,"Advertising and marketing, including promotional offers"
10804699,Getting a credit card
10804862,Struggling to pay your bill
10804979,Getting a credit card
10805004,Problem with a purchase shown on your statement
10805724,"Other features, terms, or problems"
10805733,Closing your account
10806024,Closing your account
10806069,"Other features, terms, or problems"
10806614,Fees or interest
10806719,Fees or interest
10806761,Fees or interest
10806773,Problem with a purchase shown on your statement
10807558,"Other features, terms, or problems"
10808125,Problem with a purchase shown on your statement
10808466,"Advertising and marketing, including promotional offers"
10808482,Problem with a purchase shown on your statement
10808743,Problem when making payments
10808862,Problem with a purchase shown on your statement
10809276,Problem when making payments
10809360,Problem with a purchase shown on your statement
10809371,Problem when making payments
10809513,"Advertising and marketing, including promotional offers"
10809670,Problem when making payments
10809762,Getting a credit card
10810115,"Advertising and marketing, including promotional offers"
10810285,Problem with a purchase shown on your statement
10810286,"Other features, terms, or problems"
10810520,Closing your account
10810559,Getting a credit card
10810574,Getting a credit card
10810578,Problem when making payments
10810582,Closing your account
10810746,Problem with a purchase shown on your statement
10810752,Problem with a company's investigation into an existing problem
10810758,"Other features, terms, or problems"
10810781,Problem with a purchase shown on your statement
10810866,Getting a credit card
10810972,Problem with a purchase shown on your statement
10810985,Problem with a purchase shown on your statement
10811106,Closing your account
10811114,"Other features, terms, or problems"
10811430,"Other features, terms, or problems"
10811459,"Other features, terms, or problems"
10811478,Closing your account
10811484,Fees or interest
10811494,Fees or interest
10811967,Closing your account
10812018,Problem with a purchase shown on your statement
10812357,Problem with a purchase shown on your statement
10812610,Problem with a purchase shown on your statement
10812838,Closing your account
10812906,"Other features, terms, or problems"
10812908,Problem when making payments
10812939,Problem when making payments
10813082,Getting a credit card
10813265,Problem with a purchase shown on your statement
10813332,Problem with a purchase shown on your statement
10814069,Getting a credit card
10814120,Problem with a purchase shown on your statement
10814189,Problem when making payments
10814205,"Other features, terms, or problems"
10814207,Fees or interest
10814241,"Other features, terms, or problems"
10814266,Problem with a purchase shown on your statement
10814352,Closing your account
10814540,"Other features, terms, or problems"
10814694,Problem with a purchase shown on your statement
10814953,Closing your account
10815175,Closing your account
10815397,"Advertising and marketing, including promotional offers"
10815494,Fees or interest
10815551,"Other features, terms, or problems"
10815656,"Advertising and marketing, including promotional offers"
10815699,Problem with a purchase shown on your statement
10815746,Trouble using your card
10815769,Problem with a purchase shown on your statement
10815964,"Other features, terms, or problems"
10815991,Problem when making payments
10816531,Problem with a purchase shown on your statement
10816849,Problem with a company's investigation into an existing problem
10816975,"Other features, terms, or problems"
10816992,Fees or interest
10817080,"Other features, terms, or problems"
10817098,Closing your account
10817186,Problem with a company's investigation into an existing problem
10817388,Struggling to pay your bill
10817409,Problem with a purchase shown on your statement
10817413,Fees or interest
10817439,Incorrect information on your report
10817491,Problem with a purchase shown on your statement
10817576,Problem with a purchase shown on your statement
10817626,Fees or interest
10818018,Problem with a purchase shown on your statement
10818027,Problem with a purchase shown on your statement
10818496,Closing your account
10818647,Closing your account
10806973,Problem with a purchase shown on your statement
10807010,Closing your account
10807017,"Other features, terms, or problems"
10807442,Trouble using your card
10807653,"Other features, terms, or problems"
10808031,"Other features, terms, or problems"
10808104,Problem when making payments
10808470,Getting a credit card
10809144,Problem with a purchase shown on your statement
10819801,Problem with a purchase shown on your statement
10819963,Getting a credit card
10819965,Closing your account
10820027,Getting a credit card
10820243,Fees or interest
10820244,Getting a credit card
10820247,Trouble using your card
10820410,Problem with a purchase shown on your statement
10820417,Problem when making payments
10820422,Getting a credit card
10820435,Fees or interest
10820727,"Other features, terms, or problems"
10820750,Problem with a purchase shown on your statement
10820756,Getting a credit card
10820869,Problem with a purchase shown on your statement
10820956,Problem with a purchase shown on your statement
10820961,Problem with a purchase shown on your statement
10821044,"Other features, terms, or problems"
10821097,"Advertising and marketing, including promotional offers"
10821112,Problem with a purchase shown on your statement
10821238,Getting a credit card
10821333,Getting a credit card
10821351,Closing your account
10821593,Getting a credit card
10821594,"Other features, terms, or problems"
10821599,Closing your account
10821709,Getting a credit card
10821877,Fees or interest
10821895,Fees or interest
10821959,"Advertising and marketing, including promotional offers"
10821974,Problem when making payments
10823344,Problem with a purchase shown on your statement
10823757,Trouble using your card
10824287,"Other features, terms, or problems"
10824352,Problem when making payments
10824519,Fees or interest
10824602,Problem when making payments
10824938,"Other features, terms, or problems"
10824952,"Other features, terms, or problems"
10825006,Problem with a purchase shown on your statement
10825268,Problem with a purchase shown on your statement
10825292,Closing your account
10825459,Trouble using your card
10825462,Problem with a purchase shown on your statement
10825679,Problem with a purchase shown on your statement
10825711,Fees or interest
10825727,Closing your account
10825834,Problem with a purchase shown on your statement
10825932,"Other features, terms, or problems"
10825952,Problem when making payments
10826087,"Other features, terms, or problems"
10826096,Problem when making payments
10826101,Problem with a purchase shown on your statement
10826124,"Other features, terms, or problems"
10826139,"Other features, terms, or problems"
10823510,Trouble using your card
10823560,Problem with a purchase shown on your statement
10823600,Getting a credit card
10823625,Problem when making payments
10823653,Getting a credit card
10824002,Incorrect information on your report
10824041,Problem with a purchase shown on your statement
10824117,Getting a credit card
10824180,Problem with a purchase shown on your statement
10824307,Getting a credit card
10824396,Incorrect information on your report
10824469,"Other features, terms, or problems"
10826503,Problem when making payments
10826754,Getting a credit card
10826808,Problem with a purchase shown on your statement
10826878,Problem with a purchase shown on your statement
10826897,Getting a credit card
10826925,Problem with a purchase shown on your statement
10826936,Incorrect information on your report
10826987,Getting a credit card
10827024,Trouble using your card
10827107,Incorrect information on your report
10827173,Problem with a purchase shown on your statement
10827244,Problem with a purchase shown on your statement
10827850,Getting a credit card
10827882,"Other features, terms, or problems"
10828014,Problem with a purchase shown on your statement
10828020,Getting a credit card
10828092,Problem with a purchase shown on your statement
10828126,Fees or interest
10828363,Problem with a purchase shown on your statement
10828415,Problem with a purchase shown on your statement
10828602,Problem with a purchase shown on your statement
10828698,Problem with a purchase shown on your statement
10828716,"Other features, terms, or problems"
10828769,Getting a credit card
10828778,Problem with a purchase shown on your statement
10828783,Fees or interest
10829067,Getting a credit card
10829069,Problem with a company's investigation into an existing problem
10829100,Problem with a purchase shown on your statement
10829488,Problem with a purchase shown on your statement
10829819,Fees or interest
10830507,Problem with a company's investigation into an existing problem
10832197,Problem with a purchase shown on your statement
10832279,Fees or interest
10832406,Problem with a purchase shown on your statement
10832440,Problem with a company's investigation into an existing problem
10832471,Fees or interest
10832736,"Other features, terms, or problems"
10832833,Incorrect information on your report
10833101,Getting a credit card
10833231,Problem when making payments
10833250,Problem with a purchase shown on your statement
10833426,Problem when making payments
10849319,Incorrect information on your report
10859658,Problem with a purchase shown on your statement
10826594,Closing your account
10827091,Problem when making payments
10827500,Problem with a purchase shown on your statement
10827779,Trouble using your card
10827783,"Other features, terms, or problems"
10827798,Problem when making payments
10829112,Problem with a purchase shown on your statement
10829149,Problem with a company's investigation into an existing problem
10829168,Closing your account
10829201,Fees or interest
10829317,Closing your account
10830169,Getting a credit card
10830283,Getting a credit card
10830395,Problem with a company's investigation into an existing problem
10830725,"Other features, terms, or problems"
10830823,Problem with a company's investigation into an existing problem
10831031,Fees or interest
10831806,Problem with a purchase shown on your statement
10833495,"Other features, terms, or problems"
10833741,"Other features, terms, or problems"
10833801,Problem when making payments
10834071,Problem with a purchase shown on your statement
10834348,Closing your account
10834575,Problem with a purchase shown on your statement
10834578,Fees or interest
10834837,Problem with a company's investigation into an existing problem
10848888,"Other features, terms, or problems"
10854286,Struggling to pay your bill
10854454,Incorrect information on your report
10856951,Closing your account
10856985,Closing your account
10869848,Problem with a purchase shown on your statement
10870479,Getting a credit card
10870480,Struggling to pay your bill
10870488,Fees or interest
10870538,"Other features, terms, or problems"
10870644,Trouble using your card
10870729,Problem with a purchase shown on your statement
10870736,Closing your account
10870817,Getting a credit card
10870880,"Other features, terms, or problems"
10870942,Problem with a company's investigation into an existing problem
10870994,Fees or interest
10871018,Fees or interest
10871079,Trouble using your card
10871100,Problem with a purchase shown on your statement
10871264,Problem when making payments
10871312,Struggling to pay your bill
10871321,Problem when making payments
10871331,Fees or interest
10871332,Struggling to pay your bill
10871376,Problem when making payments
10871411,Fees or interest
10872134,Problem with a purchase shown on your statement
10872152,"Other features, terms, or problems"
10872232,Problem with a purchase shown on your statement
10872344,Closing your account
10872394,Getting a credit card
10872398,"Advertising and marketing, including promotional offers"
10872410,Fees or interest
10872468,Problem with a purchase shown on your statement
10872492,"Other features, terms, or problems"
10872569,Fees or interest
10872620,Problem with a company's investigation into an existing problem
10872698,Problem with a purchase shown on your statement
10872816,Trouble using your card
10873066,"Advertising and marketing, including promotional offers"
10873337,Getting a credit card
10873386,"Other features, terms, or problems"
10873436,Closing your account
10873504,Getting a credit card
10873559,"Other features, terms, or problems"
10873773,Fees or interest
10873983,Problem with a purchase shown on your statement
10874243,Getting a credit card
10874252,Getting a credit card
10874403,"Advertising and marketing, including promotional offers"
10874645,Fees or interest
10875859,Fees or interest
10875890,Getting a credit card
10875928,"Advertising and marketing, including promotional offers"
10875934,Problem with a purchase shown on your statement
10875935,Problem with a purchase shown on your statement
10875945,Fees or interest
10875951,Problem with a purchase shown on your statement
10877226,Problem with a purchase shown on your statement
10879438,Problem with a purchase shown on your statement
10879442,Problem with a company's investigation into an existing problem
10835934,"Other features, terms, or problems"
10836006,"Other features, terms, or problems"
10836016,Fees or interest
10836068,Problem with a purchase shown on your statement
10836128,Closing your account
10836259,Trouble using your card
10836290,Fees or interest
10836649,Problem with a purchase shown on your statement
10836800,Problem with a purchase shown on your statement
10836812,Getting a credit card
10836994,Fees or interest
10837036,"Other features, terms, or problems"
10837256,"Other features, terms, or problems"
10837405,Closing your account
10837765,Getting a credit card
10837827,"Advertising and marketing, including promotional offers"
10837828,Closing your account
10837841,Problem with a purchase shown on your statement
10837888,Getting a credit card
10837916,Problem when making payments
10838007,Getting a credit card
10838056,Getting a credit card
10838124,Problem with a purchase shown on your statement
10838125,Problem with a purchase shown on your statement
10838161,Closing your account
10838356,Problem with a purchase shown on your statement
10838412,Problem with a purchase shown on your statement
10838414,Fees or interest
10838619,Problem with a purchase shown on your statement
10838747,Problem with a purchase shown on your statement
10838808,Fees or interest
10838920,"Advertising and marketing, including promotional offers"
10838940,Problem with a purchase shown on your statement
10838961,Problem with a purchase shown on your statement
10839027,Closing your account
10839155,"Advertising and marketing, including promotional offers"
10839385,Problem with a purchase shown on your statement
10840355,Trouble using your card
10840629,"Other features, terms, or problems"
10842188,Fees or interest
10842443,"Other features, terms, or problems"
10842877,"Other features, terms, or problems"
10844404,Fees or interest
10844561,"Other features, terms, or problems"
10846225,Struggling to pay your bill
10846397,Fees or interest
10846810,Closing your account
10847038,Trouble using your card
10847154,Closing your account
10847229,Fees or interest
10847552,Incorrect information on your report
10847604,Trouble using your card
10847649,Fees or interest
10848025,"Other features, terms, or problems"
10848050,Problem with a purchase shown on your statement
10848187,Fees or interest
10848829,Problem with a purchase shown on your statement
10848866,Problem with a purchase shown on your statement
10848872,Problem with a purchase shown on your statement
10849059,Fees or interest
10849091,Fees or interest
10849243,Problem with a purchase shown on your statement
10849506,Problem with a purchase shown on your statement
10854042,Problem when making payments
10854282,Fees or interest
10854419,Problem with a purchase shown on your statement
10854466,"Other features, terms, or problems"
10854496,"Other features, terms, or problems"
10854512,Problem with a purchase shown on your statement
10856163,Getting a credit card
10856203,Trouble using your card
10856324,Fees or interest
10856422,Fees or interest
10856632,Problem with a purchase shown on your statement
10856652,"Advertising and marketing, including promotional offers"
10856685,Fees or interest
10858806,Problem with a purchase shown on your statement
10859264,Problem with a purchase shown on your statement
10859275,Trouble using your card
10859323,Problem with a purchase shown on your statement
10859449,Problem with a purchase shown on your statement
10859571,Problem when making payments
10859578,Problem with a purchase shown on your statement
10859730,"Other features, terms, or problems"
10859791,Trouble using your card
10860436,Problem when making payments
10860464,Problem with a purchase shown on your statement
10860486,Problem with a purchase shown on your statement
10860594,"Other features, terms, or problems"
10862246,Problem with a purchase shown on your statement
10862387,Problem with a purchase shown on your statement
10869694,Problem with a purchase shown on your statement
10870307,"Advertising and marketing, including promotional offers"
10870411,Closing your account
10870419,Incorrect information on your report
10870920,Problem with a purchase shown on your statement
10871235,Problem with a purchase shown on your statement
10872237,Closing your account
10877899,Fees or interest
10877920,Problem with a purchase shown on your statement
10878096,Closing your account
10878108,Getting a credit card
10878287,Problem with a purchase shown on your statement
10878306,Closing your account
10878369,Problem with a purchase shown on your statement
10878998,"Advertising and marketing, including promotional offers"
10879128,Fees or interest
10879211,Problem when making payments
10879238,"Other features, terms, or problems"
10879261,Fees or interest
10879289,"Other features, terms, or problems"
10879387,Fees or interest
10836636,Problem with a company's investigation into an existing problem
10841902,Problem with a purchase shown on your statement
10842029,Trouble using your card
10846436,Problem with a purchase shown on your statement
10846450,Problem with a purchase shown on your statement
10846518,"Other features, terms, or problems"
10846689,Fees or interest
10847302,Closing your account
10847322,Fees or interest
10847381,Problem when making payments
10847486,Closing your account
10847512,Trouble using your card
10847525,Fees or interest
10847699,Problem with a company's investigation into an existing problem
10847902,Fees or interest
10848858,Closing your account
10848900,Problem with a purchase shown on your statement
10849359,Problem with a purchase shown on your statement
10852253,Closing your account
10852301,Problem with a purchase shown on your statement
10852331,"Advertising and marketing, including promotional offers"
10852548,Problem with a purchase shown on your statement
10852661,Fees or interest
10853228,Problem with a purchase shown on your statement
10853270,Fees or interest
10853496,Closing your account
10853541,Fees or interest
10853570,"Other features, terms, or problems"
10853779,Problem when making payments
10853882,Problem when making payments
10853901,Problem with a purchase shown on your statement
10853929,Problem with a purchase shown on your statement
10853956,Fees or interest
10855366,Problem with a purchase shown on your statement
10855499,Problem when making payments
10855834,Problem with a purchase shown on your statement
10855846,Problem with a purchase shown on your statement
10855889,Fees or interest
10855920,Trouble using your card
10856007,"Other features, terms, or problems"
10856129,Problem with a purchase shown on your statement
10856143,Problem with a purchase shown on your statement
10856462,Problem with a purchase shown on your statement
10858223,Problem with a purchase shown on your statement
10858334,Closing your account
10858509,Getting a credit card
10858864,Problem with a purchase shown on your statement
10858938,"Other features, terms, or problems"
10858998,Getting a credit card
10860175,Fees or interest
10861745,Problem with a purchase shown on your statement
10861746,Problem with a purchase shown on your statement
10862287,Incorrect information on your report
10868835,"Other features, terms, or problems"
10868899,Trouble using your card
10869125,"Other features, terms, or problems"
10869154,Trouble using your card
10869221,Trouble using your card
10869846,"Advertising and marketing, including promotional offers"
10869917,Problem with a purchase shown on your statement
10870275,Closing your account
10870614,Problem with a purchase shown on your statement
10872984,Getting a credit card
10873752,Problem with a purchase shown on your statement
10873956,Incorrect information on your report
10874223,Fees or interest
10874225,"Other features, terms, or problems"
10874862,Fees or interest
10874996,Problem with a purchase shown on your statement
10875080,Fees or interest
10875089,Fees or interest
10875139,Closing your account
10875153,Closing your account
10875214,Problem with a purchase shown on your statement
10875323,Getting a credit card
10875325,Fees or interest
10875335,Problem with a purchase shown on your statement
10875437,Incorrect information on your report
10876160,Closing your account
10876188,Getting a credit card
10876272,Fees or interest
10876303,Closing your account
10876380,Problem with a purchase shown on your statement
10876415,Problem with a purchase shown on your statement
10876510,"Other features, terms, or problems"
10876594,Problem with a purchase shown on your statement
10876814,Fees or interest
10878031,Fees or interest
10878713,Problem with a purchase shown on your statement
10846440,"Other features, terms, or problems"
10846592,Problem with a purchase shown on your statement
10847048,Fees or interest
10847091,"Other features, terms, or problems"
10847307,Fees or interest
10848592,Closing your account
10848701,"Other features, terms, or problems"
10848810,Closing your account
10851571,"Other features, terms, or problems"
10851660,Problem with a purchase shown on your statement
10851704,Problem with a purchase shown on your statement
10851839,Problem when making payments
10851900,Problem with a purchase shown on your statement
10855250,Problem with a purchase shown on your statement
10863358,Problem with a purchase shown on your statement
10866938,"Other features, terms, or problems"
10866946,Problem with a purchase shown on your statement
10867334,Problem with a purchase shown on your statement
10867664,"Advertising and marketing, including promotional offers"
10868570,Problem with a purchase shown on your statement
10879791,Closing your account
10879950,Problem with a purchase shown on your statement
10880071,Closing your account
10880237,Fees or interest
10883917,Trouble using your card
10884010,Problem with a purchase shown on your statement
10884428,Problem with a company's investigation into an existing problem
10884433,Problem with a purchase shown on your statement
10884504,Problem with a purchase shown on your statement
10884507,Getting a credit card
10884683,Incorrect information on your report
10884792,Problem with a purchase shown on your statement
10884835,Getting a credit card
10885076,"Advertising and marketing, including promotional offers"
10885316,Problem with a purchase shown on your statement
10885323,"Advertising and marketing, including promotional offers"
10885409,Problem with a purchase shown on your statement
10885414,Problem when making payments
10885713,"Advertising and marketing, including promotional offers"
10885734,Closing your account
10885746,Getting a credit card
10885801,"Other features, terms, or problems"
10885806,"Other features, terms, or problems"
10885822,"Other features, terms, or problems"
10885903,"Other features, terms, or problems"
10885934,Problem with a purchase shown on your statement
10885949,Incorrect information on your report
10886388,Fees or interest
10886394,Problem with a purchase shown on your statement
10886424,Problem when making payments
10886446,"Other features, terms, or problems"
10886465,Problem with a purchase shown on your statement
10886499,Problem with a purchase shown on your statement
10886543,Getting a credit card
10886550,Getting a credit card
10886999,Problem with a purchase shown on your statement
10887001,Closing your account
10887149,Problem with a purchase shown on your statement
10887179,Getting a credit card
10887776,"Other features, terms, or problems"
10888017,"Advertising and marketing, including promotional offers"
10888076,Problem with a purchase shown on your statement
10888183,"Other features, terms, or problems"
10888305,"Advertising and marketing, including promotional offers"
10888422,Problem when making payments
10888490,"Other features, terms, or problems"
10889091,Problem with a purchase shown on your statement
10889380,Trouble using your card
10889522,Closing your account
10890216,Problem when making payments
10890257,Problem with a purchase shown on your statement
10890359,Problem with a purchase shown on your statement
10891721,Problem with a purchase shown on your statement
10892072,"Other features, terms, or problems"
10892271,Getting a credit card
10892273,Getting a credit card
10892592,Fees or interest
10892679,Struggling to pay your bill
10880571,Problem with a purchase shown on your statement
10882086,Problem with a purchase shown on your statement
10882147,Fees or interest
10882167,Problem with a purchase shown on your statement
10882569,Incorrect information on your report
10882595,Problem with a purchase shown on your statement
10882611,"Other features, terms, or problems"
10882628,Fees or interest
10882669,Getting a credit card
10882712,"Other features, terms, or problems"
10882766,"Advertising and marketing, including promotional offers"
10883522,Getting a credit card
10883701,Getting a credit card
10883775,"Advertising and marketing, including promotional offers"
10883777,Problem with a purchase shown on your statement
10883807,Problem with a purchase shown on your statement
10883830,Incorrect information on your report
10883873,Problem with a purchase shown on your statement
10884392,Problem with a company's investigation into an existing problem
10884400,Getting a credit card
10884441,Closing your account
10885028,Closing your account
10885397,Problem with a purchase shown on your statement
10891456,Problem with a purchase shown on your statement
10893410,Getting a credit card
10894405,Problem with a purchase shown on your statement
10894527,Problem when making payments
10894536,"Other features, terms, or problems"
10894608,Problem with a purchase shown on your statement
10895316,Getting a credit card
10895331,Struggling to pay your bill
10895449,Problem with a purchase shown on your statement
10895477,Fees or interest
10895482,Problem with a purchase shown on your statement
10895486,Fees or interest
10895519,Fees or interest
10895894,"Other features, terms, or problems"
10895913,Closing your account
10896149,Problem with a purchase shown on your statement
10896208,Problem with a purchase shown on your statement
10896299,Problem with a purchase shown on your statement
10896372,Fees or interest
10896657,Problem with a purchase shown on your statement
10896662,Getting a credit card
10896912,Problem with a purchase shown on your statement
10897234,Problem with a purchase shown on your statement
10897278,"Advertising and marketing, including promotional offers"
10898164,Problem when making payments
10898213,Struggling to pay your bill
10898261,Problem with a purchase shown on your statement
10898278,Closing your account
10898288,Problem with a purchase shown on your statement
10898360,Struggling to pay your bill
10898362,Problem when making payments
10898379,"Advertising and marketing, including promotional offers"
10898415,Problem with a purchase shown on your statement
10898440,Struggling to pay your bill
10898445,"Other features, terms, or problems"
10898496,Fees or interest
10898501,"Advertising and marketing, including promotional offers"
10898518,Problem with a purchase shown on your statement
10899392,Trouble using your card
10899415,Getting a credit card
10899458,"Other features, terms, or problems"
10899562,Closing your account
10899588,"Advertising and marketing, including promotional offers"
10899649,"Other features, terms, or problems"
10900259,Getting a credit card
10900340,Problem with a purchase shown on your statement
10900445,Problem with a purchase shown on your statement
10900466,"Other features, terms, or problems"
10900499,Problem with a purchase shown on your statement
10900613,Problem with a purchase shown on your statement
10900619,Problem with a purchase shown on your statement
10900781,Problem with a purchase shown on your statement
10900803,Problem with a purchase shown on your statement
10900898,Problem with a purchase shown on your statement
10901128,Fees or interest
10901189,Fees or interest
10901286,Problem with a purchase shown on your statement
10901287,"Advertising and marketing, including promotional offers"
10901583,Problem when making payments
10901929,Closing your account
10901937,Problem with a purchase shown on your statement
10901987,Problem with a purchase shown on your statement
10902083,Getting a credit card
10902113,Getting a credit card
10902230,Closing your account
10902354,Getting a credit card
10902356,Getting a credit card
10902369,"Advertising and marketing, including promotional offers"
10902376,Problem with a purchase shown on your statement
10902617,Problem with a purchase shown on your statement
10902682,Problem with a purchase shown on your statement
10902697,Problem when making payments
10903188,Fees or interest
10903394,Problem when making payments
10903527,"Advertising and marketing, including promotional offers"
10912884,Trouble using your card
10893186,Problem with a purchase shown on your statement
10893718,Problem with a company's investigation into an existing problem
10893745,Trouble using your card
10894449,Fees or interest
10894492,Fees or interest
10903720,Problem when making payments
10903892,Problem with a purchase shown on your statement
10903999,Problem with a purchase shown on your statement
10904283,Getting a credit card
10904535,Trouble using your card
10904587,"Advertising and marketing, including promotional offers"
10904762,Problem with a purchase shown on your statement
10904763,Problem with a company's investigation into an existing problem
10905526,Fees or interest
10906997,Problem when making payments
10908795,Fees or interest
10908976,"Advertising and marketing, including promotional offers"
10909302,Trouble using your card
10909393,Problem with a purchase shown on your statement
10909496,Fees or interest
10909649,Struggling to pay your bill
10909689,Fees or interest
10909707,"Other features, terms, or problems"
10909803,"Other features, terms, or problems"
10909824,Getting a credit card
10910034,Fees or interest
10910257,"Advertising and marketing, including promotional offers"
10910296,Fees or interest
10910538,Closing your account
10910646,Fees or interest
10910688,"Other features, terms, or problems"
10910776,Fees or interest
10910780,Trouble using your card
10910816,Fees or interest
10910901,Fees or interest
10910919,Problem with a purchase shown on your statement
10910962,Problem with a purchase shown on your statement
10911035,Getting a credit card
10911116,Problem with a purchase shown on your statement
10911136,Incorrect information on your report
10911362,Problem with a purchase shown on your statement
10911606,"Other features, terms, or problems"
10911645,"Other features, terms, or problems"
10911784,Getting a credit card
10911963,Problem with a purchase shown on your statement
10911983,Problem with a purchase shown on your statement
10912559,Closing your account
10912739,Fees or interest
10912849,Getting a credit card
10912898,Problem with a purchase shown on your statement
10914718,Fees or interest
10930244,Problem with a purchase shown on your statement
10905696,Problem with a purchase shown on your statement
10905999,"Advertising and marketing, including promotional offers"
10906066,Problem with a purchase shown on your statement
10906110,"Other features, terms, or problems"
10906171,Problem when making payments
10906188,Problem with a purchase shown on your statement
10906212,Problem with a purchase shown on your statement
10906240,Incorrect information on your report
10906334,"Other features, terms, or problems"
10906392,"Advertising and marketing, including promotional offers"
10906405,Fees or interest
10906528,Closing your account
10906538,Getting a credit card
10906554,Problem when making payments
10906602,Fees or interest
10906608,Problem with a purchase shown on your statement
10906659,"Other features, terms, or problems"
10906685,Problem with a purchase shown on your statement
10906728,Getting a credit card
10906734,Getting a credit card
10906805,Trouble using your card
10906901,Problem with a purchase shown on your statement
10907031,Problem when making payments
10907236,Problem with a purchase shown on your statement
10907269,Problem when making payments
10907352,Getting a credit card
10907379,Problem with a purchase shown on your statement
10907547,Closing your account
10907567,Problem with a purchase shown on your statement
10907714,Trouble using your card
10907914,Incorrect information on your report
10907990,Fees or interest
10908095,"Other features, terms, or problems"
10908124,Incorrect information on your report
10908266,Problem when making payments
10908268,Closing your account
10908300,Closing your account
10908309,Getting a credit card
10908447,"Other features, terms, or problems"
10908458,Problem when making payments
10908493,Getting a credit card
10908510,"Other features, terms, or problems"
10908685,Problem with a purchase shown on your statement
10908707,Problem with a purchase shown on your statement
10908837,Problem with a purchase shown on your statement
10908873,Problem with a purchase shown on your statement
10908874,Problem with a purchase shown on your statement
10909030,"Other features, terms, or problems"
10909091,Fees or interest
10909107,Closing your account
10912932,"Advertising and marketing, including promotional offers"
10913023,Trouble using your card
10913026,Getting a credit card
10914713,Getting a credit card
10914980,"Other features, terms, or problems"
10915002,Fees or interest
10915142,Incorrect information on your report
10915155,Incorrect information on your report
10915162,Problem with a purchase shown on your statement
10915175,Problem when making payments
10915178,Incorrect information on your report
10915205,Problem with a purchase shown on your statement
10915220,"Other features, terms, or problems"
10915309,Problem with a purchase shown on your statement
10915312,Fees or interest
10915313,Incorrect information on your report
10915391,Incorrect information on your report
10915394,Closing your account
10904873,Incorrect information on your report
10904942,Fees or interest
10913378,"Other features, terms, or problems"
10914804,Trouble using your card
10914825,Getting a credit card
10916440,Problem with a purchase shown on your statement
10917206,Problem with a purchase shown on your statement
10917213,Getting a credit card
10917287,Problem with a purchase shown on your statement
10917550,"Other features, terms, or problems"
10917747,Closing your account
10917836,Problem when making payments
10918218,Problem with a purchase shown on your statement
10918581,Fees or interest
10918649,"Other features, terms, or problems"
10919388,Getting a credit card
10919704,Problem with a purchase shown on your statement
10920081,Trouble using your card
10920090,Fees or interest
10920141,Closing your account
10920205,Problem when making payments
10920743,Problem with a purchase shown on your statement
10921359,Problem with a purchase shown on your statement
10921394,Getting a credit card
10922700,Closing your account
10923071,"Other features, terms, or problems"
10923159,Closing your account
10923162,Fees or interest
10923191,"Advertising and marketing, including promotional offers"
10923208,Fees or interest
10923231,Fees or interest
10923337,Closing your account
10923345,Problem with a purchase shown on your statement
10923773,Closing your account
10923782,"Other features, terms, or problems"
10923790,Problem with a purchase shown on your statement
10923796,Problem with a purchase shown on your statement
10923801,Incorrect information on your report
10923805,Incorrect information on your report
10924027,Problem with a purchase shown on your statement
10924049,Problem with a purchase shown on your statement
10924098,Problem with a purchase shown on your statement
10924267,"Other features, terms, or problems"
10924626,"Other features, terms, or problems"
10924854,Problem when making payments
10924892,Problem with a purchase shown on your statement
10924896,Incorrect information on your report
10924912,Fees or interest
10924995,"Other features, terms, or problems"
10925622,Trouble using your card
10925647,Fees or interest
10925683,Problem with a purchase shown on your statement
10925684,Getting a credit card
10925685,Problem with a purchase shown on your statement
10925710,Problem with a purchase shown on your statement
10925833,Problem with a purchase shown on your statement
10925881,Problem with a purchase shown on your statement
10925970,Trouble using your card
10926503,Problem with a purchase shown on your statement
10926518,Problem with a purchase shown on your statement
10926877,Getting a credit card
10926890,Problem with a purchase shown on your statement
10926927,Problem with a purchase shown on your statement
10927142,Getting a credit card
10927446,Fees or interest
10927824,Getting a credit card
10927851,"Other features, terms, or problems"
10928007,"Other features, terms, or problems"
10928223,Fees or interest
10928321,Incorrect information on your report
10928455,Getting a credit card
10928538,Closing your account
10928548,Fees or interest
10928562,"Other features, terms, or problems"
10928577,Problem when making payments
10928657,Problem with a purchase shown on your statement
10928989,Problem with a purchase shown on your statement
10929069,Problem with a purchase shown on your statement
10929804,Trouble using your card
10929871,Getting a credit card
10929910,Problem when making payments
10929956,Closing your account
10930192,Trouble using your card
10930241,Problem when making payments
10930339,"Other features, terms, or problems"
10930412,Trouble using your card
10930754,Getting a credit card
10931660,Getting a credit card
10931832,Problem with a purchase shown on your statement
10916010,"Advertising and marketing, including promotional offers"
10916214,Problem with a purchase shown on your statement
10916441,Closing your account
10916482,Problem with a purchase shown on your statement
10918919,"Other features, terms, or problems"
10919321,Problem with a purchase shown on your statement
10919407,Problem with a purchase shown on your statement
10919416,Problem with a purchase shown on your statement
10919466,Problem when making payments
10919793,Incorrect information on your report
10920271,Problem with a purchase shown on your statement
10921719,Problem with a purchase shown on your statement
10921929,Incorrect information on your report
10922152,"Other features, terms, or problems"
10922935,Problem with a purchase shown on your statement
10923076,"Other features, terms, or problems"
10923330,Problem with a purchase shown on your statement
10924767,Struggling to pay your bill
10924768,Incorrect information on your report
10924931,Fees or interest
10924934,Incorrect information on your report
10925101,Fees or interest
10925205,Getting a credit card
10925237,Problem with a purchase shown on your statement
10925261,Incorrect information on your report
10925471,"Other features, terms, or problems"
10925613,Problem with a purchase shown on your statement
10925714,"Other features, terms, or problems"
10932559,Fees or interest
10932768,Fees or interest
10933021,Problem when making payments
10933033,Fees or interest
10933058,Getting a credit card
10933099,"Other features, terms, or problems"
10933253,Problem with a purchase shown on your statement
10933254,Closing your account
10933312,Problem with a purchase shown on your statement
10933372,Problem with a purchase shown on your statement
10933437,Problem with a purchase shown on your statement
10933484,Getting a credit card
10933665,Problem when making payments
10933690,Problem with a company's investigation into an existing problem
10933749,Problem with a purchase shown on your statement
10934263,Trouble using your card
10934624,Getting a credit card
10934721,Closing your account
10934766,Getting a credit card
10934775,Getting a credit card
10934777,Problem with a purchase shown on your statement
10934837,Problem with a purchase shown on your statement
10934841,Fees or interest
10934962,Problem with a purchase shown on your statement
10935042,Fees or interest
10935073,"Other features, terms, or problems"
10935260,Problem when making payments
10935377,Closing your account
10935381,Trouble using your card
10935435,"Other features, terms, or problems"
10935588,Problem with a purchase shown on your statement
10935608,Fees or interest
10935666,"Other features, terms, or problems"
10935669,Getting a credit card
10935970,Problem with a purchase shown on your statement
10936042,Problem with a purchase shown on your statement
10936142,Problem with a purchase shown on your statement
10936149,Problem when making payments
10936272,Fees or interest
10936315,Problem with a purchase shown on your statement
10936347,Problem with a purchase shown on your statement
10936804,Problem when making payments
10936928,Problem with a purchase shown on your statement
10937111,Getting a credit card
10937284,Problem with a purchase shown on your statement
10937315,"Other features, terms, or problems"
10937393,"Advertising and marketing, including promotional offers"
10937515,Problem with a purchase shown on your statement
10937527,Fees or interest
10937575,"Advertising and marketing, including promotional offers"
10937625,Closing your account
10937704,Getting a credit card
10937761,Getting a credit card
10937810,Getting a credit card
10937845,Problem with a purchase shown on your statement
10937910,Problem with a purchase shown on your statement
10937958,Problem with a purchase shown on your statement
10938026,Problem with a purchase shown on your statement
10938045,Closing your account
10938049,"Other features, terms, or problems"
10938059,Problem with a purchase shown on your statement
10938410,Fees or interest
10938513,"Advertising and marketing, including promotional offers"
10939101,Closing your account
10939253,Problem when making payments
10939394,Getting a credit card
10939750,Fees or interest
10940965,Problem with a purchase shown on your statement
10940967,Getting a credit card
10941362,"Other features, terms, or problems"
10941634,Fees or interest
10941838,"Advertising and marketing, including promotional offers"
10942087,Problem with a purchase shown on your statement
10942958,"Other features, terms, or problems"
10942964,Fees or interest
10942967,Getting a credit card
10942970,Trouble using your card
10942983,Fees or interest
10943005,Fees or interest
10943773,Problem with a purchase shown on your statement
10943822,"Other features, terms, or problems"
10943894,Getting a credit card
10939903,Problem with a purchase shown on your statement
10939905,Problem with a purchase shown on your statement
10939963,Getting a credit card
10940166,"Other features, terms, or problems"
10942107,"Other features, terms, or problems"
10942291,Problem when making payments
10942564,Getting a credit card
10942569,"Advertising and marketing, including promotional offers"
10943145,Fees or interest
10943150,"Other features, terms, or problems"
10943300,Fees or interest
10943351,"Other features, terms, or problems"
10944132,Problem with a purchase shown on your statement
10944332,Incorrect information on your report
10944437,Problem with a purchase shown on your statement
10944673,Problem with a purchase shown on your statement
10944764,"Advertising and marketing, including promotional offers"
10944770,"Other features, terms, or problems"
10944779,Problem when making payments
10944784,Problem with a purchase shown on your statement
10944843,Problem with a purchase shown on your statement
10945228,"Other features, terms, or problems"
10945278,Fees or interest
10945306,"Other features, terms, or problems"
10945627,Problem with a purchase shown on your statement
10945949,Problem with a purchase shown on your statement
10945951,Trouble using your card
10946231,Fees or interest
10947051,Getting a credit card
10947067,Getting a credit card
10947260,Fees or interest
10947535,Struggling to pay your bill
10947854,Getting a credit card
10948096,Fees or interest
10948135,"Advertising and marketing, including promotional offers"
10948235,Closing your account
10948879,Getting a credit card
10949299,"Other features, terms, or problems"
10949466,Fees or interest
10949527,Fees or interest
10949563,"Other features, terms, or problems"
10950040,Problem with a purchase shown on your statement
10950246,Getting a credit card
10950300,Incorrect information on your report
10950458,Closing your account
10950725,"Other features, terms, or problems"
10950731,"Other features, terms, or problems"
10950859,"Other features, terms, or problems"
10950982,Problem with a purchase shown on your statement
10951002,"Other features, terms, or problems"
10951041,"Advertising and marketing, including promotional offers"
10951309,Getting a credit card
10952282,Fees or interest
10952355,"Advertising and marketing, including promotional offers"
10952545,Problem with a company's investigation into an existing problem
10952566,Problem with a purchase shown on your statement
10952625,"Other features, terms, or problems"
10952731,Problem with a purchase shown on your statement
10952739,Closing your account
10952778,Problem with a purchase shown on your statement
10953435,Fees or interest
10953532,Problem with a purchase shown on your statement
10953567,"Other features, terms, or problems"
10953590,Getting a credit card
10954334,Fees or interest
10960143,Problem with a purchase shown on your statement
10960806,"Advertising and marketing, including promotional offers"
10961094,Trouble using your card
10961114,Closing your account
10961231,Trouble using your card
10961250,"Other features, terms, or problems"
10961279,Problem with a purchase shown on your statement
10961510,Problem with a purchase shown on your statement
10962446,Incorrect information on your report
10963118,Problem with a purchase shown on your statement
10963186,Problem with a purchase shown on your statement
10963215,"Other features, terms, or problems"
10965005,Trouble using your card
10966700,Getting a credit card
10966851,"Other features, terms, or problems"
10966950,Closing your account
10945622,Problem with a purchase shown on your statement
10946390,Incorrect information on your report
10946570,"Other features, terms, or problems"
10946776,Fees or interest
10946972,Closing your account
10954711,Fees or interest
10955748,Closing your account
10956657,Getting a credit card
10959006,Fees or interest
10959008,Struggling to pay your bill
10959826,"Advertising and marketing, including promotional offers"
10959861,Fees or interest
10959873,Problem with a purchase shown on your statement
10959880,Getting a credit card
10960581,"Other features, terms, or problems"
10960626,Getting a credit card
10960666,Problem with a purchase shown on your statement
10960682,Getting a credit card
10960814,Closing your account
10960986,Problem when making payments
10960999,Fees or interest
10961009,Problem with a purchase shown on your statement
10961010,Closing your account
10961012,Problem when making payments
10962115,Fees or interest
10962172,Problem with a purchase shown on your statement
10962201,Problem when making payments
10962208,Closing your account
10962283,Fees or interest
10962342,Getting a credit card
10962379,Problem with a company's investigation into an existing problem
10962643,Getting a credit card
10962718,Problem when making payments
10963417,Getting a credit card
10963583,Problem with a purchase shown on your statement
10963820,Problem with a purchase shown on your statement
10964235,Problem with a purchase shown on your statement
10964435,Trouble using your card
10964477,Fees or interest
10964537,Problem with a purchase shown on your statement
10964570,Closing your account
10964605,"Other features, terms, or problems"
10964872,Trouble using your card
10964948,Struggling to pay your bill
10965218,"Other features, terms, or problems"
10965349,Problem when making payments
10965415,"Other features, terms, or problems"
10965461,Problem with a purchase shown on your statement
10965500,Problem with a purchase shown on your statement
10965595,Problem when making payments
10965867,Problem with a purchase shown on your statement
10965958,"Other features, terms, or problems"
10966047,Problem with a purchase shown on your statement
10966050,Trouble using your card
10966276,Fees or interest
10966277,Struggling to pay your bill
10966488,Problem with a purchase shown on your statement
10966509,Problem with a company's investigation into an existing problem
10966539,Problem with a purchase shown on your statement
10966565,"Other features, terms, or problems"
10966577,Problem when making payments
10966590,"Other features, terms, or problems"
10966642,Problem with a purchase shown on your statement
10966656,Problem with a purchase shown on your statement
10966698,Trouble using your card
10955343,Getting a credit card
10956378,Problem with a purchase shown on your statement
10956690,Problem with a purchase shown on your statement
10957307,Problem with a purchase shown on your statement
10957331,Closing your account
10957461,Fees or interest
10957536,Fees or interest
10968105,Problem with a purchase shown on your statement
10968270,"Other features, terms, or problems"
10968497,Fees or interest
10968583,Problem with a purchase shown on your statement
10968603,Getting a credit card
10968822,Problem with a purchase shown on your statement
10968832,Getting a credit card
10968971,Problem with a purchase shown on your statement
10969108,"Other features, terms, or problems"
10969110,Problem with a purchase shown on your statement
10969113,Closing your account
10969558,Getting a credit card
10969660,Fees or interest
10969817,Problem with a purchase shown on your statement
10969861,Problem with a purchase shown on your statement
10969893,Problem with a purchase shown on your statement
10969919,"Advertising and marketing, including promotional offers"
10969920,"Other features, terms, or problems"
10969935,Fees or interest
10969945,Trouble using your card
10970657,Incorrect information on your report
10970698,"Other features, terms, or problems"
10970729,Incorrect information on your report
10970921,Fees or interest
10971414,"Other features, terms, or problems"
10971846,Problem with a purchase shown on your statement
10972477,Problem with a purchase shown on your statement
10972543,Getting a credit card
10972751,Fees or interest
10972997,Problem with a purchase shown on your statement
10973042,Closing your account
10973987,Fees or interest
10974706,"Advertising and marketing, including promotional offers"
10974763,Problem with a purchase shown on your statement
10974817,Getting a credit card
10974821,Getting a credit card
10974918,Getting a credit card
10975533,Problem with a purchase shown on your statement
10975882,Problem with a purchase shown on your statement
10976007,Fees or interest
10976206,"Advertising and marketing, including promotional offers"
10976462,Fees or interest
10976497,"Other features, terms, or problems"
10976890,Struggling to pay your bill
10976893,"Other features, terms, or problems"
10976908,Problem when making payments
10976909,Fees or interest
10977049,Problem when making payments
10977053,Getting a credit card
10977084,Getting a credit card
10977161,Problem with a purchase shown on your statement
10977163,Problem with a company's investigation into an existing problem
10977187,Problem when making payments
10977209,Problem when making payments
10977223,Closing your account
10977260,Problem with a purchase shown on your statement
10977329,"Other features, terms, or problems"
10979151,Problem with a purchase shown on your statement
10970130,Problem with a purchase shown on your statement
10973177,Problem with a purchase shown on your statement
10973364,"Advertising and marketing, including promotional offers"
10973381,Problem with a purchase shown on your statement
10973762,Trouble using your card
10973778,Getting a credit card
10973779,"Other features, terms, or problems"
10973784,Problem with a purchase shown on your statement
10973793,Fees or interest
10973794,Trouble using your card
10974113,Fees or interest
10974126,Problem with a purchase shown on your statement
10974265,Getting a credit card
10975056,Problem with a purchase shown on your statement
10977995,"Other features, terms, or problems"
10978131,Fees or interest
10978433,Problem with a purchase shown on your statement
10978888,Struggling to pay your bill
10978912,Getting a credit card
10978936,Getting a credit card
10979126,Fees or interest
10979176,Getting a credit card
10979190,Problem with a purchase shown on your statement
10979234,"Other features, terms, or problems"
10979241,Problem with a company's investigation into an existing problem
10979278,Trouble using your card
10979427,Problem with a purchase shown on your statement
10979444,Incorrect information on your report
10979475,Problem with a purchase shown on your statement
10979545,Problem when making payments
10979578,Fees or interest
10979887,"Advertising and marketing, including promotional offers"
10979944,Trouble using your card
10979962,Getting a credit card
10979971,"Other features, terms, or problems"
10980015,"Other features, terms, or problems"
10980018,Problem with a purchase shown on your statement
10980027,Getting a credit card
10980098,"Advertising and marketing, including promotional offers"
10980163,Problem with a purchase shown on your statement
10980174,"Other features, terms, or problems"
10980176,Getting a credit card
10980188,Fees or interest
10980200,"Other features, terms, or problems"
10980273,Problem when making payments
10980287,Trouble using your card
10980314,Problem when making payments
10980423,"Other features, terms, or problems"
10980426,Fees or interest
10980432,"Advertising and marketing, including promotional offers"
10980478,Closing your account
10980503,Problem with a purchase shown on your statement
10980545,Problem with a purchase shown on your statement
10980554,Problem with a purchase shown on your statement
10980568,Fees or interest
10980617,"Other features, terms, or problems"
10980619,Fees or interest
10980621,Getting a credit card
10980623,Trouble using your card
10980626,Getting a credit card
10980671,Problem with a purchase shown on your statement
10980723,Problem with a purchase shown on your statement
10980745,Incorrect information on your report
10980805,Problem with a purchase shown on your statement
10980838,"Other features, terms, or problems"
10980845,"Advertising and marketing, including promotional offers"
10980943,Fees or interest
10981003,Closing your account
10981055,"Advertising and marketing, including promotional offers"
10981109,Problem with a purchase shown on your statement
10981203,Getting a credit card
10981213,Trouble using your card
10981236,Problem with a purchase shown on your statement
10982510,Problem with a purchase shown on your statement
10982603,Getting a credit card
10993451,Closing your account
