Complaint ID,split,Issue,original_content_wordpieces,retained_content_wordpieces,dropped_content_wordpieces,retained_fraction,truncated
10647295,train,"Advertising and marketing, including promotional offers",634,510,124,0.804416403785489,True
10647477,train,Problem with a purchase shown on your statement,89,89,0,1.0,False
10647560,train,Problem with a purchase shown on your statement,253,253,0,1.0,False
10647790,train,Closing your account,171,171,0,1.0,False
10648025,train,"Other features, terms, or problems",353,353,0,1.0,False
10648100,train,Closing your account,549,510,39,0.9289617486338798,True
10648150,train,"Advertising and marketing, including promotional offers",180,180,0,1.0,False
10648203,train,"Other features, terms, or problems",99,99,0,1.0,False
10648252,train,"Other features, terms, or problems",249,249,0,1.0,False
10648651,train,Getting a credit card,149,149,0,1.0,False
10652284,train,Problem with a purchase shown on your statement,277,277,0,1.0,False
10653045,train,"Other features, terms, or problems",496,496,0,1.0,False
10653073,train,"Other features, terms, or problems",234,234,0,1.0,False
10653212,train,Incorrect information on your report,209,209,0,1.0,False
10653604,train,Incorrect information on your report,32,32,0,1.0,False
10653605,train,"Advertising and marketing, including promotional offers",368,368,0,1.0,False
10653705,train,"Other features, terms, or problems",197,197,0,1.0,False
10653764,train,"Advertising and marketing, including promotional offers",572,510,62,0.8916083916083916,True
10653895,train,Problem with a purchase shown on your statement,1965,510,1455,0.2595419847328244,True
10654006,train,Problem when making payments,256,256,0,1.0,False
10654077,train,"Advertising and marketing, including promotional offers",425,425,0,1.0,False
10654097,train,Problem with a purchase shown on your statement,48,48,0,1.0,False
10654239,train,Problem when making payments,55,55,0,1.0,False
10654925,train,Getting a credit card,115,115,0,1.0,False
10655196,train,Getting a credit card,115,115,0,1.0,False
10655200,train,Problem with a purchase shown on your statement,280,280,0,1.0,False
10655436,train,Problem when making payments,329,329,0,1.0,False
10655566,train,Trouble using your card,208,208,0,1.0,False
10655587,train,Closing your account,253,253,0,1.0,False
10655664,train,Problem with a purchase shown on your statement,978,510,468,0.5214723926380368,True
10655689,train,Closing your account,92,92,0,1.0,False
10655803,train,Trouble using your card,217,217,0,1.0,False
10656076,train,Closing your account,568,510,58,0.897887323943662,True
10656123,train,"Other features, terms, or problems",113,113,0,1.0,False
10656357,train,Problem when making payments,520,510,10,0.9807692307692307,True
10656479,train,"Other features, terms, or problems",328,328,0,1.0,False
10656619,train,Closing your account,538,510,28,0.9479553903345725,True
10656661,train,"Advertising and marketing, including promotional offers",336,336,0,1.0,False
10657208,train,Problem with a purchase shown on your statement,403,403,0,1.0,False
10657224,train,"Other features, terms, or problems",156,156,0,1.0,False
10657225,train,Getting a credit card,110,110,0,1.0,False
10657331,train,Problem with a purchase shown on your statement,718,510,208,0.7103064066852368,True
10657346,train,Problem with a purchase shown on your statement,269,269,0,1.0,False
10657348,train,"Other features, terms, or problems",175,175,0,1.0,False
10657359,train,Trouble using your card,595,510,85,0.8571428571428571,True
10657387,train,"Advertising and marketing, including promotional offers",13,13,0,1.0,False
10657446,train,Trouble using your card,498,498,0,1.0,False
10657449,train,Getting a credit card,72,72,0,1.0,False
10657924,train,Problem with a purchase shown on your statement,56,56,0,1.0,False
10657957,train,Problem with a purchase shown on your statement,223,223,0,1.0,False
10657980,train,Getting a credit card,214,214,0,1.0,False
10657986,train,Problem when making payments,80,80,0,1.0,False
10658018,train,Fees or interest,297,297,0,1.0,False
10658030,train,"Other features, terms, or problems",189,189,0,1.0,False
10658062,train,Fees or interest,1252,510,742,0.4073482428115016,True
10658090,train,Getting a credit card,262,262,0,1.0,False
10658105,train,Problem with a purchase shown on your statement,356,356,0,1.0,False
10658207,train,Getting a credit card,51,51,0,1.0,False
10658236,train,Getting a credit card,65,65,0,1.0,False
10658289,train,Trouble using your card,303,303,0,1.0,False
10658303,train,Getting a credit card,121,121,0,1.0,False
10658344,train,Fees or interest,332,332,0,1.0,False
10658358,train,Problem with a purchase shown on your statement,135,135,0,1.0,False
10658434,train,Incorrect information on your report,63,63,0,1.0,False
10658474,train,Problem with a purchase shown on your statement,539,510,29,0.9461966604823747,True
10658548,train,Getting a credit card,14,14,0,1.0,False
10658618,train,Problem with a purchase shown on your statement,853,510,343,0.5978898007033998,True
10658679,train,Problem with a company's investigation into an existing problem,286,286,0,1.0,False
10659579,train,Problem when making payments,144,144,0,1.0,False
10659640,train,Fees or interest,211,211,0,1.0,False
10660158,train,Getting a credit card,138,138,0,1.0,False
10660405,train,Closing your account,442,442,0,1.0,False
10660457,train,Fees or interest,287,287,0,1.0,False
10660494,train,Getting a credit card,191,191,0,1.0,False
10660530,train,Incorrect information on your report,146,146,0,1.0,False
10660828,train,Getting a credit card,613,510,103,0.831973898858075,True
10660836,train,Problem with a purchase shown on your statement,409,409,0,1.0,False
10660847,train,Problem with a purchase shown on your statement,373,373,0,1.0,False
10660873,train,Trouble using your card,96,96,0,1.0,False
10650380,train,Closing your account,290,290,0,1.0,False
10650489,train,Trouble using your card,93,93,0,1.0,False
10650902,train,Problem when making payments,120,120,0,1.0,False
10651028,train,"Other features, terms, or problems",114,114,0,1.0,False
10651960,train,Trouble using your card,302,302,0,1.0,False
10651987,train,Fees or interest,816,510,306,0.625,True
10652006,train,Struggling to pay your bill,504,504,0,1.0,False
10652406,train,Problem with a purchase shown on your statement,245,245,0,1.0,False
10652563,train,Getting a credit card,136,136,0,1.0,False
10652758,train,Problem with a purchase shown on your statement,669,510,159,0.7623318385650224,True
10652879,train,Fees or interest,73,73,0,1.0,False
10661280,train,Problem when making payments,175,175,0,1.0,False
10661572,train,Fees or interest,118,118,0,1.0,False
10661622,train,Trouble using your card,52,52,0,1.0,False
10661663,train,Getting a credit card,117,117,0,1.0,False
10661674,train,"Other features, terms, or problems",858,510,348,0.5944055944055944,True
10661820,train,Getting a credit card,311,311,0,1.0,False
10661844,train,Closing your account,127,127,0,1.0,False
10661846,train,Problem with a company's investigation into an existing problem,56,56,0,1.0,False
10661851,train,Problem with a purchase shown on your statement,173,173,0,1.0,False
10661857,train,Problem when making payments,1092,510,582,0.46703296703296704,True
10661897,train,Closing your account,81,81,0,1.0,False
10662244,train,"Advertising and marketing, including promotional offers",203,203,0,1.0,False
10662263,train,Problem with a purchase shown on your statement,210,210,0,1.0,False
10662280,train,"Advertising and marketing, including promotional offers",94,94,0,1.0,False
10662281,train,Closing your account,49,49,0,1.0,False
10662525,train,Getting a credit card,68,68,0,1.0,False
10662570,train,Problem with a purchase shown on your statement,626,510,116,0.8146964856230032,True
10662587,train,"Other features, terms, or problems",419,419,0,1.0,False
10662591,train,Getting a credit card,101,101,0,1.0,False
10662597,train,Closing your account,561,510,51,0.9090909090909091,True
10662652,train,Getting a credit card,35,35,0,1.0,False
10662704,train,Problem with a purchase shown on your statement,115,115,0,1.0,False
10662747,train,Getting a credit card,266,266,0,1.0,False
10662969,train,Closing your account,53,53,0,1.0,False
10662982,train,"Advertising and marketing, including promotional offers",95,95,0,1.0,False
10662985,train,Problem with a purchase shown on your statement,190,190,0,1.0,False
10663040,train,Problem with a purchase shown on your statement,541,510,31,0.9426987060998152,True
10663121,train,Problem when making payments,354,354,0,1.0,False
10663246,train,Problem with a purchase shown on your statement,46,46,0,1.0,False
10663275,train,Trouble using your card,1139,510,629,0.44776119402985076,True
10663337,train,Problem with a purchase shown on your statement,489,489,0,1.0,False
10663381,train,"Other features, terms, or problems",204,204,0,1.0,False
10663384,train,Trouble using your card,24,24,0,1.0,False
10663671,train,Problem when making payments,937,510,427,0.544290288153682,True
10663757,train,Fees or interest,126,126,0,1.0,False
10663803,train,Getting a credit card,66,66,0,1.0,False
10663841,train,"Other features, terms, or problems",179,179,0,1.0,False
10663866,train,Fees or interest,501,501,0,1.0,False
10663903,train,"Other features, terms, or problems",573,510,63,0.8900523560209425,True
10663959,train,Fees or interest,98,98,0,1.0,False
10664416,train,Incorrect information on your report,45,45,0,1.0,False
10664432,train,Problem with a purchase shown on your statement,419,419,0,1.0,False
10664499,train,Incorrect information on your report,26,26,0,1.0,False
10664564,train,Problem with a purchase shown on your statement,447,447,0,1.0,False
10664584,train,Closing your account,304,304,0,1.0,False
10664612,train,Problem with a purchase shown on your statement,159,159,0,1.0,False
10664652,train,Problem when making payments,222,222,0,1.0,False
10665059,train,"Other features, terms, or problems",102,102,0,1.0,False
10665077,train,Problem with a purchase shown on your statement,1013,510,503,0.5034550839091807,True
10665091,train,Trouble using your card,184,184,0,1.0,False
10665303,train,Problem with a purchase shown on your statement,398,398,0,1.0,False
10665559,train,Getting a credit card,116,116,0,1.0,False
10666422,train,Trouble using your card,303,303,0,1.0,False
10666697,train,"Other features, terms, or problems",243,243,0,1.0,False
10666749,train,"Other features, terms, or problems",49,49,0,1.0,False
10666775,train,Closing your account,364,364,0,1.0,False
10665349,train,Problem with a purchase shown on your statement,90,90,0,1.0,False
10665364,train,Problem with a purchase shown on your statement,272,272,0,1.0,False
10665817,train,"Other features, terms, or problems",122,122,0,1.0,False
10666194,train,Problem with a purchase shown on your statement,924,510,414,0.551948051948052,True
10666266,train,Fees or interest,67,67,0,1.0,False
10666269,train,Getting a credit card,48,48,0,1.0,False
10666358,train,"Other features, terms, or problems",258,258,0,1.0,False
10666361,train,Problem with a purchase shown on your statement,487,487,0,1.0,False
10667519,train,Fees or interest,190,190,0,1.0,False
10668810,train,Getting a credit card,23,23,0,1.0,False
10669029,train,Fees or interest,398,398,0,1.0,False
10669314,train,"Other features, terms, or problems",81,81,0,1.0,False
10669329,train,"Other features, terms, or problems",80,80,0,1.0,False
10669344,train,Problem when making payments,40,40,0,1.0,False
10669378,train,"Other features, terms, or problems",90,90,0,1.0,False
10669388,train,Getting a credit card,201,201,0,1.0,False
10669453,train,Fees or interest,229,229,0,1.0,False
10669512,train,Fees or interest,51,51,0,1.0,False
10669521,train,Problem when making payments,179,179,0,1.0,False
10669550,train,"Advertising and marketing, including promotional offers",52,52,0,1.0,False
10669813,train,Fees or interest,752,510,242,0.6781914893617021,True
10669824,train,Fees or interest,164,164,0,1.0,False
10669866,train,Problem with a purchase shown on your statement,270,270,0,1.0,False
10670008,train,Closing your account,143,143,0,1.0,False
10670009,train,Problem with a purchase shown on your statement,738,510,228,0.6910569105691057,True
10670113,train,Fees or interest,121,121,0,1.0,False
10670202,train,Fees or interest,160,160,0,1.0,False
10670300,train,Closing your account,569,510,59,0.8963093145869947,True
10670325,train,Problem when making payments,136,136,0,1.0,False
10670347,train,Closing your account,168,168,0,1.0,False
10670395,train,"Other features, terms, or problems",117,117,0,1.0,False
10670413,train,Fees or interest,134,134,0,1.0,False
10670565,train,Problem with a purchase shown on your statement,66,66,0,1.0,False
10670627,train,"Advertising and marketing, including promotional offers",57,57,0,1.0,False
10670713,train,Fees or interest,129,129,0,1.0,False
10671219,train,Fees or interest,53,53,0,1.0,False
10671347,train,Fees or interest,31,31,0,1.0,False
10671610,train,"Other features, terms, or problems",210,210,0,1.0,False
10671612,train,"Advertising and marketing, including promotional offers",421,421,0,1.0,False
10671681,train,Problem with a purchase shown on your statement,1197,510,687,0.42606516290726815,True
10671694,train,"Advertising and marketing, including promotional offers",31,31,0,1.0,False
10671965,train,Trouble using your card,309,309,0,1.0,False
10672053,train,Incorrect information on your report,196,196,0,1.0,False
10686458,train,Fees or interest,99,99,0,1.0,False
10667128,train,Problem with a purchase shown on your statement,519,510,9,0.9826589595375722,True
10668096,train,Fees or interest,156,156,0,1.0,False
10668456,train,Closing your account,369,369,0,1.0,False
10668469,train,Problem with a purchase shown on your statement,500,500,0,1.0,False
10668538,train,Problem when making payments,177,177,0,1.0,False
10668544,train,Problem with a purchase shown on your statement,321,321,0,1.0,False
10668598,train,Fees or interest,166,166,0,1.0,False
10672937,train,Getting a credit card,27,27,0,1.0,False
10673000,train,"Other features, terms, or problems",85,85,0,1.0,False
10673251,train,Getting a credit card,13,13,0,1.0,False
10673435,train,"Other features, terms, or problems",146,146,0,1.0,False
10673935,train,Problem with a purchase shown on your statement,1373,510,863,0.37144938091769847,True
10674242,train,Problem with a purchase shown on your statement,276,276,0,1.0,False
10674278,train,Incorrect information on your report,109,109,0,1.0,False
10674471,train,Closing your account,264,264,0,1.0,False
10674794,train,Problem when making payments,88,88,0,1.0,False
10675562,train,"Other features, terms, or problems",45,45,0,1.0,False
10677281,train,Problem with a purchase shown on your statement,90,90,0,1.0,False
10681051,train,"Advertising and marketing, including promotional offers",372,372,0,1.0,False
10681067,train,Closing your account,115,115,0,1.0,False
10681098,train,Problem with a purchase shown on your statement,288,288,0,1.0,False
10681124,train,Getting a credit card,154,154,0,1.0,False
10681596,train,"Other features, terms, or problems",184,184,0,1.0,False
10681616,train,"Other features, terms, or problems",576,510,66,0.8854166666666666,True
10681681,train,Problem with a purchase shown on your statement,85,85,0,1.0,False
10681686,train,Getting a credit card,186,186,0,1.0,False
10681882,train,Problem with a purchase shown on your statement,506,506,0,1.0,False
10682117,train,Getting a credit card,15,15,0,1.0,False
10682141,train,Struggling to pay your bill,116,116,0,1.0,False
10682159,train,Problem when making payments,483,483,0,1.0,False
10682290,train,"Other features, terms, or problems",158,158,0,1.0,False
10682316,train,Getting a credit card,43,43,0,1.0,False
10682321,train,"Other features, terms, or problems",423,423,0,1.0,False
10682425,train,Getting a credit card,192,192,0,1.0,False
10682614,train,"Other features, terms, or problems",109,109,0,1.0,False
10682804,train,Problem with a purchase shown on your statement,691,510,181,0.7380607814761215,True
10682858,train,Closing your account,248,248,0,1.0,False
10682882,train,Problem with a purchase shown on your statement,210,210,0,1.0,False
10682894,train,"Other features, terms, or problems",241,241,0,1.0,False
10682936,train,Fees or interest,162,162,0,1.0,False
10683144,train,Closing your account,312,312,0,1.0,False
10683214,train,Getting a credit card,97,97,0,1.0,False
10683637,train,"Other features, terms, or problems",375,375,0,1.0,False
10683660,train,Incorrect information on your report,208,208,0,1.0,False
10683741,train,Closing your account,269,269,0,1.0,False
10683775,train,Problem when making payments,327,327,0,1.0,False
10683787,train,Trouble using your card,229,229,0,1.0,False
10683801,train,Problem with a purchase shown on your statement,661,510,151,0.7715582450832073,True
10683900,train,Problem with a purchase shown on your statement,174,174,0,1.0,False
10684000,train,Problem with a purchase shown on your statement,180,180,0,1.0,False
10684349,train,Problem with a purchase shown on your statement,609,510,99,0.8374384236453202,True
10684352,train,Getting a credit card,13,13,0,1.0,False
10684358,train,Fees or interest,58,58,0,1.0,False
10684629,train,Trouble using your card,10,10,0,1.0,False
10684640,train,Fees or interest,256,256,0,1.0,False
10684706,train,Closing your account,308,308,0,1.0,False
10684753,train,Fees or interest,152,152,0,1.0,False
10684756,train,Fees or interest,289,289,0,1.0,False
10684757,train,Fees or interest,228,228,0,1.0,False
10684778,train,"Other features, terms, or problems",182,182,0,1.0,False
10684800,train,Trouble using your card,135,135,0,1.0,False
10684925,train,Problem with a purchase shown on your statement,83,83,0,1.0,False
10685070,train,Problem with a purchase shown on your statement,352,352,0,1.0,False
10685084,train,"Other features, terms, or problems",133,133,0,1.0,False
10685129,train,Problem when making payments,211,211,0,1.0,False
10685175,train,Getting a credit card,81,81,0,1.0,False
10685222,train,Closing your account,103,103,0,1.0,False
10685321,train,Problem when making payments,148,148,0,1.0,False
10685340,train,Problem with a purchase shown on your statement,2160,510,1650,0.2361111111111111,True
10685366,train,Fees or interest,380,380,0,1.0,False
10685401,train,Fees or interest,117,117,0,1.0,False
10685454,train,Getting a credit card,50,50,0,1.0,False
10685644,train,Problem with a purchase shown on your statement,1316,510,806,0.38753799392097266,True
10685649,train,"Other features, terms, or problems",36,36,0,1.0,False
10685753,train,Getting a credit card,330,330,0,1.0,False
10685765,train,Getting a credit card,86,86,0,1.0,False
10685907,train,Fees or interest,378,378,0,1.0,False
10686002,train,Problem with a purchase shown on your statement,425,425,0,1.0,False
10686082,train,Getting a credit card,364,364,0,1.0,False
10686110,train,Closing your account,16,16,0,1.0,False
10686166,train,Closing your account,75,75,0,1.0,False
10686402,train,Closing your account,241,241,0,1.0,False
10686470,train,Problem with a purchase shown on your statement,495,495,0,1.0,False
10686588,train,Getting a credit card,194,194,0,1.0,False
10687029,train,Problem with a purchase shown on your statement,217,217,0,1.0,False
10687098,train,Problem with a purchase shown on your statement,161,161,0,1.0,False
10672292,train,"Other features, terms, or problems",161,161,0,1.0,False
10672519,train,"Other features, terms, or problems",153,153,0,1.0,False
10673912,train,Problem with a purchase shown on your statement,749,510,239,0.6809078771695594,True
10674013,train,"Advertising and marketing, including promotional offers",633,510,123,0.8056872037914692,True
10674014,train,Problem with a purchase shown on your statement,597,510,87,0.8542713567839196,True
10674398,train,Problem with a purchase shown on your statement,269,269,0,1.0,False
10674642,train,Problem with a purchase shown on your statement,1056,510,546,0.48295454545454547,True
10674707,train,Incorrect information on your report,88,88,0,1.0,False
10674722,train,Trouble using your card,68,68,0,1.0,False
10675228,train,"Other features, terms, or problems",281,281,0,1.0,False
10676285,train,Fees or interest,129,129,0,1.0,False
10676318,train,Fees or interest,103,103,0,1.0,False
10676433,train,Problem with a company's investigation into an existing problem,40,40,0,1.0,False
10678057,train,Incorrect information on your report,92,92,0,1.0,False
10678390,train,Incorrect information on your report,259,259,0,1.0,False
10679002,train,Incorrect information on your report,97,97,0,1.0,False
10679033,train,Closing your account,333,333,0,1.0,False
10679053,train,Incorrect information on your report,94,94,0,1.0,False
10679540,train,Problem with a company's investigation into an existing problem,46,46,0,1.0,False
10679868,train,Problem with a purchase shown on your statement,122,122,0,1.0,False
10680187,train,Getting a credit card,345,345,0,1.0,False
10680217,train,Fees or interest,153,153,0,1.0,False
10680232,train,"Other features, terms, or problems",309,309,0,1.0,False
10680247,train,Incorrect information on your report,78,78,0,1.0,False
10680586,train,Fees or interest,230,230,0,1.0,False
10680597,train,Fees or interest,111,111,0,1.0,False
10680646,train,Problem with a purchase shown on your statement,158,158,0,1.0,False
10680650,train,Trouble using your card,287,287,0,1.0,False
10680683,train,Problem with a purchase shown on your statement,523,510,13,0.9751434034416826,True
10680844,train,"Advertising and marketing, including promotional offers",154,154,0,1.0,False
10680855,train,"Other features, terms, or problems",264,264,0,1.0,False
10680869,train,"Advertising and marketing, including promotional offers",227,227,0,1.0,False
10680893,train,Fees or interest,415,415,0,1.0,False
10680957,train,Getting a credit card,81,81,0,1.0,False
10680966,train,Getting a credit card,97,97,0,1.0,False
10681036,train,Problem with a purchase shown on your statement,231,231,0,1.0,False
10681055,train,"Advertising and marketing, including promotional offers",100,100,0,1.0,False
10681066,train,Closing your account,181,181,0,1.0,False
10681543,train,Fees or interest,110,110,0,1.0,False
10687230,train,Getting a credit card,20,20,0,1.0,False
10687510,train,Getting a credit card,36,36,0,1.0,False
10687526,train,Problem with a purchase shown on your statement,835,510,325,0.6107784431137725,True
10688020,train,"Other features, terms, or problems",112,112,0,1.0,False
10688021,train,Fees or interest,142,142,0,1.0,False
10688056,train,Closing your account,609,510,99,0.8374384236453202,True
10688187,train,Getting a credit card,25,25,0,1.0,False
10688289,train,Problem when making payments,111,111,0,1.0,False
10688300,train,Getting a credit card,126,126,0,1.0,False
10688399,train,Incorrect information on your report,547,510,37,0.9323583180987203,True
10688404,train,Problem with a purchase shown on your statement,538,510,28,0.9479553903345725,True
10688408,train,"Advertising and marketing, including promotional offers",960,510,450,0.53125,True
10688479,train,Problem when making payments,109,109,0,1.0,False
10688564,train,Problem with a purchase shown on your statement,186,186,0,1.0,False
10688580,train,"Advertising and marketing, including promotional offers",147,147,0,1.0,False
10688582,train,Closing your account,277,277,0,1.0,False
10688585,train,Problem with a purchase shown on your statement,480,480,0,1.0,False
10688588,train,Problem with a purchase shown on your statement,389,389,0,1.0,False
10688590,train,Problem with a purchase shown on your statement,359,359,0,1.0,False
10688624,train,Trouble using your card,375,375,0,1.0,False
10688633,train,Fees or interest,201,201,0,1.0,False
10688733,train,Fees or interest,203,203,0,1.0,False
10688920,train,Closing your account,73,73,0,1.0,False
10688929,train,"Other features, terms, or problems",110,110,0,1.0,False
10689074,train,Problem with a purchase shown on your statement,358,358,0,1.0,False
10689124,train,Problem with a purchase shown on your statement,682,510,172,0.7478005865102639,True
10689256,train,Problem with a purchase shown on your statement,304,304,0,1.0,False
10689268,train,Fees or interest,598,510,88,0.8528428093645485,True
10689368,train,Getting a credit card,397,397,0,1.0,False
10689578,train,Trouble using your card,183,183,0,1.0,False
10689582,train,"Advertising and marketing, including promotional offers",238,238,0,1.0,False
10689614,train,Getting a credit card,209,209,0,1.0,False
10689624,train,Problem with a purchase shown on your statement,384,384,0,1.0,False
10689636,train,Getting a credit card,78,78,0,1.0,False
10689835,train,Problem with a purchase shown on your statement,48,48,0,1.0,False
10689980,train,Incorrect information on your report,276,276,0,1.0,False
10690080,train,Problem with a purchase shown on your statement,178,178,0,1.0,False
10690659,train,Problem with a purchase shown on your statement,353,353,0,1.0,False
10690667,train,Trouble using your card,125,125,0,1.0,False
10690866,train,Problem when making payments,185,185,0,1.0,False
10691166,train,Problem when making payments,33,33,0,1.0,False
10691172,train,Fees or interest,324,324,0,1.0,False
10691319,train,Problem with a purchase shown on your statement,528,510,18,0.9659090909090909,True
10691367,train,Closing your account,140,140,0,1.0,False
10691409,train,"Advertising and marketing, including promotional offers",324,324,0,1.0,False
10691413,train,Problem when making payments,261,261,0,1.0,False
10691623,train,Fees or interest,268,268,0,1.0,False
10691666,train,Closing your account,165,165,0,1.0,False
10691850,train,Fees or interest,178,178,0,1.0,False
10692542,train,Getting a credit card,281,281,0,1.0,False
10692603,train,"Other features, terms, or problems",211,211,0,1.0,False
10693028,train,Problem when making payments,242,242,0,1.0,False
10693099,train,Problem with a purchase shown on your statement,1155,510,645,0.44155844155844154,True
10693198,train,Problem with a purchase shown on your statement,472,472,0,1.0,False
10693332,train,Fees or interest,241,241,0,1.0,False
10693653,train,Problem with a purchase shown on your statement,245,245,0,1.0,False
10693667,train,Fees or interest,473,473,0,1.0,False
10694033,train,"Other features, terms, or problems",57,57,0,1.0,False
10694190,train,"Other features, terms, or problems",522,510,12,0.9770114942528736,True
10694195,train,Problem with a purchase shown on your statement,1518,510,1008,0.3359683794466403,True
10694227,train,Getting a credit card,70,70,0,1.0,False
10694369,train,Problem when making payments,426,426,0,1.0,False
10694602,train,Problem with a purchase shown on your statement,244,244,0,1.0,False
10694619,train,Closing your account,171,171,0,1.0,False
10694632,train,Problem when making payments,315,315,0,1.0,False
10694683,train,Problem with a purchase shown on your statement,608,510,98,0.8388157894736842,True
10694888,train,Problem with a purchase shown on your statement,695,510,185,0.7338129496402878,True
10694935,train,Problem with a purchase shown on your statement,282,282,0,1.0,False
10694964,train,"Other features, terms, or problems",385,385,0,1.0,False
10695042,train,Problem when making payments,255,255,0,1.0,False
10695155,train,Fees or interest,97,97,0,1.0,False
10695393,train,Problem when making payments,250,250,0,1.0,False
10695402,train,Trouble using your card,140,140,0,1.0,False
10695671,train,Fees or interest,39,39,0,1.0,False
10695870,train,Problem with a purchase shown on your statement,135,135,0,1.0,False
10696001,train,"Other features, terms, or problems",367,367,0,1.0,False
10696298,train,Fees or interest,203,203,0,1.0,False
10697882,train,Problem with a purchase shown on your statement,213,213,0,1.0,False
10697883,train,"Advertising and marketing, including promotional offers",67,67,0,1.0,False
10697911,train,Getting a credit card,20,20,0,1.0,False
10687280,train,Closing your account,121,121,0,1.0,False
10687606,train,Getting a credit card,211,211,0,1.0,False
10687891,train,Trouble using your card,61,61,0,1.0,False
10692023,train,Incorrect information on your report,88,88,0,1.0,False
10692131,train,Problem when making payments,630,510,120,0.8095238095238095,True
10692839,train,Problem with a purchase shown on your statement,92,92,0,1.0,False
10694024,train,"Other features, terms, or problems",123,123,0,1.0,False
10694055,train,Trouble using your card,123,123,0,1.0,False
10694926,train,Problem with a purchase shown on your statement,244,244,0,1.0,False
10696733,train,Problem when making payments,82,82,0,1.0,False
10696773,train,"Other features, terms, or problems",137,137,0,1.0,False
10696883,train,Fees or interest,12,12,0,1.0,False
10696973,train,Problem with a purchase shown on your statement,1013,510,503,0.5034550839091807,True
10698451,train,Fees or interest,199,199,0,1.0,False
10698477,train,Trouble using your card,140,140,0,1.0,False
10698944,train,Problem when making payments,107,107,0,1.0,False
10699962,train,Closing your account,185,185,0,1.0,False
10699970,train,Problem when making payments,774,510,264,0.6589147286821705,True
10699971,train,Problem with a purchase shown on your statement,439,439,0,1.0,False
10699972,train,Closing your account,87,87,0,1.0,False
10700167,train,Closing your account,128,128,0,1.0,False
10700378,train,Closing your account,543,510,33,0.9392265193370166,True
10700752,train,Problem with a purchase shown on your statement,1052,510,542,0.4847908745247148,True
10701229,train,Problem with a purchase shown on your statement,189,189,0,1.0,False
10703154,train,Problem with a purchase shown on your statement,230,230,0,1.0,False
10704289,train,Problem when making payments,521,510,11,0.9788867562380038,True
10709201,train,Getting a credit card,1104,510,594,0.46195652173913043,True
10709288,train,Fees or interest,70,70,0,1.0,False
10709410,train,Trouble using your card,164,164,0,1.0,False
10709518,train,Problem with a purchase shown on your statement,100,100,0,1.0,False
10709552,train,Struggling to pay your bill,85,85,0,1.0,False
10709589,train,Problem with a purchase shown on your statement,116,116,0,1.0,False
10709609,train,"Advertising and marketing, including promotional offers",244,244,0,1.0,False
10714030,train,Problem with a purchase shown on your statement,194,194,0,1.0,False
10714233,train,Fees or interest,448,448,0,1.0,False
10714236,train,Incorrect information on your report,21,21,0,1.0,False
10714880,train,Closing your account,920,510,410,0.5543478260869565,True
10714939,train,"Advertising and marketing, including promotional offers",254,254,0,1.0,False
10715047,train,Closing your account,1260,510,750,0.40476190476190477,True
10715077,train,"Advertising and marketing, including promotional offers",231,231,0,1.0,False
10715206,train,Fees or interest,107,107,0,1.0,False
10715254,train,Fees or interest,24,24,0,1.0,False
10715472,train,Problem with a purchase shown on your statement,180,180,0,1.0,False
10715527,train,Problem with a purchase shown on your statement,334,334,0,1.0,False
10716459,train,Problem with a purchase shown on your statement,389,389,0,1.0,False
10716902,train,Getting a credit card,273,273,0,1.0,False
10716934,train,"Other features, terms, or problems",298,298,0,1.0,False
10717117,train,Problem with a company's investigation into an existing problem,127,127,0,1.0,False
10717145,train,Problem with a purchase shown on your statement,260,260,0,1.0,False
10717375,train,Getting a credit card,54,54,0,1.0,False
10717556,train,Problem with a purchase shown on your statement,300,300,0,1.0,False
10717719,train,Closing your account,215,215,0,1.0,False
10717740,train,Fees or interest,391,391,0,1.0,False
10717804,train,Fees or interest,366,366,0,1.0,False
10718137,train,"Other features, terms, or problems",467,467,0,1.0,False
10718229,train,Getting a credit card,269,269,0,1.0,False
10718346,train,"Other features, terms, or problems",240,240,0,1.0,False
10718417,train,Problem with a purchase shown on your statement,21,21,0,1.0,False
10718653,train,Incorrect information on your report,312,312,0,1.0,False
10719413,train,Incorrect information on your report,287,287,0,1.0,False
10719425,train,"Other features, terms, or problems",72,72,0,1.0,False
10719668,train,"Other features, terms, or problems",1183,510,673,0.43110735418427726,True
10720717,train,Fees or interest,691,510,181,0.7380607814761215,True
10720733,train,Problem with a purchase shown on your statement,376,376,0,1.0,False
10720799,train,Fees or interest,134,134,0,1.0,False
10720857,train,Problem with a purchase shown on your statement,693,510,183,0.7359307359307359,True
10720894,train,Problem with a purchase shown on your statement,302,302,0,1.0,False
10720981,train,Getting a credit card,62,62,0,1.0,False
10720992,train,Getting a credit card,366,366,0,1.0,False
10721021,train,"Other features, terms, or problems",147,147,0,1.0,False
10721214,train,Fees or interest,136,136,0,1.0,False
10721249,train,Problem with a purchase shown on your statement,179,179,0,1.0,False
10721325,train,Incorrect information on your report,12,12,0,1.0,False
10721400,train,Problem with a purchase shown on your statement,154,154,0,1.0,False
10721453,train,Problem when making payments,194,194,0,1.0,False
10721461,train,Closing your account,201,201,0,1.0,False
10721503,train,Incorrect information on your report,210,210,0,1.0,False
10721764,train,Getting a credit card,43,43,0,1.0,False
10736492,train,Problem with a purchase shown on your statement,350,350,0,1.0,False
10736496,train,Closing your account,539,510,29,0.9461966604823747,True
10701308,train,Problem with a purchase shown on your statement,460,460,0,1.0,False
10701323,train,Problem when making payments,131,131,0,1.0,False
10701333,train,Closing your account,80,80,0,1.0,False
10701353,train,Getting a credit card,100,100,0,1.0,False
10701446,train,Problem with a purchase shown on your statement,45,45,0,1.0,False
10701499,train,Incorrect information on your report,159,159,0,1.0,False
10701700,train,"Other features, terms, or problems",52,52,0,1.0,False
10701764,train,Incorrect information on your report,260,260,0,1.0,False
10702289,train,Incorrect information on your report,25,25,0,1.0,False
10702304,train,"Advertising and marketing, including promotional offers",404,404,0,1.0,False
10702381,train,Closing your account,59,59,0,1.0,False
10702787,train,"Advertising and marketing, including promotional offers",90,90,0,1.0,False
10702793,train,Problem with a purchase shown on your statement,262,262,0,1.0,False
10702964,train,Problem with a company's investigation into an existing problem,347,347,0,1.0,False
10703911,train,Getting a credit card,35,35,0,1.0,False
10703998,train,Problem with a purchase shown on your statement,23,23,0,1.0,False
10704076,train,Problem with a purchase shown on your statement,158,158,0,1.0,False
10704395,train,"Other features, terms, or problems",242,242,0,1.0,False
10704918,train,Problem with a purchase shown on your statement,249,249,0,1.0,False
10704966,train,"Advertising and marketing, including promotional offers",339,339,0,1.0,False
10705115,train,Problem with a purchase shown on your statement,705,510,195,0.723404255319149,True
10705542,train,Problem with a purchase shown on your statement,308,308,0,1.0,False
10705575,train,Fees or interest,474,474,0,1.0,False
10705616,train,"Advertising and marketing, including promotional offers",146,146,0,1.0,False
10705781,train,"Other features, terms, or problems",355,355,0,1.0,False
10705821,train,Closing your account,120,120,0,1.0,False
10706184,train,Fees or interest,226,226,0,1.0,False
10707016,train,"Other features, terms, or problems",26,26,0,1.0,False
10707035,train,Problem with a purchase shown on your statement,237,237,0,1.0,False
10707782,train,Problem with a purchase shown on your statement,236,236,0,1.0,False
10707797,train,Problem with a purchase shown on your statement,247,247,0,1.0,False
10707834,train,Problem with a purchase shown on your statement,167,167,0,1.0,False
10707888,train,Problem with a purchase shown on your statement,93,93,0,1.0,False
10708478,train,Trouble using your card,244,244,0,1.0,False
10708582,train,"Other features, terms, or problems",73,73,0,1.0,False
10708728,train,Getting a credit card,66,66,0,1.0,False
10708741,train,Incorrect information on your report,117,117,0,1.0,False
10709132,train,Problem when making payments,78,78,0,1.0,False
10709657,train,Struggling to pay your bill,708,510,198,0.7203389830508474,True
10709859,train,Problem with a purchase shown on your statement,129,129,0,1.0,False
10710556,train,Problem with a purchase shown on your statement,911,510,401,0.5598243688254665,True
10710792,train,Problem with a purchase shown on your statement,38,38,0,1.0,False
10711055,train,Incorrect information on your report,201,201,0,1.0,False
10711374,train,Incorrect information on your report,108,108,0,1.0,False
10711443,train,Getting a credit card,322,322,0,1.0,False
10712010,train,"Advertising and marketing, including promotional offers",179,179,0,1.0,False
10712789,train,Problem with a purchase shown on your statement,115,115,0,1.0,False
10712970,train,Trouble using your card,102,102,0,1.0,False
10713120,train,Problem when making payments,283,283,0,1.0,False
10713137,train,"Other features, terms, or problems",178,178,0,1.0,False
10713198,train,Getting a credit card,315,315,0,1.0,False
10713355,train,"Other features, terms, or problems",619,510,109,0.8239095315024233,True
10713469,train,"Other features, terms, or problems",125,125,0,1.0,False
10713515,train,Fees or interest,146,146,0,1.0,False
10713618,train,Problem with a purchase shown on your statement,344,344,0,1.0,False
10713659,train,Fees or interest,331,331,0,1.0,False
10713862,train,Closing your account,127,127,0,1.0,False
10714087,train,Problem with a purchase shown on your statement,241,241,0,1.0,False
10714481,train,Problem with a company's investigation into an existing problem,160,160,0,1.0,False
10717035,train,"Other features, terms, or problems",325,325,0,1.0,False
10717545,train,Problem with a purchase shown on your statement,90,90,0,1.0,False
10722540,train,Trouble using your card,188,188,0,1.0,False
10723887,train,Getting a credit card,705,510,195,0.723404255319149,True
10723896,train,Problem when making payments,199,199,0,1.0,False
10723919,train,"Other features, terms, or problems",46,46,0,1.0,False
10723930,train,Problem when making payments,191,191,0,1.0,False
10723936,train,Incorrect information on your report,26,26,0,1.0,False
10723937,train,Fees or interest,580,510,70,0.8793103448275862,True
10723939,train,Problem with a purchase shown on your statement,359,359,0,1.0,False
10724955,train,Fees or interest,162,162,0,1.0,False
10724961,train,Fees or interest,324,324,0,1.0,False
10725086,train,Problem with a purchase shown on your statement,339,339,0,1.0,False
10725194,train,Problem with a purchase shown on your statement,260,260,0,1.0,False
10725297,train,Problem with a purchase shown on your statement,393,393,0,1.0,False
10725352,train,Incorrect information on your report,417,417,0,1.0,False
10725354,train,"Advertising and marketing, including promotional offers",265,265,0,1.0,False
10726291,train,Fees or interest,534,510,24,0.9550561797752809,True
10727297,train,Problem when making payments,59,59,0,1.0,False
10722659,train,Problem when making payments,271,271,0,1.0,False
10722700,train,Problem with a purchase shown on your statement,352,352,0,1.0,False
10722708,train,Incorrect information on your report,147,147,0,1.0,False
10722731,train,Getting a credit card,935,510,425,0.5454545454545454,True
10723004,train,"Other features, terms, or problems",497,497,0,1.0,False
10723126,train,"Other features, terms, or problems",201,201,0,1.0,False
10723183,train,Fees or interest,1240,510,730,0.4112903225806452,True
10723184,train,"Other features, terms, or problems",66,66,0,1.0,False
10723224,train,Struggling to pay your bill,596,510,86,0.8557046979865772,True
10724060,train,Incorrect information on your report,84,84,0,1.0,False
10724105,train,Closing your account,413,413,0,1.0,False
10724166,train,Getting a credit card,643,510,133,0.7931570762052877,True
10724170,train,"Advertising and marketing, including promotional offers",153,153,0,1.0,False
10724339,train,Fees or interest,827,510,317,0.6166868198307134,True
10724374,train,"Other features, terms, or problems",446,446,0,1.0,False
10724413,train,"Other features, terms, or problems",114,114,0,1.0,False
10724418,train,Getting a credit card,104,104,0,1.0,False
10729235,train,"Advertising and marketing, including promotional offers",729,510,219,0.6995884773662552,True
10729411,train,Incorrect information on your report,345,345,0,1.0,False
10729569,train,Fees or interest,1231,510,721,0.41429731925264013,True
10730009,train,Getting a credit card,14,14,0,1.0,False
10730146,train,Problem when making payments,34,34,0,1.0,False
10730200,train,Problem with a purchase shown on your statement,311,311,0,1.0,False
10730442,train,Fees or interest,118,118,0,1.0,False
10730663,train,Problem with a purchase shown on your statement,243,243,0,1.0,False
10731208,train,Getting a credit card,146,146,0,1.0,False
10731547,train,Problem with a purchase shown on your statement,371,371,0,1.0,False
10731619,train,Struggling to pay your bill,485,485,0,1.0,False
10731662,train,Fees or interest,277,277,0,1.0,False
10731687,train,"Advertising and marketing, including promotional offers",135,135,0,1.0,False
10731719,train,Struggling to pay your bill,41,41,0,1.0,False
10731828,train,Problem with a purchase shown on your statement,117,117,0,1.0,False
10732077,train,Problem with a purchase shown on your statement,390,390,0,1.0,False
10732217,train,Problem with a purchase shown on your statement,516,510,6,0.9883720930232558,True
10732384,train,Problem with a company's investigation into an existing problem,52,52,0,1.0,False
10732395,train,"Advertising and marketing, including promotional offers",223,223,0,1.0,False
10732620,train,Getting a credit card,23,23,0,1.0,False
10732703,train,"Advertising and marketing, including promotional offers",565,510,55,0.9026548672566371,True
10732798,train,Problem with a purchase shown on your statement,905,510,395,0.56353591160221,True
10732921,train,"Other features, terms, or problems",110,110,0,1.0,False
10733057,train,"Other features, terms, or problems",236,236,0,1.0,False
10733108,train,Getting a credit card,237,237,0,1.0,False
10733155,train,Getting a credit card,41,41,0,1.0,False
10733159,train,"Other features, terms, or problems",590,510,80,0.864406779661017,True
10733173,train,Problem with a purchase shown on your statement,542,510,32,0.940959409594096,True
10733440,train,Problem with a company's investigation into an existing problem,409,409,0,1.0,False
10733493,train,"Advertising and marketing, including promotional offers",117,117,0,1.0,False
10733518,train,Problem with a purchase shown on your statement,824,510,314,0.6189320388349514,True
10733628,train,Problem with a purchase shown on your statement,320,320,0,1.0,False
10733767,train,Fees or interest,91,91,0,1.0,False
10733891,train,Getting a credit card,214,214,0,1.0,False
10733931,train,"Other features, terms, or problems",106,106,0,1.0,False
10733982,train,"Other features, terms, or problems",211,211,0,1.0,False
10733989,train,Fees or interest,249,249,0,1.0,False
10734401,train,Problem with a purchase shown on your statement,74,74,0,1.0,False
10734427,train,Trouble using your card,171,171,0,1.0,False
10734442,train,Problem with a purchase shown on your statement,298,298,0,1.0,False
10734446,train,Problem with a purchase shown on your statement,281,281,0,1.0,False
10734545,train,Getting a credit card,353,353,0,1.0,False
10734639,train,Closing your account,153,153,0,1.0,False
10734686,train,Problem with a purchase shown on your statement,575,510,65,0.8869565217391304,True
10734835,train,Problem when making payments,844,510,334,0.6042654028436019,True
10734847,train,Problem when making payments,213,213,0,1.0,False
10734951,train,"Other features, terms, or problems",257,257,0,1.0,False
10734956,train,Problem when making payments,57,57,0,1.0,False
10735004,train,Fees or interest,212,212,0,1.0,False
10735357,train,"Other features, terms, or problems",428,428,0,1.0,False
10735552,train,Fees or interest,888,510,378,0.5743243243243243,True
10735602,train,Closing your account,250,250,0,1.0,False
10735699,train,Problem with a purchase shown on your statement,79,79,0,1.0,False
10735793,train,Fees or interest,61,61,0,1.0,False
10735795,train,Problem with a purchase shown on your statement,111,111,0,1.0,False
10735899,train,Getting a credit card,81,81,0,1.0,False
10735988,train,Problem with a purchase shown on your statement,224,224,0,1.0,False
10736066,train,Getting a credit card,388,388,0,1.0,False
10736283,train,Closing your account,50,50,0,1.0,False
10736382,train,Closing your account,943,510,433,0.5408271474019088,True
10736435,train,"Other features, terms, or problems",539,510,29,0.9461966604823747,True
10736444,train,Problem with a purchase shown on your statement,129,129,0,1.0,False
10736680,train,"Advertising and marketing, including promotional offers",19,19,0,1.0,False
10736764,train,Problem with a purchase shown on your statement,101,101,0,1.0,False
10736769,train,Problem with a purchase shown on your statement,217,217,0,1.0,False
10736958,train,Problem with a purchase shown on your statement,1404,510,894,0.36324786324786323,True
10737056,train,Getting a credit card,90,90,0,1.0,False
10737068,train,Problem with a company's investigation into an existing problem,1030,510,520,0.49514563106796117,True
10737087,train,Struggling to pay your bill,254,254,0,1.0,False
10737113,train,"Other features, terms, or problems",211,211,0,1.0,False
10737293,train,Problem with a purchase shown on your statement,222,222,0,1.0,False
10737571,train,Trouble using your card,154,154,0,1.0,False
10737591,train,Closing your account,49,49,0,1.0,False
10737615,train,"Other features, terms, or problems",112,112,0,1.0,False
10737731,train,"Other features, terms, or problems",85,85,0,1.0,False
10737829,train,"Advertising and marketing, including promotional offers",198,198,0,1.0,False
10737933,train,Problem when making payments,148,148,0,1.0,False
10738240,train,"Advertising and marketing, including promotional offers",196,196,0,1.0,False
10738520,train,Problem with a purchase shown on your statement,89,89,0,1.0,False
10738549,train,Problem with a purchase shown on your statement,499,499,0,1.0,False
10738580,train,Problem when making payments,100,100,0,1.0,False
10739145,train,Problem with a purchase shown on your statement,210,210,0,1.0,False
10726812,train,"Other features, terms, or problems",136,136,0,1.0,False
10727089,train,"Other features, terms, or problems",402,402,0,1.0,False
10727280,train,Problem with a purchase shown on your statement,491,491,0,1.0,False
10727299,train,Trouble using your card,335,335,0,1.0,False
10727377,train,Problem with a purchase shown on your statement,152,152,0,1.0,False
10727634,train,Problem with a purchase shown on your statement,38,38,0,1.0,False
10727783,train,Problem with a purchase shown on your statement,232,232,0,1.0,False
10727791,train,Problem with a purchase shown on your statement,208,208,0,1.0,False
10727854,train,Problem with a purchase shown on your statement,205,205,0,1.0,False
10728160,train,Closing your account,125,125,0,1.0,False
10728303,train,Getting a credit card,297,297,0,1.0,False
10728785,train,Problem with a purchase shown on your statement,173,173,0,1.0,False
10728957,train,Struggling to pay your bill,326,326,0,1.0,False
10728965,train,Problem with a company's investigation into an existing problem,281,281,0,1.0,False
10729005,train,Struggling to pay your bill,318,318,0,1.0,False
10730013,train,Problem with a company's investigation into an existing problem,115,115,0,1.0,False
10740645,train,Closing your account,88,88,0,1.0,False
10741058,train,Problem with a purchase shown on your statement,463,463,0,1.0,False
10741138,train,Problem with a purchase shown on your statement,137,137,0,1.0,False
10741306,train,Problem with a company's investigation into an existing problem,351,351,0,1.0,False
10741338,train,"Advertising and marketing, including promotional offers",247,247,0,1.0,False
10741472,train,"Other features, terms, or problems",549,510,39,0.9289617486338798,True
10741481,train,Problem with a purchase shown on your statement,245,245,0,1.0,False
10741508,train,Getting a credit card,535,510,25,0.9532710280373832,True
10741575,train,"Advertising and marketing, including promotional offers",177,177,0,1.0,False
10741605,train,Fees or interest,301,301,0,1.0,False
10741622,train,Problem with a purchase shown on your statement,1476,510,966,0.34552845528455284,True
10741689,train,Problem when making payments,608,510,98,0.8388157894736842,True
10741906,train,Problem with a purchase shown on your statement,273,273,0,1.0,False
10741918,train,Problem with a purchase shown on your statement,43,43,0,1.0,False
10741948,train,Problem with a purchase shown on your statement,815,510,305,0.6257668711656442,True
10741978,train,Fees or interest,129,129,0,1.0,False
10742129,train,Getting a credit card,82,82,0,1.0,False
10742188,train,"Other features, terms, or problems",215,215,0,1.0,False
10742352,train,"Other features, terms, or problems",112,112,0,1.0,False
10742433,train,Closing your account,997,510,487,0.5115346038114343,True
10742583,train,Problem with a company's investigation into an existing problem,23,23,0,1.0,False
10742613,train,Problem with a purchase shown on your statement,217,217,0,1.0,False
10742664,train,Trouble using your card,370,370,0,1.0,False
10742703,train,Problem when making payments,282,282,0,1.0,False
10742735,train,Problem with a purchase shown on your statement,319,319,0,1.0,False
10742738,train,"Advertising and marketing, including promotional offers",137,137,0,1.0,False
10742803,train,Problem with a purchase shown on your statement,107,107,0,1.0,False
10742811,train,Problem with a purchase shown on your statement,298,298,0,1.0,False
10742882,train,Problem with a purchase shown on your statement,302,302,0,1.0,False
10742987,train,"Other features, terms, or problems",266,266,0,1.0,False
10743053,train,Fees or interest,395,395,0,1.0,False
10743070,train,Problem with a purchase shown on your statement,289,289,0,1.0,False
10743230,train,Trouble using your card,284,284,0,1.0,False
10743406,train,Trouble using your card,69,69,0,1.0,False
10743433,train,Fees or interest,50,50,0,1.0,False
10743538,train,"Other features, terms, or problems",285,285,0,1.0,False
10743587,train,Getting a credit card,44,44,0,1.0,False
10743624,train,Problem with a purchase shown on your statement,775,510,265,0.6580645161290323,True
10743676,train,Problem when making payments,564,510,54,0.9042553191489362,True
10743838,train,Problem with a purchase shown on your statement,196,196,0,1.0,False
10743996,train,Problem with a purchase shown on your statement,105,105,0,1.0,False
10744170,train,Getting a credit card,342,342,0,1.0,False
10744323,train,Problem when making payments,303,303,0,1.0,False
10744370,train,Problem with a company's investigation into an existing problem,1132,510,622,0.450530035335689,True
10744426,train,"Other features, terms, or problems",254,254,0,1.0,False
10744797,train,Getting a credit card,111,111,0,1.0,False
10744895,train,"Other features, terms, or problems",318,318,0,1.0,False
10744983,train,Fees or interest,502,502,0,1.0,False
10745002,train,Getting a credit card,148,148,0,1.0,False
10745052,train,Problem with a purchase shown on your statement,133,133,0,1.0,False
10745205,train,Problem when making payments,259,259,0,1.0,False
10745325,train,"Advertising and marketing, including promotional offers",136,136,0,1.0,False
10740837,train,Getting a credit card,18,18,0,1.0,False
10745981,train,Problem with a purchase shown on your statement,576,510,66,0.8854166666666666,True
10747869,train,Fees or interest,59,59,0,1.0,False
10747870,train,Struggling to pay your bill,242,242,0,1.0,False
10747998,train,Fees or interest,130,130,0,1.0,False
10748013,train,Fees or interest,27,27,0,1.0,False
10748165,train,Trouble using your card,58,58,0,1.0,False
10748179,train,Fees or interest,116,116,0,1.0,False
10748210,train,"Other features, terms, or problems",93,93,0,1.0,False
10748264,train,Closing your account,395,395,0,1.0,False
10748388,train,Getting a credit card,887,510,377,0.5749718151071026,True
10748467,train,Problem with a purchase shown on your statement,83,83,0,1.0,False
10748588,train,Fees or interest,199,199,0,1.0,False
10748716,train,Fees or interest,405,405,0,1.0,False
10748755,train,"Other features, terms, or problems",49,49,0,1.0,False
10748760,train,"Other features, terms, or problems",165,165,0,1.0,False
10749040,train,Problem with a purchase shown on your statement,63,63,0,1.0,False
10749270,train,"Advertising and marketing, including promotional offers",181,181,0,1.0,False
10749277,train,"Other features, terms, or problems",259,259,0,1.0,False
10749317,train,Fees or interest,108,108,0,1.0,False
10749342,train,Fees or interest,436,436,0,1.0,False
10749346,train,Closing your account,382,382,0,1.0,False
10749363,train,Problem when making payments,215,215,0,1.0,False
10749445,train,"Advertising and marketing, including promotional offers",107,107,0,1.0,False
10749463,train,"Other features, terms, or problems",152,152,0,1.0,False
10749472,train,"Other features, terms, or problems",121,121,0,1.0,False
10749480,train,Fees or interest,204,204,0,1.0,False
10749496,train,Trouble using your card,12,12,0,1.0,False
10749556,train,Closing your account,188,188,0,1.0,False
10749561,train,"Other features, terms, or problems",294,294,0,1.0,False
10749779,train,Problem with a company's investigation into an existing problem,113,113,0,1.0,False
10749909,train,Fees or interest,119,119,0,1.0,False
10749987,train,Problem with a purchase shown on your statement,121,121,0,1.0,False
10749990,train,"Other features, terms, or problems",174,174,0,1.0,False
10749992,train,Problem with a purchase shown on your statement,319,319,0,1.0,False
10749993,train,Fees or interest,182,182,0,1.0,False
10750063,train,Getting a credit card,18,18,0,1.0,False
10750131,train,Getting a credit card,98,98,0,1.0,False
10750211,train,Problem when making payments,362,362,0,1.0,False
10750271,train,Problem with a purchase shown on your statement,160,160,0,1.0,False
10750370,train,Fees or interest,79,79,0,1.0,False
10745725,train,Problem with a purchase shown on your statement,576,510,66,0.8854166666666666,True
10745886,train,Problem with a purchase shown on your statement,334,334,0,1.0,False
10745920,train,Fees or interest,569,510,59,0.8963093145869947,True
10745965,train,Trouble using your card,360,360,0,1.0,False
10746587,train,"Advertising and marketing, including promotional offers",290,290,0,1.0,False
10746624,train,Problem with a purchase shown on your statement,87,87,0,1.0,False
10746724,train,"Other features, terms, or problems",394,394,0,1.0,False
10746834,train,Problem with a purchase shown on your statement,304,304,0,1.0,False
10746929,train,Problem with a purchase shown on your statement,248,248,0,1.0,False
10747204,train,Fees or interest,13,13,0,1.0,False
10747474,train,"Advertising and marketing, including promotional offers",210,210,0,1.0,False
10747486,train,Fees or interest,219,219,0,1.0,False
10747514,train,Fees or interest,459,459,0,1.0,False
10748105,train,"Other features, terms, or problems",203,203,0,1.0,False
10750874,train,Closing your account,140,140,0,1.0,False
10754563,train,Getting a credit card,71,71,0,1.0,False
10754656,train,Struggling to pay your bill,34,34,0,1.0,False
10754735,train,Problem with a purchase shown on your statement,117,117,0,1.0,False
10754845,train,Problem with a purchase shown on your statement,483,483,0,1.0,False
10755002,train,Incorrect information on your report,240,240,0,1.0,False
10755086,train,Problem with a purchase shown on your statement,106,106,0,1.0,False
10755101,train,"Advertising and marketing, including promotional offers",213,213,0,1.0,False
10755110,train,Struggling to pay your bill,16,16,0,1.0,False
10755205,train,Incorrect information on your report,253,253,0,1.0,False
10755460,train,Problem with a purchase shown on your statement,377,377,0,1.0,False
10755526,train,Problem when making payments,191,191,0,1.0,False
10755534,train,Problem with a purchase shown on your statement,783,510,273,0.6513409961685823,True
10755613,train,Problem with a purchase shown on your statement,211,211,0,1.0,False
10755875,train,Problem with a purchase shown on your statement,236,236,0,1.0,False
10755966,train,Fees or interest,239,239,0,1.0,False
10755990,train,Closing your account,339,339,0,1.0,False
10756470,train,Fees or interest,57,57,0,1.0,False
10756641,train,Getting a credit card,461,461,0,1.0,False
10756779,train,Trouble using your card,168,168,0,1.0,False
10757185,train,Closing your account,22,22,0,1.0,False
10757389,train,Fees or interest,556,510,46,0.9172661870503597,True
10757782,train,Problem when making payments,110,110,0,1.0,False
10758061,train,Fees or interest,189,189,0,1.0,False
10758201,train,"Other features, terms, or problems",256,256,0,1.0,False
10758499,train,Problem with a purchase shown on your statement,327,327,0,1.0,False
10758561,train,Fees or interest,37,37,0,1.0,False
10758801,train,Problem with a purchase shown on your statement,139,139,0,1.0,False
10758919,train,Problem with a purchase shown on your statement,314,314,0,1.0,False
10759047,train,"Other features, terms, or problems",150,150,0,1.0,False
10759052,train,Problem with a purchase shown on your statement,393,393,0,1.0,False
10759054,train,Closing your account,859,510,349,0.5937136204889406,True
10759182,train,"Other features, terms, or problems",127,127,0,1.0,False
10759191,train,Getting a credit card,831,510,321,0.6137184115523465,True
10759359,train,Fees or interest,102,102,0,1.0,False
10759552,train,Problem with a purchase shown on your statement,227,227,0,1.0,False
10759669,train,"Other features, terms, or problems",292,292,0,1.0,False
10759803,train,Trouble using your card,722,510,212,0.7063711911357341,True
10759951,train,Problem with a purchase shown on your statement,261,261,0,1.0,False
10760091,train,Trouble using your card,1230,510,720,0.4146341463414634,True
10760096,train,Fees or interest,53,53,0,1.0,False
10760216,train,Getting a credit card,598,510,88,0.8528428093645485,True
10760593,train,"Other features, terms, or problems",190,190,0,1.0,False
10760761,train,Fees or interest,137,137,0,1.0,False
10760839,train,Problem when making payments,83,83,0,1.0,False
10760859,train,Closing your account,612,510,102,0.8333333333333334,True
10761152,train,"Advertising and marketing, including promotional offers",24,24,0,1.0,False
10761157,train,Problem when making payments,356,356,0,1.0,False
10761472,train,Fees or interest,481,481,0,1.0,False
10761661,train,Fees or interest,197,197,0,1.0,False
10761870,train,Fees or interest,310,310,0,1.0,False
10762140,train,Problem when making payments,70,70,0,1.0,False
10762175,train,Problem with a company's investigation into an existing problem,167,167,0,1.0,False
10762588,train,Getting a credit card,104,104,0,1.0,False
10762915,train,Problem with a purchase shown on your statement,86,86,0,1.0,False
10763139,train,Closing your account,374,374,0,1.0,False
10752551,train,Incorrect information on your report,67,67,0,1.0,False
10752701,train,"Other features, terms, or problems",504,504,0,1.0,False
10752747,train,"Other features, terms, or problems",106,106,0,1.0,False
10753070,train,"Other features, terms, or problems",193,193,0,1.0,False
10753731,train,Problem with a purchase shown on your statement,363,363,0,1.0,False
10753800,train,Trouble using your card,17,17,0,1.0,False
10754529,train,Problem with a purchase shown on your statement,293,293,0,1.0,False
10763475,train,Getting a credit card,39,39,0,1.0,False
10766800,train,"Advertising and marketing, including promotional offers",364,364,0,1.0,False
10766840,train,Problem with a purchase shown on your statement,117,117,0,1.0,False
10766965,train,Problem with a purchase shown on your statement,608,510,98,0.8388157894736842,True
10767254,train,Getting a credit card,28,28,0,1.0,False
10767341,train,"Other features, terms, or problems",279,279,0,1.0,False
10767358,train,Closing your account,151,151,0,1.0,False
10767485,train,Getting a credit card,25,25,0,1.0,False
10767587,train,Problem with a purchase shown on your statement,30,30,0,1.0,False
10767886,train,Problem with a purchase shown on your statement,238,238,0,1.0,False
10767922,train,Getting a credit card,83,83,0,1.0,False
10767987,train,"Advertising and marketing, including promotional offers",284,284,0,1.0,False
10767990,train,Problem with a purchase shown on your statement,394,394,0,1.0,False
10768133,train,Problem with a purchase shown on your statement,454,454,0,1.0,False
10768136,train,Problem with a purchase shown on your statement,288,288,0,1.0,False
10768238,train,Getting a credit card,861,510,351,0.5923344947735192,True
10768278,train,"Other features, terms, or problems",652,510,142,0.7822085889570553,True
10768343,train,Problem with a purchase shown on your statement,181,181,0,1.0,False
10768783,train,Problem with a purchase shown on your statement,243,243,0,1.0,False
10768788,train,Incorrect information on your report,58,58,0,1.0,False
10768808,train,"Other features, terms, or problems",249,249,0,1.0,False
10768829,train,Getting a credit card,243,243,0,1.0,False
10768841,train,Fees or interest,38,38,0,1.0,False
10768928,train,Problem when making payments,92,92,0,1.0,False
10769232,train,Problem with a purchase shown on your statement,491,491,0,1.0,False
10769264,train,Problem with a purchase shown on your statement,226,226,0,1.0,False
10769268,train,Incorrect information on your report,201,201,0,1.0,False
10769419,train,Problem with a purchase shown on your statement,1579,510,1069,0.3229892336922103,True
10769424,train,Trouble using your card,10,10,0,1.0,False
10769443,train,Problem with a purchase shown on your statement,230,230,0,1.0,False
10769448,train,Getting a credit card,195,195,0,1.0,False
10769450,train,Fees or interest,187,187,0,1.0,False
10769461,train,"Other features, terms, or problems",48,48,0,1.0,False
10769477,train,Struggling to pay your bill,403,403,0,1.0,False
10769479,train,Problem with a purchase shown on your statement,406,406,0,1.0,False
10769959,train,Problem with a purchase shown on your statement,390,390,0,1.0,False
10770219,train,Closing your account,304,304,0,1.0,False
10770225,train,Closing your account,152,152,0,1.0,False
10770263,train,Fees or interest,372,372,0,1.0,False
10770267,train,"Advertising and marketing, including promotional offers",206,206,0,1.0,False
10770305,train,Incorrect information on your report,58,58,0,1.0,False
10770340,train,"Other features, terms, or problems",535,510,25,0.9532710280373832,True
10770875,train,Problem with a purchase shown on your statement,756,510,246,0.6746031746031746,True
10770885,train,Getting a credit card,94,94,0,1.0,False
10771037,train,Fees or interest,149,149,0,1.0,False
10771047,train,"Other features, terms, or problems",235,235,0,1.0,False
10771077,train,Problem with a purchase shown on your statement,2204,510,1694,0.23139745916515425,True
10771199,train,Problem with a purchase shown on your statement,415,415,0,1.0,False
10771230,train,Fees or interest,119,119,0,1.0,False
10771351,train,"Other features, terms, or problems",125,125,0,1.0,False
10771406,train,"Advertising and marketing, including promotional offers",475,475,0,1.0,False
10771430,train,Problem with a purchase shown on your statement,370,370,0,1.0,False
10771474,train,Getting a credit card,48,48,0,1.0,False
10771553,train,Getting a credit card,227,227,0,1.0,False
10771847,train,"Other features, terms, or problems",126,126,0,1.0,False
10771893,train,Fees or interest,61,61,0,1.0,False
10772043,train,Problem with a purchase shown on your statement,275,275,0,1.0,False
10772172,train,Getting a credit card,139,139,0,1.0,False
10772489,train,"Other features, terms, or problems",212,212,0,1.0,False
10772526,train,Fees or interest,79,79,0,1.0,False
10772594,train,Fees or interest,228,228,0,1.0,False
10772604,train,Getting a credit card,864,510,354,0.5902777777777778,True
10772645,train,Problem with a purchase shown on your statement,1324,510,814,0.3851963746223565,True
10772872,train,Problem with a purchase shown on your statement,172,172,0,1.0,False
10772882,train,Fees or interest,190,190,0,1.0,False
10773043,train,Closing your account,525,510,15,0.9714285714285714,True
10773319,train,Problem with a purchase shown on your statement,343,343,0,1.0,False
10773365,train,Closing your account,721,510,211,0.7073509015256588,True
10773398,train,"Advertising and marketing, including promotional offers",401,401,0,1.0,False
10774008,train,Getting a credit card,335,335,0,1.0,False
10774058,train,Problem with a purchase shown on your statement,73,73,0,1.0,False
10774191,train,"Other features, terms, or problems",292,292,0,1.0,False
10774479,train,"Other features, terms, or problems",120,120,0,1.0,False
10774553,train,"Other features, terms, or problems",258,258,0,1.0,False
10774561,train,Closing your account,1412,510,902,0.3611898016997167,True
10774703,train,"Advertising and marketing, including promotional offers",282,282,0,1.0,False
10774788,train,Closing your account,487,487,0,1.0,False
10774804,train,Problem with a purchase shown on your statement,307,307,0,1.0,False
10774950,train,Problem with a purchase shown on your statement,199,199,0,1.0,False
10775084,train,"Other features, terms, or problems",118,118,0,1.0,False
10775095,train,Fees or interest,331,331,0,1.0,False
10775105,train,Problem with a purchase shown on your statement,138,138,0,1.0,False
10775272,train,Problem when making payments,173,173,0,1.0,False
10775855,train,Trouble using your card,91,91,0,1.0,False
10776046,train,Getting a credit card,67,67,0,1.0,False
10776234,train,Closing your account,122,122,0,1.0,False
10776636,train,Problem with a purchase shown on your statement,190,190,0,1.0,False
10776657,train,Problem with a purchase shown on your statement,90,90,0,1.0,False
10776675,train,Problem with a purchase shown on your statement,226,226,0,1.0,False
10776803,train,Problem when making payments,489,489,0,1.0,False
10777017,train,Problem with a purchase shown on your statement,269,269,0,1.0,False
10777133,train,Trouble using your card,288,288,0,1.0,False
10777166,train,Problem with a purchase shown on your statement,701,510,191,0.7275320970042796,True
10777433,train,Problem with a purchase shown on your statement,96,96,0,1.0,False
10777562,train,Closing your account,152,152,0,1.0,False
10777687,train,Getting a credit card,177,177,0,1.0,False
10764117,train,Closing your account,92,92,0,1.0,False
10765040,train,Problem with a company's investigation into an existing problem,50,50,0,1.0,False
10765457,train,Incorrect information on your report,18,18,0,1.0,False
10766003,train,"Other features, terms, or problems",3596,510,3086,0.1418242491657397,True
10766130,train,Incorrect information on your report,27,27,0,1.0,False
10766142,train,Fees or interest,193,193,0,1.0,False
10766169,train,Fees or interest,48,48,0,1.0,False
10766267,train,Problem when making payments,573,510,63,0.8900523560209425,True
10766398,train,Getting a credit card,229,229,0,1.0,False
10766399,train,Closing your account,134,134,0,1.0,False
10766422,train,Fees or interest,216,216,0,1.0,False
10766467,train,Problem with a purchase shown on your statement,1377,510,867,0.37037037037037035,True
10766494,train,Problem with a purchase shown on your statement,376,376,0,1.0,False
10766971,train,Problem when making payments,481,481,0,1.0,False
10767106,train,Trouble using your card,293,293,0,1.0,False
10767462,train,Getting a credit card,306,306,0,1.0,False
10768192,train,"Other features, terms, or problems",37,37,0,1.0,False
10778054,train,"Other features, terms, or problems",243,243,0,1.0,False
10779511,train,Problem with a purchase shown on your statement,514,510,4,0.9922178988326849,True
10779607,train,Problem with a purchase shown on your statement,318,318,0,1.0,False
10780052,train,Getting a credit card,188,188,0,1.0,False
10780147,train,Problem with a purchase shown on your statement,388,388,0,1.0,False
10780201,train,Problem when making payments,218,218,0,1.0,False
10780426,train,Fees or interest,228,228,0,1.0,False
10780470,train,Problem with a purchase shown on your statement,227,227,0,1.0,False
10780528,train,Closing your account,43,43,0,1.0,False
10780609,train,Problem with a purchase shown on your statement,366,366,0,1.0,False
10780711,train,Problem with a purchase shown on your statement,117,117,0,1.0,False
10780854,train,Closing your account,404,404,0,1.0,False
10781312,train,Closing your account,252,252,0,1.0,False
10781340,train,Getting a credit card,482,482,0,1.0,False
10781365,train,Closing your account,95,95,0,1.0,False
10781445,train,Problem with a company's investigation into an existing problem,92,92,0,1.0,False
10781485,train,Fees or interest,141,141,0,1.0,False
10782484,train,Problem with a purchase shown on your statement,233,233,0,1.0,False
10782567,train,"Advertising and marketing, including promotional offers",353,353,0,1.0,False
10782798,train,Problem when making payments,106,106,0,1.0,False
10783838,train,Getting a credit card,87,87,0,1.0,False
10783868,train,Problem with a purchase shown on your statement,322,322,0,1.0,False
10783942,train,"Advertising and marketing, including promotional offers",708,510,198,0.7203389830508474,True
10784015,train,Problem with a purchase shown on your statement,384,384,0,1.0,False
10784019,train,Problem when making payments,121,121,0,1.0,False
10784028,train,Closing your account,75,75,0,1.0,False
10784030,train,Getting a credit card,57,57,0,1.0,False
10784090,train,Struggling to pay your bill,329,329,0,1.0,False
10784120,train,Struggling to pay your bill,320,320,0,1.0,False
10784162,train,Problem with a purchase shown on your statement,299,299,0,1.0,False
10785508,train,Problem with a purchase shown on your statement,431,431,0,1.0,False
10785543,train,Getting a credit card,47,47,0,1.0,False
10785552,train,"Other features, terms, or problems",511,510,1,0.9980430528375733,True
10785576,train,Problem with a purchase shown on your statement,101,101,0,1.0,False
10785612,train,Closing your account,248,248,0,1.0,False
10785622,train,Problem when making payments,199,199,0,1.0,False
10785627,train,Fees or interest,117,117,0,1.0,False
10785652,train,Trouble using your card,131,131,0,1.0,False
10785681,train,Fees or interest,296,296,0,1.0,False
10786312,train,Problem with a purchase shown on your statement,241,241,0,1.0,False
10786387,train,"Other features, terms, or problems",154,154,0,1.0,False
10786389,train,Closing your account,231,231,0,1.0,False
10786412,train,Problem with a purchase shown on your statement,247,247,0,1.0,False
10786495,train,Problem with a purchase shown on your statement,63,63,0,1.0,False
10786512,train,Incorrect information on your report,302,302,0,1.0,False
10786618,train,Problem with a purchase shown on your statement,171,171,0,1.0,False
10786684,train,Closing your account,167,167,0,1.0,False
10786828,train,"Other features, terms, or problems",174,174,0,1.0,False
10786907,train,Problem with a purchase shown on your statement,409,409,0,1.0,False
10786952,train,Problem when making payments,178,178,0,1.0,False
10787162,train,"Other features, terms, or problems",45,45,0,1.0,False
10787857,train,Problem with a purchase shown on your statement,330,330,0,1.0,False
10787884,train,Fees or interest,302,302,0,1.0,False
10787970,train,Getting a credit card,99,99,0,1.0,False
10788056,train,"Other features, terms, or problems",452,452,0,1.0,False
10788258,train,Fees or interest,193,193,0,1.0,False
10788368,train,"Advertising and marketing, including promotional offers",182,182,0,1.0,False
10788938,train,Problem with a purchase shown on your statement,110,110,0,1.0,False
10788994,train,Problem when making payments,229,229,0,1.0,False
10789045,train,"Other features, terms, or problems",276,276,0,1.0,False
10789064,train,Closing your account,159,159,0,1.0,False
10789122,train,"Advertising and marketing, including promotional offers",309,309,0,1.0,False
10789173,train,Getting a credit card,273,273,0,1.0,False
10789184,train,Problem with a purchase shown on your statement,220,220,0,1.0,False
10789603,train,Problem with a purchase shown on your statement,409,409,0,1.0,False
10789730,train,Getting a credit card,393,393,0,1.0,False
10789855,train,Problem with a purchase shown on your statement,24,24,0,1.0,False
10789856,train,Fees or interest,223,223,0,1.0,False
10789882,train,Getting a credit card,122,122,0,1.0,False
10789888,train,Trouble using your card,118,118,0,1.0,False
10790062,train,Closing your account,79,79,0,1.0,False
10790075,train,Problem when making payments,273,273,0,1.0,False
10790391,train,Problem when making payments,155,155,0,1.0,False
10790523,train,Getting a credit card,242,242,0,1.0,False
10790642,train,Getting a credit card,28,28,0,1.0,False
10790671,train,Fees or interest,74,74,0,1.0,False
10791113,train,"Other features, terms, or problems",36,36,0,1.0,False
10791327,train,"Other features, terms, or problems",207,207,0,1.0,False
10791661,train,"Other features, terms, or problems",83,83,0,1.0,False
10791671,train,Fees or interest,29,29,0,1.0,False
10791820,train,Getting a credit card,51,51,0,1.0,False
10792483,train,Problem when making payments,622,510,112,0.819935691318328,True
10800485,train,Trouble using your card,509,509,0,1.0,False
10818906,train,Problem with a purchase shown on your statement,251,251,0,1.0,False
10778680,train,Incorrect information on your report,109,109,0,1.0,False
10778867,train,Closing your account,579,510,69,0.8808290155440415,True
10778901,train,Incorrect information on your report,290,290,0,1.0,False
10778997,train,"Other features, terms, or problems",69,69,0,1.0,False
10779008,train,"Other features, terms, or problems",812,510,302,0.6280788177339901,True
10779044,train,Incorrect information on your report,131,131,0,1.0,False
10779047,train,Getting a credit card,310,310,0,1.0,False
10779066,train,Problem when making payments,126,126,0,1.0,False
10779239,train,Fees or interest,177,177,0,1.0,False
10779491,train,Closing your account,385,385,0,1.0,False
10779537,train,Problem with a purchase shown on your statement,844,510,334,0.6042654028436019,True
10779549,train,Closing your account,28,28,0,1.0,False
10779605,train,Getting a credit card,51,51,0,1.0,False
10779753,train,Getting a credit card,938,510,428,0.5437100213219617,True
10779821,train,Problem with a purchase shown on your statement,126,126,0,1.0,False
10780020,train,Getting a credit card,73,73,0,1.0,False
10780023,train,Problem when making payments,95,95,0,1.0,False
10780051,train,Fees or interest,122,122,0,1.0,False
10780222,train,"Advertising and marketing, including promotional offers",600,510,90,0.85,True
10780420,train,Problem with a purchase shown on your statement,442,442,0,1.0,False
10780831,train,Trouble using your card,73,73,0,1.0,False
10781779,train,Closing your account,100,100,0,1.0,False
10781862,train,"Other features, terms, or problems",684,510,174,0.7456140350877193,True
10793049,train,Closing your account,124,124,0,1.0,False
10794154,train,Problem when making payments,19,19,0,1.0,False
10794187,train,"Advertising and marketing, including promotional offers",10,10,0,1.0,False
10794388,train,Incorrect information on your report,143,143,0,1.0,False
10794400,train,Closing your account,190,190,0,1.0,False
10794429,train,Getting a credit card,274,274,0,1.0,False
10794454,train,Trouble using your card,392,392,0,1.0,False
10794479,train,"Advertising and marketing, including promotional offers",113,113,0,1.0,False
10794888,train,Closing your account,262,262,0,1.0,False
10795198,train,Problem with a purchase shown on your statement,339,339,0,1.0,False
10795210,train,Fees or interest,357,357,0,1.0,False
10795253,train,Fees or interest,115,115,0,1.0,False
10795556,train,Problem when making payments,519,510,9,0.9826589595375722,True
10795573,train,Problem with a purchase shown on your statement,186,186,0,1.0,False
10795714,train,Getting a credit card,149,149,0,1.0,False
10795727,train,Closing your account,424,424,0,1.0,False
10795923,train,"Other features, terms, or problems",234,234,0,1.0,False
10796493,train,Closing your account,144,144,0,1.0,False
10796768,train,Problem with a purchase shown on your statement,561,510,51,0.9090909090909091,True
10796884,train,Problem with a purchase shown on your statement,225,225,0,1.0,False
10797034,train,Closing your account,1177,510,667,0.4333050127442651,True
10797271,train,Problem with a purchase shown on your statement,119,119,0,1.0,False
10797679,train,Problem with a purchase shown on your statement,154,154,0,1.0,False
10797744,train,Getting a credit card,123,123,0,1.0,False
10797776,train,Problem with a company's investigation into an existing problem,130,130,0,1.0,False
10797893,train,Trouble using your card,125,125,0,1.0,False
10797905,train,Fees or interest,90,90,0,1.0,False
10798075,train,Fees or interest,67,67,0,1.0,False
10798660,train,Incorrect information on your report,286,286,0,1.0,False
10798664,train,Problem with a company's investigation into an existing problem,47,47,0,1.0,False
10798786,train,Fees or interest,237,237,0,1.0,False
10799491,train,"Other features, terms, or problems",284,284,0,1.0,False
10800236,train,Fees or interest,432,432,0,1.0,False
10800244,train,"Other features, terms, or problems",227,227,0,1.0,False
10800359,train,Problem with a purchase shown on your statement,121,121,0,1.0,False
10800360,train,Struggling to pay your bill,457,457,0,1.0,False
10800405,train,Problem with a purchase shown on your statement,197,197,0,1.0,False
10800591,train,Problem with a purchase shown on your statement,202,202,0,1.0,False
10801269,train,"Other features, terms, or problems",111,111,0,1.0,False
10801331,train,Fees or interest,243,243,0,1.0,False
10801387,train,Fees or interest,246,246,0,1.0,False
10801715,train,Trouble using your card,37,37,0,1.0,False
10801862,train,Getting a credit card,639,510,129,0.7981220657276995,True
10801866,train,Getting a credit card,337,337,0,1.0,False
10801920,train,Getting a credit card,253,253,0,1.0,False
10801985,train,Fees or interest,275,275,0,1.0,False
10802001,train,Getting a credit card,222,222,0,1.0,False
10802027,train,"Other features, terms, or problems",280,280,0,1.0,False
10802093,train,"Other features, terms, or problems",289,289,0,1.0,False
10802290,train,Problem when making payments,41,41,0,1.0,False
10802358,train,Problem with a purchase shown on your statement,144,144,0,1.0,False
10802472,train,Problem with a purchase shown on your statement,753,510,243,0.6772908366533864,True
10803047,train,Problem with a purchase shown on your statement,73,73,0,1.0,False
10803233,train,Problem with a purchase shown on your statement,178,178,0,1.0,False
10803380,train,Trouble using your card,223,223,0,1.0,False
10803579,train,"Other features, terms, or problems",23,23,0,1.0,False
10803827,train,Closing your account,58,58,0,1.0,False
10804109,train,Problem with a purchase shown on your statement,133,133,0,1.0,False
10804163,train,Problem with a purchase shown on your statement,694,510,184,0.7348703170028819,True
10804348,train,Fees or interest,182,182,0,1.0,False
10805957,train,Closing your account,283,283,0,1.0,False
10818910,train,Fees or interest,124,124,0,1.0,False
10792651,train,Problem when making payments,186,186,0,1.0,False
10792667,train,Closing your account,55,55,0,1.0,False
10792712,train,Problem when making payments,153,153,0,1.0,False
10792938,train,Closing your account,526,510,16,0.9695817490494296,True
10792951,train,Incorrect information on your report,121,121,0,1.0,False
10793167,train,Incorrect information on your report,42,42,0,1.0,False
10793647,train,"Advertising and marketing, including promotional offers",248,248,0,1.0,False
10793663,train,Problem with a purchase shown on your statement,232,232,0,1.0,False
10793734,train,Closing your account,242,242,0,1.0,False
10793855,train,Problem with a purchase shown on your statement,339,339,0,1.0,False
10795024,train,Problem when making payments,125,125,0,1.0,False
10804414,train,Getting a credit card,126,126,0,1.0,False
10804602,train,"Other features, terms, or problems",1316,510,806,0.38753799392097266,True
10804667,train,Getting a credit card,570,510,60,0.8947368421052632,True
10804692,train,"Advertising and marketing, including promotional offers",216,216,0,1.0,False
10804699,train,Getting a credit card,36,36,0,1.0,False
10804862,train,Struggling to pay your bill,65,65,0,1.0,False
10804979,train,Getting a credit card,1291,510,781,0.39504260263361735,True
10805004,train,Problem with a purchase shown on your statement,127,127,0,1.0,False
10805724,train,"Other features, terms, or problems",99,99,0,1.0,False
10805733,train,Closing your account,719,510,209,0.7093184979137691,True
10806024,train,Closing your account,132,132,0,1.0,False
10806069,train,"Other features, terms, or problems",696,510,186,0.7327586206896551,True
10806614,train,Fees or interest,330,330,0,1.0,False
10806719,train,Fees or interest,547,510,37,0.9323583180987203,True
10806761,train,Fees or interest,310,310,0,1.0,False
10806773,train,Problem with a purchase shown on your statement,385,385,0,1.0,False
10807558,train,"Other features, terms, or problems",371,371,0,1.0,False
10808125,train,Problem with a purchase shown on your statement,100,100,0,1.0,False
10808466,train,"Advertising and marketing, including promotional offers",553,510,43,0.9222423146473779,True
10808482,train,Problem with a purchase shown on your statement,351,351,0,1.0,False
10808743,train,Problem when making payments,636,510,126,0.8018867924528302,True
10808862,train,Problem with a purchase shown on your statement,331,331,0,1.0,False
10809276,train,Problem when making payments,244,244,0,1.0,False
10809360,train,Problem with a purchase shown on your statement,551,510,41,0.925589836660617,True
10809371,train,Problem when making payments,303,303,0,1.0,False
10809513,train,"Advertising and marketing, including promotional offers",208,208,0,1.0,False
10809670,train,Problem when making payments,112,112,0,1.0,False
10809762,train,Getting a credit card,34,34,0,1.0,False
10810115,train,"Advertising and marketing, including promotional offers",652,510,142,0.7822085889570553,True
10810285,train,Problem with a purchase shown on your statement,267,267,0,1.0,False
10810286,train,"Other features, terms, or problems",370,370,0,1.0,False
10810520,train,Closing your account,641,510,131,0.7956318252730109,True
10810559,train,Getting a credit card,261,261,0,1.0,False
10810574,train,Getting a credit card,493,493,0,1.0,False
10810578,train,Problem when making payments,322,322,0,1.0,False
10810582,train,Closing your account,42,42,0,1.0,False
10810746,train,Problem with a purchase shown on your statement,229,229,0,1.0,False
10810752,train,Problem with a company's investigation into an existing problem,334,334,0,1.0,False
10810758,train,"Other features, terms, or problems",209,209,0,1.0,False
10810781,train,Problem with a purchase shown on your statement,202,202,0,1.0,False
10810866,train,Getting a credit card,61,61,0,1.0,False
10810972,train,Problem with a purchase shown on your statement,289,289,0,1.0,False
10810985,train,Problem with a purchase shown on your statement,746,510,236,0.6836461126005362,True
10811106,train,Closing your account,438,438,0,1.0,False
10811114,train,"Other features, terms, or problems",115,115,0,1.0,False
10811430,train,"Other features, terms, or problems",150,150,0,1.0,False
10811459,train,"Other features, terms, or problems",57,57,0,1.0,False
10811478,train,Closing your account,305,305,0,1.0,False
10811484,train,Fees or interest,368,368,0,1.0,False
10811494,train,Fees or interest,178,178,0,1.0,False
10811967,train,Closing your account,566,510,56,0.901060070671378,True
10812018,train,Problem with a purchase shown on your statement,385,385,0,1.0,False
10812357,train,Problem with a purchase shown on your statement,2290,510,1780,0.22270742358078602,True
10812610,train,Problem with a purchase shown on your statement,370,370,0,1.0,False
10812838,train,Closing your account,300,300,0,1.0,False
10812906,train,"Other features, terms, or problems",388,388,0,1.0,False
10812908,train,Problem when making payments,93,93,0,1.0,False
10812939,train,Problem when making payments,156,156,0,1.0,False
10813082,train,Getting a credit card,144,144,0,1.0,False
10813265,train,Problem with a purchase shown on your statement,352,352,0,1.0,False
10813332,train,Problem with a purchase shown on your statement,54,54,0,1.0,False
10814069,train,Getting a credit card,220,220,0,1.0,False
10814120,train,Problem with a purchase shown on your statement,286,286,0,1.0,False
10814189,train,Problem when making payments,900,510,390,0.5666666666666667,True
10814205,train,"Other features, terms, or problems",792,510,282,0.6439393939393939,True
10814207,train,Fees or interest,690,510,180,0.7391304347826086,True
10814241,train,"Other features, terms, or problems",196,196,0,1.0,False
10814266,train,Problem with a purchase shown on your statement,286,286,0,1.0,False
10814352,train,Closing your account,87,87,0,1.0,False
10814540,train,"Other features, terms, or problems",82,82,0,1.0,False
10814694,train,Problem with a purchase shown on your statement,916,510,406,0.5567685589519651,True
10814953,train,Closing your account,154,154,0,1.0,False
10815175,train,Closing your account,145,145,0,1.0,False
10815397,train,"Advertising and marketing, including promotional offers",277,277,0,1.0,False
10815494,train,Fees or interest,141,141,0,1.0,False
10815551,train,"Other features, terms, or problems",204,204,0,1.0,False
10815656,train,"Advertising and marketing, including promotional offers",175,175,0,1.0,False
10815699,train,Problem with a purchase shown on your statement,282,282,0,1.0,False
10815746,train,Trouble using your card,80,80,0,1.0,False
10815769,train,Problem with a purchase shown on your statement,80,80,0,1.0,False
10815964,train,"Other features, terms, or problems",283,283,0,1.0,False
10815991,train,Problem when making payments,1573,510,1063,0.3242212333121424,True
10816531,train,Problem with a purchase shown on your statement,963,510,453,0.5295950155763239,True
10816849,train,Problem with a company's investigation into an existing problem,56,56,0,1.0,False
10816975,train,"Other features, terms, or problems",391,391,0,1.0,False
10816992,train,Fees or interest,12,12,0,1.0,False
10817080,train,"Other features, terms, or problems",537,510,27,0.9497206703910615,True
10817098,train,Closing your account,67,67,0,1.0,False
10817186,train,Problem with a company's investigation into an existing problem,317,317,0,1.0,False
10817388,train,Struggling to pay your bill,114,114,0,1.0,False
10817409,train,Problem with a purchase shown on your statement,320,320,0,1.0,False
10817413,train,Fees or interest,133,133,0,1.0,False
10817439,train,Incorrect information on your report,151,151,0,1.0,False
10817491,train,Problem with a purchase shown on your statement,192,192,0,1.0,False
10817576,train,Problem with a purchase shown on your statement,293,293,0,1.0,False
10817626,train,Fees or interest,60,60,0,1.0,False
10818018,train,Problem with a purchase shown on your statement,191,191,0,1.0,False
10818027,train,Problem with a purchase shown on your statement,479,479,0,1.0,False
10818496,train,Closing your account,33,33,0,1.0,False
10818647,train,Closing your account,308,308,0,1.0,False
10806973,train,Problem with a purchase shown on your statement,243,243,0,1.0,False
10807010,train,Closing your account,86,86,0,1.0,False
10807017,train,"Other features, terms, or problems",874,510,364,0.5835240274599542,True
10807442,train,Trouble using your card,201,201,0,1.0,False
10807653,train,"Other features, terms, or problems",141,141,0,1.0,False
10808031,train,"Other features, terms, or problems",284,284,0,1.0,False
10808104,train,Problem when making payments,38,38,0,1.0,False
10808470,train,Getting a credit card,115,115,0,1.0,False
10809144,train,Problem with a purchase shown on your statement,421,421,0,1.0,False
10819801,train,Problem with a purchase shown on your statement,295,295,0,1.0,False
10819963,train,Getting a credit card,53,53,0,1.0,False
10819965,train,Closing your account,1005,510,495,0.5074626865671642,True
10820027,train,Getting a credit card,26,26,0,1.0,False
10820243,train,Fees or interest,414,414,0,1.0,False
10820244,train,Getting a credit card,270,270,0,1.0,False
10820247,train,Trouble using your card,581,510,71,0.8777969018932874,True
10820410,train,Problem with a purchase shown on your statement,90,90,0,1.0,False
10820417,train,Problem when making payments,186,186,0,1.0,False
10820422,train,Getting a credit card,170,170,0,1.0,False
10820435,train,Fees or interest,340,340,0,1.0,False
10820727,train,"Other features, terms, or problems",250,250,0,1.0,False
10820750,train,Problem with a purchase shown on your statement,354,354,0,1.0,False
10820756,train,Getting a credit card,81,81,0,1.0,False
10820869,train,Problem with a purchase shown on your statement,136,136,0,1.0,False
10820956,train,Problem with a purchase shown on your statement,412,412,0,1.0,False
10820961,train,Problem with a purchase shown on your statement,41,41,0,1.0,False
10821044,train,"Other features, terms, or problems",184,184,0,1.0,False
10821097,train,"Advertising and marketing, including promotional offers",159,159,0,1.0,False
10821112,train,Problem with a purchase shown on your statement,165,165,0,1.0,False
10821238,train,Getting a credit card,23,23,0,1.0,False
10821333,train,Getting a credit card,115,115,0,1.0,False
10821351,train,Closing your account,246,246,0,1.0,False
10821593,train,Getting a credit card,49,49,0,1.0,False
10821594,train,"Other features, terms, or problems",89,89,0,1.0,False
10821599,train,Closing your account,253,253,0,1.0,False
10821709,train,Getting a credit card,287,287,0,1.0,False
10821877,train,Fees or interest,171,171,0,1.0,False
10821895,train,Fees or interest,177,177,0,1.0,False
10821959,train,"Advertising and marketing, including promotional offers",150,150,0,1.0,False
10821974,train,Problem when making payments,838,510,328,0.6085918854415274,True
10823344,train,Problem with a purchase shown on your statement,472,472,0,1.0,False
10823757,train,Trouble using your card,148,148,0,1.0,False
10824287,train,"Other features, terms, or problems",346,346,0,1.0,False
10824352,train,Problem when making payments,869,510,359,0.5868814729574223,True
10824519,train,Fees or interest,405,405,0,1.0,False
10824602,train,Problem when making payments,324,324,0,1.0,False
10824938,train,"Other features, terms, or problems",50,50,0,1.0,False
10824952,train,"Other features, terms, or problems",54,54,0,1.0,False
10825006,train,Problem with a purchase shown on your statement,62,62,0,1.0,False
10825268,train,Problem with a purchase shown on your statement,135,135,0,1.0,False
10825292,train,Closing your account,223,223,0,1.0,False
10825459,train,Trouble using your card,94,94,0,1.0,False
10825462,train,Problem with a purchase shown on your statement,263,263,0,1.0,False
10825679,train,Problem with a purchase shown on your statement,218,218,0,1.0,False
10825711,train,Fees or interest,115,115,0,1.0,False
10825727,train,Closing your account,171,171,0,1.0,False
10825834,train,Problem with a purchase shown on your statement,180,180,0,1.0,False
10825932,train,"Other features, terms, or problems",175,175,0,1.0,False
10825952,train,Problem when making payments,77,77,0,1.0,False
10826087,train,"Other features, terms, or problems",141,141,0,1.0,False
10826096,train,Problem when making payments,93,93,0,1.0,False
10826101,train,Problem with a purchase shown on your statement,292,292,0,1.0,False
10826124,train,"Other features, terms, or problems",310,310,0,1.0,False
10826139,train,"Other features, terms, or problems",202,202,0,1.0,False
10823510,train,Trouble using your card,105,105,0,1.0,False
10823560,train,Problem with a purchase shown on your statement,41,41,0,1.0,False
10823600,train,Getting a credit card,212,212,0,1.0,False
10823625,train,Problem when making payments,296,296,0,1.0,False
10823653,train,Getting a credit card,94,94,0,1.0,False
10824002,train,Incorrect information on your report,29,29,0,1.0,False
10824041,train,Problem with a purchase shown on your statement,333,333,0,1.0,False
10824117,train,Getting a credit card,117,117,0,1.0,False
10824180,train,Problem with a purchase shown on your statement,190,190,0,1.0,False
10824307,train,Getting a credit card,111,111,0,1.0,False
10824396,train,Incorrect information on your report,219,219,0,1.0,False
10824469,train,"Other features, terms, or problems",145,145,0,1.0,False
10826503,train,Problem when making payments,139,139,0,1.0,False
10826754,train,Getting a credit card,240,240,0,1.0,False
10826808,train,Problem with a purchase shown on your statement,223,223,0,1.0,False
10826878,train,Problem with a purchase shown on your statement,152,152,0,1.0,False
10826897,train,Getting a credit card,117,117,0,1.0,False
10826925,train,Problem with a purchase shown on your statement,179,179,0,1.0,False
10826936,train,Incorrect information on your report,80,80,0,1.0,False
10826987,train,Getting a credit card,200,200,0,1.0,False
10827024,train,Trouble using your card,311,311,0,1.0,False
10827107,train,Incorrect information on your report,38,38,0,1.0,False
10827173,train,Problem with a purchase shown on your statement,179,179,0,1.0,False
10827244,train,Problem with a purchase shown on your statement,531,510,21,0.96045197740113,True
10827850,train,Getting a credit card,12,12,0,1.0,False
10827882,train,"Other features, terms, or problems",218,218,0,1.0,False
10828014,train,Problem with a purchase shown on your statement,172,172,0,1.0,False
10828020,train,Getting a credit card,121,121,0,1.0,False
10828092,train,Problem with a purchase shown on your statement,229,229,0,1.0,False
10828126,train,Fees or interest,492,492,0,1.0,False
10828363,train,Problem with a purchase shown on your statement,1258,510,748,0.40540540540540543,True
10828415,train,Problem with a purchase shown on your statement,236,236,0,1.0,False
10828602,train,Problem with a purchase shown on your statement,225,225,0,1.0,False
10828698,train,Problem with a purchase shown on your statement,469,469,0,1.0,False
10828716,train,"Other features, terms, or problems",402,402,0,1.0,False
10828769,train,Getting a credit card,100,100,0,1.0,False
10828778,train,Problem with a purchase shown on your statement,112,112,0,1.0,False
10828783,train,Fees or interest,644,510,134,0.7919254658385093,True
10829067,train,Getting a credit card,236,236,0,1.0,False
10829069,train,Problem with a company's investigation into an existing problem,169,169,0,1.0,False
10829100,train,Problem with a purchase shown on your statement,106,106,0,1.0,False
10829488,train,Problem with a purchase shown on your statement,197,197,0,1.0,False
10829819,train,Fees or interest,202,202,0,1.0,False
10830507,train,Problem with a company's investigation into an existing problem,686,510,176,0.7434402332361516,True
10832197,train,Problem with a purchase shown on your statement,464,464,0,1.0,False
10832279,train,Fees or interest,44,44,0,1.0,False
10832406,train,Problem with a purchase shown on your statement,260,260,0,1.0,False
10832440,train,Problem with a company's investigation into an existing problem,41,41,0,1.0,False
10832471,train,Fees or interest,418,418,0,1.0,False
10832736,train,"Other features, terms, or problems",121,121,0,1.0,False
10832833,train,Incorrect information on your report,52,52,0,1.0,False
10833101,train,Getting a credit card,19,19,0,1.0,False
10833231,train,Problem when making payments,188,188,0,1.0,False
10833250,train,Problem with a purchase shown on your statement,599,510,89,0.8514190317195326,True
10833426,train,Problem when making payments,191,191,0,1.0,False
10849319,train,Incorrect information on your report,41,41,0,1.0,False
10859658,train,Problem with a purchase shown on your statement,208,208,0,1.0,False
10826594,train,Closing your account,152,152,0,1.0,False
10827091,train,Problem when making payments,25,25,0,1.0,False
10827500,train,Problem with a purchase shown on your statement,122,122,0,1.0,False
10827779,train,Trouble using your card,187,187,0,1.0,False
10827783,train,"Other features, terms, or problems",166,166,0,1.0,False
10827798,train,Problem when making payments,2043,510,1533,0.24963289280469897,True
10829112,train,Problem with a purchase shown on your statement,1592,510,1082,0.3203517587939699,True
10829149,train,Problem with a company's investigation into an existing problem,486,486,0,1.0,False
10829168,train,Closing your account,368,368,0,1.0,False
10829201,train,Fees or interest,148,148,0,1.0,False
10829317,train,Closing your account,190,190,0,1.0,False
10830169,train,Getting a credit card,14,14,0,1.0,False
10830283,train,Getting a credit card,12,12,0,1.0,False
10830395,train,Problem with a company's investigation into an existing problem,484,484,0,1.0,False
10830725,train,"Other features, terms, or problems",35,35,0,1.0,False
10830823,train,Problem with a company's investigation into an existing problem,521,510,11,0.9788867562380038,True
10831031,train,Fees or interest,161,161,0,1.0,False
10831806,train,Problem with a purchase shown on your statement,187,187,0,1.0,False
10833495,train,"Other features, terms, or problems",445,445,0,1.0,False
10833741,train,"Other features, terms, or problems",122,122,0,1.0,False
10833801,train,Problem when making payments,228,228,0,1.0,False
10834071,train,Problem with a purchase shown on your statement,67,67,0,1.0,False
10834348,train,Closing your account,339,339,0,1.0,False
10834575,train,Problem with a purchase shown on your statement,370,370,0,1.0,False
10834578,train,Fees or interest,126,126,0,1.0,False
10834837,train,Problem with a company's investigation into an existing problem,269,269,0,1.0,False
10848888,train,"Other features, terms, or problems",52,52,0,1.0,False
10854286,train,Struggling to pay your bill,183,183,0,1.0,False
10854454,train,Incorrect information on your report,161,161,0,1.0,False
10856951,train,Closing your account,129,129,0,1.0,False
10856985,train,Closing your account,105,105,0,1.0,False
10869848,train,Problem with a purchase shown on your statement,278,278,0,1.0,False
10870479,train,Getting a credit card,82,82,0,1.0,False
10870480,train,Struggling to pay your bill,96,96,0,1.0,False
10870488,train,Fees or interest,68,68,0,1.0,False
10870538,train,"Other features, terms, or problems",228,228,0,1.0,False
10870644,train,Trouble using your card,418,418,0,1.0,False
10870729,train,Problem with a purchase shown on your statement,627,510,117,0.8133971291866029,True
10870736,train,Closing your account,183,183,0,1.0,False
10870817,train,Getting a credit card,28,28,0,1.0,False
10870880,train,"Other features, terms, or problems",665,510,155,0.7669172932330827,True
10870942,train,Problem with a company's investigation into an existing problem,250,250,0,1.0,False
10870994,train,Fees or interest,244,244,0,1.0,False
10871018,train,Fees or interest,200,200,0,1.0,False
10871079,train,Trouble using your card,610,510,100,0.8360655737704918,True
10871100,train,Problem with a purchase shown on your statement,256,256,0,1.0,False
10871264,train,Problem when making payments,223,223,0,1.0,False
10871312,train,Struggling to pay your bill,152,152,0,1.0,False
10871321,train,Problem when making payments,273,273,0,1.0,False
10871331,train,Fees or interest,166,166,0,1.0,False
10871332,train,Struggling to pay your bill,129,129,0,1.0,False
10871376,train,Problem when making payments,321,321,0,1.0,False
10871411,train,Fees or interest,44,44,0,1.0,False
10872134,train,Problem with a purchase shown on your statement,485,485,0,1.0,False
10872152,train,"Other features, terms, or problems",157,157,0,1.0,False
10872232,train,Problem with a purchase shown on your statement,389,389,0,1.0,False
10872344,train,Closing your account,188,188,0,1.0,False
10872394,train,Getting a credit card,321,321,0,1.0,False
10872398,train,"Advertising and marketing, including promotional offers",337,337,0,1.0,False
10872410,train,Fees or interest,254,254,0,1.0,False
10872468,train,Problem with a purchase shown on your statement,232,232,0,1.0,False
10872492,train,"Other features, terms, or problems",92,92,0,1.0,False
10872569,train,Fees or interest,653,510,143,0.781010719754977,True
10872620,train,Problem with a company's investigation into an existing problem,89,89,0,1.0,False
10872698,train,Problem with a purchase shown on your statement,152,152,0,1.0,False
10872816,train,Trouble using your card,356,356,0,1.0,False
10873066,train,"Advertising and marketing, including promotional offers",1437,510,927,0.35490605427974947,True
10873337,train,Getting a credit card,44,44,0,1.0,False
10873386,train,"Other features, terms, or problems",124,124,0,1.0,False
10873436,train,Closing your account,176,176,0,1.0,False
10873504,train,Getting a credit card,112,112,0,1.0,False
10873559,train,"Other features, terms, or problems",310,310,0,1.0,False
10873773,train,Fees or interest,147,147,0,1.0,False
10873983,train,Problem with a purchase shown on your statement,341,341,0,1.0,False
10874243,train,Getting a credit card,291,291,0,1.0,False
10874252,train,Getting a credit card,96,96,0,1.0,False
10874403,train,"Advertising and marketing, including promotional offers",285,285,0,1.0,False
10874645,train,Fees or interest,429,429,0,1.0,False
10875859,train,Fees or interest,238,238,0,1.0,False
10875890,train,Getting a credit card,159,159,0,1.0,False
10875928,train,"Advertising and marketing, including promotional offers",244,244,0,1.0,False
10875934,train,Problem with a purchase shown on your statement,266,266,0,1.0,False
10875935,train,Problem with a purchase shown on your statement,193,193,0,1.0,False
10875945,train,Fees or interest,141,141,0,1.0,False
10875951,train,Problem with a purchase shown on your statement,646,510,136,0.7894736842105263,True
10877226,train,Problem with a purchase shown on your statement,635,510,125,0.8031496062992126,True
10879438,train,Problem with a purchase shown on your statement,185,185,0,1.0,False
10879442,train,Problem with a company's investigation into an existing problem,455,455,0,1.0,False
10835934,train,"Other features, terms, or problems",237,237,0,1.0,False
10836006,train,"Other features, terms, or problems",70,70,0,1.0,False
10836016,train,Fees or interest,232,232,0,1.0,False
10836068,train,Problem with a purchase shown on your statement,271,271,0,1.0,False
10836128,train,Closing your account,225,225,0,1.0,False
10836259,train,Trouble using your card,40,40,0,1.0,False
10836290,train,Fees or interest,122,122,0,1.0,False
10836649,train,Problem with a purchase shown on your statement,193,193,0,1.0,False
10836800,train,Problem with a purchase shown on your statement,970,510,460,0.5257731958762887,True
10836812,train,Getting a credit card,151,151,0,1.0,False
10836994,train,Fees or interest,414,414,0,1.0,False
10837036,train,"Other features, terms, or problems",551,510,41,0.925589836660617,True
10837256,train,"Other features, terms, or problems",153,153,0,1.0,False
10837405,train,Closing your account,232,232,0,1.0,False
10837765,train,Getting a credit card,11,11,0,1.0,False
10837827,train,"Advertising and marketing, including promotional offers",222,222,0,1.0,False
10837828,train,Closing your account,855,510,345,0.5964912280701754,True
10837841,train,Problem with a purchase shown on your statement,136,136,0,1.0,False
10837888,train,Getting a credit card,416,416,0,1.0,False
10837916,train,Problem when making payments,63,63,0,1.0,False
10838007,train,Getting a credit card,78,78,0,1.0,False
10838056,train,Getting a credit card,118,118,0,1.0,False
10838124,train,Problem with a purchase shown on your statement,87,87,0,1.0,False
10838125,train,Problem with a purchase shown on your statement,209,209,0,1.0,False
10838161,train,Closing your account,363,363,0,1.0,False
10838356,train,Problem with a purchase shown on your statement,153,153,0,1.0,False
10838412,train,Problem with a purchase shown on your statement,595,510,85,0.8571428571428571,True
10838414,train,Fees or interest,213,213,0,1.0,False
10838619,train,Problem with a purchase shown on your statement,57,57,0,1.0,False
10838747,train,Problem with a purchase shown on your statement,365,365,0,1.0,False
10838808,train,Fees or interest,127,127,0,1.0,False
10838920,train,"Advertising and marketing, including promotional offers",243,243,0,1.0,False
10838940,train,Problem with a purchase shown on your statement,568,510,58,0.897887323943662,True
10838961,train,Problem with a purchase shown on your statement,448,448,0,1.0,False
10839027,train,Closing your account,636,510,126,0.8018867924528302,True
10839155,train,"Advertising and marketing, including promotional offers",251,251,0,1.0,False
10839385,train,Problem with a purchase shown on your statement,205,205,0,1.0,False
10840355,train,Trouble using your card,491,491,0,1.0,False
10840629,train,"Other features, terms, or problems",47,47,0,1.0,False
10842188,train,Fees or interest,207,207,0,1.0,False
10842443,train,"Other features, terms, or problems",135,135,0,1.0,False
10842877,train,"Other features, terms, or problems",219,219,0,1.0,False
10844404,train,Fees or interest,818,510,308,0.6234718826405868,True
10844561,train,"Other features, terms, or problems",230,230,0,1.0,False
10846225,train,Struggling to pay your bill,131,131,0,1.0,False
10846397,train,Fees or interest,173,173,0,1.0,False
10846810,train,Closing your account,706,510,196,0.7223796033994334,True
10847038,train,Trouble using your card,314,314,0,1.0,False
10847154,train,Closing your account,200,200,0,1.0,False
10847229,train,Fees or interest,194,194,0,1.0,False
10847552,train,Incorrect information on your report,393,393,0,1.0,False
10847604,train,Trouble using your card,526,510,16,0.9695817490494296,True
10847649,train,Fees or interest,17,17,0,1.0,False
10848025,train,"Other features, terms, or problems",498,498,0,1.0,False
10848050,train,Problem with a purchase shown on your statement,563,510,53,0.9058614564831261,True
10848187,train,Fees or interest,272,272,0,1.0,False
10848829,train,Problem with a purchase shown on your statement,119,119,0,1.0,False
10848866,train,Problem with a purchase shown on your statement,534,510,24,0.9550561797752809,True
10848872,train,Problem with a purchase shown on your statement,419,419,0,1.0,False
10849059,train,Fees or interest,30,30,0,1.0,False
10849091,train,Fees or interest,368,368,0,1.0,False
10849243,train,Problem with a purchase shown on your statement,519,510,9,0.9826589595375722,True
10849506,train,Problem with a purchase shown on your statement,200,200,0,1.0,False
10854042,train,Problem when making payments,199,199,0,1.0,False
10854282,train,Fees or interest,48,48,0,1.0,False
10854419,train,Problem with a purchase shown on your statement,366,366,0,1.0,False
10854466,train,"Other features, terms, or problems",404,404,0,1.0,False
10854496,train,"Other features, terms, or problems",204,204,0,1.0,False
10854512,train,Problem with a purchase shown on your statement,135,135,0,1.0,False
10856163,train,Getting a credit card,33,33,0,1.0,False
10856203,train,Trouble using your card,13,13,0,1.0,False
10856324,train,Fees or interest,887,510,377,0.5749718151071026,True
10856422,train,Fees or interest,345,345,0,1.0,False
10856632,train,Problem with a purchase shown on your statement,361,361,0,1.0,False
10856652,train,"Advertising and marketing, including promotional offers",577,510,67,0.8838821490467937,True
10856685,train,Fees or interest,455,455,0,1.0,False
10858806,train,Problem with a purchase shown on your statement,344,344,0,1.0,False
10859264,train,Problem with a purchase shown on your statement,159,159,0,1.0,False
10859275,train,Trouble using your card,168,168,0,1.0,False
10859323,train,Problem with a purchase shown on your statement,81,81,0,1.0,False
10859449,train,Problem with a purchase shown on your statement,267,267,0,1.0,False
10859571,train,Problem when making payments,149,149,0,1.0,False
10859578,train,Problem with a purchase shown on your statement,521,510,11,0.9788867562380038,True
10859730,train,"Other features, terms, or problems",112,112,0,1.0,False
10859791,train,Trouble using your card,254,254,0,1.0,False
10860436,train,Problem when making payments,324,324,0,1.0,False
10860464,train,Problem with a purchase shown on your statement,313,313,0,1.0,False
10860486,train,Problem with a purchase shown on your statement,2513,510,2003,0.20294468762435336,True
10860594,train,"Other features, terms, or problems",134,134,0,1.0,False
10862246,train,Problem with a purchase shown on your statement,95,95,0,1.0,False
10862387,train,Problem with a purchase shown on your statement,23,23,0,1.0,False
10869694,train,Problem with a purchase shown on your statement,450,450,0,1.0,False
10870307,train,"Advertising and marketing, including promotional offers",140,140,0,1.0,False
10870411,train,Closing your account,139,139,0,1.0,False
10870419,train,Incorrect information on your report,77,77,0,1.0,False
10870920,train,Problem with a purchase shown on your statement,262,262,0,1.0,False
10871235,train,Problem with a purchase shown on your statement,136,136,0,1.0,False
10872237,train,Closing your account,104,104,0,1.0,False
10877899,train,Fees or interest,269,269,0,1.0,False
10877920,train,Problem with a purchase shown on your statement,110,110,0,1.0,False
10878096,train,Closing your account,429,429,0,1.0,False
10878108,train,Getting a credit card,67,67,0,1.0,False
10878287,train,Problem with a purchase shown on your statement,731,510,221,0.6976744186046512,True
10878306,train,Closing your account,204,204,0,1.0,False
10878369,train,Problem with a purchase shown on your statement,100,100,0,1.0,False
10878998,train,"Advertising and marketing, including promotional offers",286,286,0,1.0,False
10879128,train,Fees or interest,545,510,35,0.9357798165137615,True
10879211,train,Problem when making payments,269,269,0,1.0,False
10879238,train,"Other features, terms, or problems",103,103,0,1.0,False
10879261,train,Fees or interest,694,510,184,0.7348703170028819,True
10879289,train,"Other features, terms, or problems",212,212,0,1.0,False
10879387,train,Fees or interest,483,483,0,1.0,False
10836636,train,Problem with a company's investigation into an existing problem,39,39,0,1.0,False
10841902,train,Problem with a purchase shown on your statement,327,327,0,1.0,False
10842029,train,Trouble using your card,102,102,0,1.0,False
10846436,train,Problem with a purchase shown on your statement,328,328,0,1.0,False
10846450,train,Problem with a purchase shown on your statement,43,43,0,1.0,False
10846518,train,"Other features, terms, or problems",323,323,0,1.0,False
10846689,train,Fees or interest,69,69,0,1.0,False
10847302,train,Closing your account,54,54,0,1.0,False
10847322,train,Fees or interest,203,203,0,1.0,False
10847381,train,Problem when making payments,338,338,0,1.0,False
10847486,train,Closing your account,55,55,0,1.0,False
10847512,train,Trouble using your card,57,57,0,1.0,False
10847525,train,Fees or interest,570,510,60,0.8947368421052632,True
10847699,train,Problem with a company's investigation into an existing problem,71,71,0,1.0,False
10847902,train,Fees or interest,204,204,0,1.0,False
10848858,train,Closing your account,637,510,127,0.8006279434850864,True
10848900,train,Problem with a purchase shown on your statement,396,396,0,1.0,False
10849359,train,Problem with a purchase shown on your statement,454,454,0,1.0,False
10852253,train,Closing your account,229,229,0,1.0,False
10852301,train,Problem with a purchase shown on your statement,51,51,0,1.0,False
10852331,train,"Advertising and marketing, including promotional offers",100,100,0,1.0,False
10852548,train,Problem with a purchase shown on your statement,783,510,273,0.6513409961685823,True
10852661,train,Fees or interest,71,71,0,1.0,False
10853228,train,Problem with a purchase shown on your statement,514,510,4,0.9922178988326849,True
10853270,train,Fees or interest,352,352,0,1.0,False
10853496,train,Closing your account,114,114,0,1.0,False
10853541,train,Fees or interest,195,195,0,1.0,False
10853570,train,"Other features, terms, or problems",443,443,0,1.0,False
10853779,train,Problem when making payments,221,221,0,1.0,False
10853882,train,Problem when making payments,189,189,0,1.0,False
10853901,train,Problem with a purchase shown on your statement,106,106,0,1.0,False
10853929,train,Problem with a purchase shown on your statement,826,510,316,0.6174334140435835,True
10853956,train,Fees or interest,106,106,0,1.0,False
10855366,train,Problem with a purchase shown on your statement,32,32,0,1.0,False
10855499,train,Problem when making payments,124,124,0,1.0,False
10855834,train,Problem with a purchase shown on your statement,255,255,0,1.0,False
10855846,train,Problem with a purchase shown on your statement,101,101,0,1.0,False
10855889,train,Fees or interest,520,510,10,0.9807692307692307,True
10855920,train,Trouble using your card,167,167,0,1.0,False
10856007,train,"Other features, terms, or problems",632,510,122,0.8069620253164557,True
10856129,train,Problem with a purchase shown on your statement,289,289,0,1.0,False
10856143,train,Problem with a purchase shown on your statement,598,510,88,0.8528428093645485,True
10856462,train,Problem with a purchase shown on your statement,295,295,0,1.0,False
10858223,train,Problem with a purchase shown on your statement,64,64,0,1.0,False
10858334,train,Closing your account,132,132,0,1.0,False
10858509,train,Getting a credit card,145,145,0,1.0,False
10858864,train,Problem with a purchase shown on your statement,35,35,0,1.0,False
10858938,train,"Other features, terms, or problems",239,239,0,1.0,False
10858998,train,Getting a credit card,61,61,0,1.0,False
10860175,train,Fees or interest,57,57,0,1.0,False
10861745,train,Problem with a purchase shown on your statement,323,323,0,1.0,False
10861746,train,Problem with a purchase shown on your statement,79,79,0,1.0,False
10862287,train,Incorrect information on your report,167,167,0,1.0,False
10868835,train,"Other features, terms, or problems",518,510,8,0.9845559845559846,True
10868899,train,Trouble using your card,1906,510,1396,0.2675760755508919,True
10869125,train,"Other features, terms, or problems",98,98,0,1.0,False
10869154,train,Trouble using your card,349,349,0,1.0,False
10869221,train,Trouble using your card,169,169,0,1.0,False
10869846,train,"Advertising and marketing, including promotional offers",248,248,0,1.0,False
10869917,train,Problem with a purchase shown on your statement,247,247,0,1.0,False
10870275,train,Closing your account,257,257,0,1.0,False
10870614,train,Problem with a purchase shown on your statement,354,354,0,1.0,False
10872984,train,Getting a credit card,184,184,0,1.0,False
10873752,train,Problem with a purchase shown on your statement,339,339,0,1.0,False
10873956,train,Incorrect information on your report,74,74,0,1.0,False
10874223,train,Fees or interest,296,296,0,1.0,False
10874225,train,"Other features, terms, or problems",357,357,0,1.0,False
10874862,train,Fees or interest,146,146,0,1.0,False
10874996,train,Problem with a purchase shown on your statement,562,510,52,0.9074733096085409,True
10875080,train,Fees or interest,238,238,0,1.0,False
10875089,train,Fees or interest,159,159,0,1.0,False
10875139,train,Closing your account,20,20,0,1.0,False
10875153,train,Closing your account,24,24,0,1.0,False
10875214,train,Problem with a purchase shown on your statement,212,212,0,1.0,False
10875323,train,Getting a credit card,248,248,0,1.0,False
10875325,train,Fees or interest,84,84,0,1.0,False
10875335,train,Problem with a purchase shown on your statement,139,139,0,1.0,False
10875437,train,Incorrect information on your report,57,57,0,1.0,False
10876160,train,Closing your account,14,14,0,1.0,False
10876188,train,Getting a credit card,201,201,0,1.0,False
10876272,train,Fees or interest,218,218,0,1.0,False
10876303,train,Closing your account,136,136,0,1.0,False
10876380,train,Problem with a purchase shown on your statement,456,456,0,1.0,False
10876415,train,Problem with a purchase shown on your statement,231,231,0,1.0,False
10876510,train,"Other features, terms, or problems",552,510,42,0.9239130434782609,True
10876594,train,Problem with a purchase shown on your statement,287,287,0,1.0,False
10876814,train,Fees or interest,343,343,0,1.0,False
10878031,train,Fees or interest,103,103,0,1.0,False
10878713,train,Problem with a purchase shown on your statement,147,147,0,1.0,False
10846440,train,"Other features, terms, or problems",136,136,0,1.0,False
10846592,train,Problem with a purchase shown on your statement,79,79,0,1.0,False
10847048,train,Fees or interest,81,81,0,1.0,False
10847091,train,"Other features, terms, or problems",138,138,0,1.0,False
10847307,train,Fees or interest,35,35,0,1.0,False
10848592,train,Closing your account,128,128,0,1.0,False
10848701,train,"Other features, terms, or problems",463,463,0,1.0,False
10848810,train,Closing your account,574,510,64,0.8885017421602788,True
10851571,train,"Other features, terms, or problems",42,42,0,1.0,False
10851660,train,Problem with a purchase shown on your statement,426,426,0,1.0,False
10851704,train,Problem with a purchase shown on your statement,497,497,0,1.0,False
10851839,train,Problem when making payments,116,116,0,1.0,False
10851900,train,Problem with a purchase shown on your statement,532,510,22,0.9586466165413534,True
10855250,train,Problem with a purchase shown on your statement,269,269,0,1.0,False
10863358,train,Problem with a purchase shown on your statement,20,20,0,1.0,False
10866938,train,"Other features, terms, or problems",157,157,0,1.0,False
10866946,train,Problem with a purchase shown on your statement,270,270,0,1.0,False
10867334,train,Problem with a purchase shown on your statement,414,414,0,1.0,False
10867664,train,"Advertising and marketing, including promotional offers",104,104,0,1.0,False
10868570,train,Problem with a purchase shown on your statement,613,510,103,0.831973898858075,True
10879791,train,Closing your account,268,268,0,1.0,False
10879950,train,Problem with a purchase shown on your statement,306,306,0,1.0,False
10880071,train,Closing your account,107,107,0,1.0,False
10880237,train,Fees or interest,97,97,0,1.0,False
10883917,train,Trouble using your card,74,74,0,1.0,False
10884010,train,Problem with a purchase shown on your statement,137,137,0,1.0,False
10884428,train,Problem with a company's investigation into an existing problem,971,510,461,0.525231719876416,True
10884433,train,Problem with a purchase shown on your statement,185,185,0,1.0,False
10884504,train,Problem with a purchase shown on your statement,166,166,0,1.0,False
10884507,train,Getting a credit card,79,79,0,1.0,False
10884683,train,Incorrect information on your report,228,228,0,1.0,False
10884792,train,Problem with a purchase shown on your statement,471,471,0,1.0,False
10884835,train,Getting a credit card,169,169,0,1.0,False
10885076,train,"Advertising and marketing, including promotional offers",60,60,0,1.0,False
10885316,train,Problem with a purchase shown on your statement,89,89,0,1.0,False
10885323,train,"Advertising and marketing, including promotional offers",82,82,0,1.0,False
10885409,train,Problem with a purchase shown on your statement,187,187,0,1.0,False
10885414,train,Problem when making payments,722,510,212,0.7063711911357341,True
10885713,train,"Advertising and marketing, including promotional offers",225,225,0,1.0,False
10885734,train,Closing your account,764,510,254,0.6675392670157068,True
10885746,train,Getting a credit card,980,510,470,0.5204081632653061,True
10885801,train,"Other features, terms, or problems",130,130,0,1.0,False
10885806,train,"Other features, terms, or problems",268,268,0,1.0,False
10885822,train,"Other features, terms, or problems",563,510,53,0.9058614564831261,True
10885903,train,"Other features, terms, or problems",586,510,76,0.8703071672354948,True
10885934,train,Problem with a purchase shown on your statement,238,238,0,1.0,False
10885949,train,Incorrect information on your report,147,147,0,1.0,False
10886388,train,Fees or interest,515,510,5,0.9902912621359223,True
10886394,train,Problem with a purchase shown on your statement,314,314,0,1.0,False
10886424,train,Problem when making payments,543,510,33,0.9392265193370166,True
10886446,train,"Other features, terms, or problems",328,328,0,1.0,False
10886465,train,Problem with a purchase shown on your statement,157,157,0,1.0,False
10886499,train,Problem with a purchase shown on your statement,110,110,0,1.0,False
10886543,train,Getting a credit card,83,83,0,1.0,False
10886550,train,Getting a credit card,111,111,0,1.0,False
10886999,train,Problem with a purchase shown on your statement,237,237,0,1.0,False
10887001,train,Closing your account,334,334,0,1.0,False
10887149,train,Problem with a purchase shown on your statement,204,204,0,1.0,False
10887179,train,Getting a credit card,527,510,17,0.967741935483871,True
10887776,train,"Other features, terms, or problems",96,96,0,1.0,False
10888017,train,"Advertising and marketing, including promotional offers",206,206,0,1.0,False
10888076,train,Problem with a purchase shown on your statement,393,393,0,1.0,False
10888183,train,"Other features, terms, or problems",99,99,0,1.0,False
10888305,train,"Advertising and marketing, including promotional offers",298,298,0,1.0,False
10888422,train,Problem when making payments,538,510,28,0.9479553903345725,True
10888490,train,"Other features, terms, or problems",341,341,0,1.0,False
10889091,train,Problem with a purchase shown on your statement,149,149,0,1.0,False
10889380,train,Trouble using your card,161,161,0,1.0,False
10889522,train,Closing your account,705,510,195,0.723404255319149,True
10890216,train,Problem when making payments,284,284,0,1.0,False
10890257,train,Problem with a purchase shown on your statement,85,85,0,1.0,False
10890359,train,Problem with a purchase shown on your statement,225,225,0,1.0,False
10891721,train,Problem with a purchase shown on your statement,142,142,0,1.0,False
10892072,train,"Other features, terms, or problems",106,106,0,1.0,False
10892271,train,Getting a credit card,45,45,0,1.0,False
10892273,train,Getting a credit card,32,32,0,1.0,False
10892592,train,Fees or interest,325,325,0,1.0,False
10892679,train,Struggling to pay your bill,179,179,0,1.0,False
10880571,train,Problem with a purchase shown on your statement,276,276,0,1.0,False
10882086,train,Problem with a purchase shown on your statement,824,510,314,0.6189320388349514,True
10882147,train,Fees or interest,133,133,0,1.0,False
10882167,train,Problem with a purchase shown on your statement,147,147,0,1.0,False
10882569,train,Incorrect information on your report,141,141,0,1.0,False
10882595,train,Problem with a purchase shown on your statement,408,408,0,1.0,False
10882611,train,"Other features, terms, or problems",506,506,0,1.0,False
10882628,train,Fees or interest,114,114,0,1.0,False
10882669,train,Getting a credit card,134,134,0,1.0,False
10882712,train,"Other features, terms, or problems",384,384,0,1.0,False
10882766,train,"Advertising and marketing, including promotional offers",272,272,0,1.0,False
10883522,train,Getting a credit card,216,216,0,1.0,False
10883701,train,Getting a credit card,83,83,0,1.0,False
10883775,train,"Advertising and marketing, including promotional offers",207,207,0,1.0,False
10883777,train,Problem with a purchase shown on your statement,69,69,0,1.0,False
10883807,train,Problem with a purchase shown on your statement,214,214,0,1.0,False
10883830,train,Incorrect information on your report,122,122,0,1.0,False
10883873,train,Problem with a purchase shown on your statement,166,166,0,1.0,False
10884392,train,Problem with a company's investigation into an existing problem,58,58,0,1.0,False
10884400,train,Getting a credit card,53,53,0,1.0,False
10884441,train,Closing your account,625,510,115,0.816,True
10885028,train,Closing your account,33,33,0,1.0,False
10885397,train,Problem with a purchase shown on your statement,75,75,0,1.0,False
10891456,train,Problem with a purchase shown on your statement,508,508,0,1.0,False
10893410,train,Getting a credit card,400,400,0,1.0,False
10894405,train,Problem with a purchase shown on your statement,36,36,0,1.0,False
10894527,train,Problem when making payments,480,480,0,1.0,False
10894536,train,"Other features, terms, or problems",864,510,354,0.5902777777777778,True
10894608,train,Problem with a purchase shown on your statement,1594,510,1084,0.3199498117942284,True
10895316,train,Getting a credit card,28,28,0,1.0,False
10895331,train,Struggling to pay your bill,373,373,0,1.0,False
10895449,train,Problem with a purchase shown on your statement,989,510,479,0.5156723963599595,True
10895477,train,Fees or interest,90,90,0,1.0,False
10895482,train,Problem with a purchase shown on your statement,164,164,0,1.0,False
10895486,train,Fees or interest,38,38,0,1.0,False
10895519,train,Fees or interest,464,464,0,1.0,False
10895894,train,"Other features, terms, or problems",61,61,0,1.0,False
10895913,train,Closing your account,204,204,0,1.0,False
10896149,train,Problem with a purchase shown on your statement,273,273,0,1.0,False
10896208,train,Problem with a purchase shown on your statement,212,212,0,1.0,False
10896299,train,Problem with a purchase shown on your statement,78,78,0,1.0,False
10896372,train,Fees or interest,87,87,0,1.0,False
10896657,train,Problem with a purchase shown on your statement,217,217,0,1.0,False
10896662,train,Getting a credit card,639,510,129,0.7981220657276995,True
10896912,train,Problem with a purchase shown on your statement,371,371,0,1.0,False
10897234,train,Problem with a purchase shown on your statement,617,510,107,0.826580226904376,True
10897278,train,"Advertising and marketing, including promotional offers",261,261,0,1.0,False
10898164,train,Problem when making payments,60,60,0,1.0,False
10898213,train,Struggling to pay your bill,180,180,0,1.0,False
10898261,train,Problem with a purchase shown on your statement,661,510,151,0.7715582450832073,True
10898278,train,Closing your account,549,510,39,0.9289617486338798,True
10898288,train,Problem with a purchase shown on your statement,190,190,0,1.0,False
10898360,train,Struggling to pay your bill,117,117,0,1.0,False
10898362,train,Problem when making payments,478,478,0,1.0,False
10898379,train,"Advertising and marketing, including promotional offers",171,171,0,1.0,False
10898415,train,Problem with a purchase shown on your statement,223,223,0,1.0,False
10898440,train,Struggling to pay your bill,169,169,0,1.0,False
10898445,train,"Other features, terms, or problems",187,187,0,1.0,False
10898496,train,Fees or interest,246,246,0,1.0,False
10898501,train,"Advertising and marketing, including promotional offers",218,218,0,1.0,False
10898518,train,Problem with a purchase shown on your statement,316,316,0,1.0,False
10899392,train,Trouble using your card,428,428,0,1.0,False
10899415,train,Getting a credit card,98,98,0,1.0,False
10899458,train,"Other features, terms, or problems",282,282,0,1.0,False
10899562,train,Closing your account,186,186,0,1.0,False
10899588,train,"Advertising and marketing, including promotional offers",208,208,0,1.0,False
10899649,train,"Other features, terms, or problems",209,209,0,1.0,False
10900259,train,Getting a credit card,348,348,0,1.0,False
10900340,train,Problem with a purchase shown on your statement,249,249,0,1.0,False
10900445,train,Problem with a purchase shown on your statement,510,510,0,1.0,False
10900466,train,"Other features, terms, or problems",97,97,0,1.0,False
10900499,train,Problem with a purchase shown on your statement,345,345,0,1.0,False
10900613,train,Problem with a purchase shown on your statement,402,402,0,1.0,False
10900619,train,Problem with a purchase shown on your statement,289,289,0,1.0,False
10900781,train,Problem with a purchase shown on your statement,510,510,0,1.0,False
10900803,train,Problem with a purchase shown on your statement,904,510,394,0.5641592920353983,True
10900898,train,Problem with a purchase shown on your statement,119,119,0,1.0,False
10901128,train,Fees or interest,86,86,0,1.0,False
10901189,train,Fees or interest,112,112,0,1.0,False
10901286,train,Problem with a purchase shown on your statement,359,359,0,1.0,False
10901287,train,"Advertising and marketing, including promotional offers",85,85,0,1.0,False
10901583,train,Problem when making payments,164,164,0,1.0,False
10901929,train,Closing your account,140,140,0,1.0,False
10901937,train,Problem with a purchase shown on your statement,28,28,0,1.0,False
10901987,train,Problem with a purchase shown on your statement,14,14,0,1.0,False
10902083,train,Getting a credit card,283,283,0,1.0,False
10902113,train,Getting a credit card,141,141,0,1.0,False
10902230,train,Closing your account,73,73,0,1.0,False
10902354,train,Getting a credit card,119,119,0,1.0,False
10902356,train,Getting a credit card,52,52,0,1.0,False
10902369,train,"Advertising and marketing, including promotional offers",416,416,0,1.0,False
10902376,train,Problem with a purchase shown on your statement,161,161,0,1.0,False
10902617,train,Problem with a purchase shown on your statement,283,283,0,1.0,False
10902682,train,Problem with a purchase shown on your statement,80,80,0,1.0,False
10902697,train,Problem when making payments,105,105,0,1.0,False
10903188,train,Fees or interest,214,214,0,1.0,False
10903394,train,Problem when making payments,198,198,0,1.0,False
10903527,train,"Advertising and marketing, including promotional offers",426,426,0,1.0,False
10912884,train,Trouble using your card,1307,510,797,0.39020657995409336,True
10893186,train,Problem with a purchase shown on your statement,278,278,0,1.0,False
10893718,train,Problem with a company's investigation into an existing problem,500,500,0,1.0,False
10893745,train,Trouble using your card,285,285,0,1.0,False
10894449,train,Fees or interest,111,111,0,1.0,False
10894492,train,Fees or interest,1107,510,597,0.46070460704607047,True
10903720,train,Problem when making payments,365,365,0,1.0,False
10903892,train,Problem with a purchase shown on your statement,349,349,0,1.0,False
10903999,train,Problem with a purchase shown on your statement,245,245,0,1.0,False
10904283,train,Getting a credit card,133,133,0,1.0,False
10904535,train,Trouble using your card,127,127,0,1.0,False
10904587,train,"Advertising and marketing, including promotional offers",73,73,0,1.0,False
10904762,train,Problem with a purchase shown on your statement,154,154,0,1.0,False
10904763,train,Problem with a company's investigation into an existing problem,92,92,0,1.0,False
10905526,train,Fees or interest,375,375,0,1.0,False
10906997,train,Problem when making payments,440,440,0,1.0,False
10908795,train,Fees or interest,69,69,0,1.0,False
10908976,train,"Advertising and marketing, including promotional offers",382,382,0,1.0,False
10909302,train,Trouble using your card,614,510,104,0.8306188925081434,True
10909393,train,Problem with a purchase shown on your statement,252,252,0,1.0,False
10909496,train,Fees or interest,212,212,0,1.0,False
10909649,train,Struggling to pay your bill,274,274,0,1.0,False
10909689,train,Fees or interest,622,510,112,0.819935691318328,True
10909707,train,"Other features, terms, or problems",276,276,0,1.0,False
10909803,train,"Other features, terms, or problems",157,157,0,1.0,False
10909824,train,Getting a credit card,117,117,0,1.0,False
10910034,train,Fees or interest,169,169,0,1.0,False
10910257,train,"Advertising and marketing, including promotional offers",127,127,0,1.0,False
10910296,train,Fees or interest,137,137,0,1.0,False
10910538,train,Closing your account,289,289,0,1.0,False
10910646,train,Fees or interest,276,276,0,1.0,False
10910688,train,"Other features, terms, or problems",114,114,0,1.0,False
10910776,train,Fees or interest,71,71,0,1.0,False
10910780,train,Trouble using your card,143,143,0,1.0,False
10910816,train,Fees or interest,41,41,0,1.0,False
10910901,train,Fees or interest,287,287,0,1.0,False
10910919,train,Problem with a purchase shown on your statement,121,121,0,1.0,False
10910962,train,Problem with a purchase shown on your statement,803,510,293,0.635118306351183,True
10911035,train,Getting a credit card,344,344,0,1.0,False
10911116,train,Problem with a purchase shown on your statement,208,208,0,1.0,False
10911136,train,Incorrect information on your report,475,475,0,1.0,False
10911362,train,Problem with a purchase shown on your statement,281,281,0,1.0,False
10911606,train,"Other features, terms, or problems",108,108,0,1.0,False
10911645,train,"Other features, terms, or problems",233,233,0,1.0,False
10911784,train,Getting a credit card,32,32,0,1.0,False
10911963,train,Problem with a purchase shown on your statement,424,424,0,1.0,False
10911983,train,Problem with a purchase shown on your statement,182,182,0,1.0,False
10912559,train,Closing your account,226,226,0,1.0,False
10912739,train,Fees or interest,644,510,134,0.7919254658385093,True
10912849,train,Getting a credit card,249,249,0,1.0,False
10912898,train,Problem with a purchase shown on your statement,203,203,0,1.0,False
10914718,train,Fees or interest,252,252,0,1.0,False
10930244,train,Problem with a purchase shown on your statement,481,481,0,1.0,False
10905696,train,Problem with a purchase shown on your statement,115,115,0,1.0,False
10905999,train,"Advertising and marketing, including promotional offers",558,510,48,0.9139784946236559,True
10906066,train,Problem with a purchase shown on your statement,447,447,0,1.0,False
10906110,train,"Other features, terms, or problems",80,80,0,1.0,False
10906171,train,Problem when making payments,1680,510,1170,0.30357142857142855,True
10906188,train,Problem with a purchase shown on your statement,62,62,0,1.0,False
10906212,train,Problem with a purchase shown on your statement,331,331,0,1.0,False
10906240,train,Incorrect information on your report,121,121,0,1.0,False
10906334,train,"Other features, terms, or problems",38,38,0,1.0,False
10906392,train,"Advertising and marketing, including promotional offers",81,81,0,1.0,False
10906405,train,Fees or interest,266,266,0,1.0,False
10906528,train,Closing your account,171,171,0,1.0,False
10906538,train,Getting a credit card,13,13,0,1.0,False
10906554,train,Problem when making payments,222,222,0,1.0,False
10906602,train,Fees or interest,60,60,0,1.0,False
10906608,train,Problem with a purchase shown on your statement,279,279,0,1.0,False
10906659,train,"Other features, terms, or problems",163,163,0,1.0,False
10906685,train,Problem with a purchase shown on your statement,315,315,0,1.0,False
10906728,train,Getting a credit card,226,226,0,1.0,False
10906734,train,Getting a credit card,123,123,0,1.0,False
10906805,train,Trouble using your card,490,490,0,1.0,False
10906901,train,Problem with a purchase shown on your statement,51,51,0,1.0,False
10907031,train,Problem when making payments,112,112,0,1.0,False
10907236,train,Problem with a purchase shown on your statement,211,211,0,1.0,False
10907269,train,Problem when making payments,351,351,0,1.0,False
10907352,train,Getting a credit card,54,54,0,1.0,False
10907379,train,Problem with a purchase shown on your statement,281,281,0,1.0,False
10907547,train,Closing your account,259,259,0,1.0,False
10907567,train,Problem with a purchase shown on your statement,271,271,0,1.0,False
10907714,train,Trouble using your card,18,18,0,1.0,False
10907914,train,Incorrect information on your report,364,364,0,1.0,False
10907990,train,Fees or interest,110,110,0,1.0,False
10908095,train,"Other features, terms, or problems",261,261,0,1.0,False
10908124,train,Incorrect information on your report,373,373,0,1.0,False
10908266,train,Problem when making payments,251,251,0,1.0,False
10908268,train,Closing your account,257,257,0,1.0,False
10908300,train,Closing your account,214,214,0,1.0,False
10908309,train,Getting a credit card,40,40,0,1.0,False
10908447,train,"Other features, terms, or problems",575,510,65,0.8869565217391304,True
10908458,train,Problem when making payments,379,379,0,1.0,False
10908493,train,Getting a credit card,25,25,0,1.0,False
10908510,train,"Other features, terms, or problems",195,195,0,1.0,False
10908685,train,Problem with a purchase shown on your statement,461,461,0,1.0,False
10908707,train,Problem with a purchase shown on your statement,141,141,0,1.0,False
10908837,train,Problem with a purchase shown on your statement,200,200,0,1.0,False
10908873,train,Problem with a purchase shown on your statement,672,510,162,0.7589285714285714,True
10908874,train,Problem with a purchase shown on your statement,308,308,0,1.0,False
10909030,train,"Other features, terms, or problems",157,157,0,1.0,False
10909091,train,Fees or interest,248,248,0,1.0,False
10909107,train,Closing your account,226,226,0,1.0,False
10912932,train,"Advertising and marketing, including promotional offers",160,160,0,1.0,False
10913023,train,Trouble using your card,131,131,0,1.0,False
10913026,train,Getting a credit card,173,173,0,1.0,False
10914713,train,Getting a credit card,110,110,0,1.0,False
10914980,train,"Other features, terms, or problems",15,15,0,1.0,False
10915002,train,Fees or interest,377,377,0,1.0,False
10915142,train,Incorrect information on your report,18,18,0,1.0,False
10915155,train,Incorrect information on your report,20,20,0,1.0,False
10915162,train,Problem with a purchase shown on your statement,627,510,117,0.8133971291866029,True
10915175,train,Problem when making payments,152,152,0,1.0,False
10915178,train,Incorrect information on your report,16,16,0,1.0,False
10915205,train,Problem with a purchase shown on your statement,507,507,0,1.0,False
10915220,train,"Other features, terms, or problems",143,143,0,1.0,False
10915309,train,Problem with a purchase shown on your statement,439,439,0,1.0,False
10915312,train,Fees or interest,397,397,0,1.0,False
10915313,train,Incorrect information on your report,19,19,0,1.0,False
10915391,train,Incorrect information on your report,18,18,0,1.0,False
10915394,train,Closing your account,177,177,0,1.0,False
10904873,train,Incorrect information on your report,96,96,0,1.0,False
10904942,train,Fees or interest,203,203,0,1.0,False
10913378,train,"Other features, terms, or problems",528,510,18,0.9659090909090909,True
10914804,train,Trouble using your card,28,28,0,1.0,False
10914825,train,Getting a credit card,287,287,0,1.0,False
10916440,train,Problem with a purchase shown on your statement,444,444,0,1.0,False
10917206,train,Problem with a purchase shown on your statement,142,142,0,1.0,False
10917213,train,Getting a credit card,143,143,0,1.0,False
10917287,train,Problem with a purchase shown on your statement,601,510,91,0.848585690515807,True
10917550,train,"Other features, terms, or problems",224,224,0,1.0,False
10917747,train,Closing your account,446,446,0,1.0,False
10917836,train,Problem when making payments,75,75,0,1.0,False
10918218,train,Problem with a purchase shown on your statement,495,495,0,1.0,False
10918581,train,Fees or interest,185,185,0,1.0,False
10918649,train,"Other features, terms, or problems",128,128,0,1.0,False
10919388,train,Getting a credit card,67,67,0,1.0,False
10919704,train,Problem with a purchase shown on your statement,112,112,0,1.0,False
10920081,train,Trouble using your card,628,510,118,0.8121019108280255,True
10920090,train,Fees or interest,240,240,0,1.0,False
10920141,train,Closing your account,266,266,0,1.0,False
10920205,train,Problem when making payments,764,510,254,0.6675392670157068,True
10920743,train,Problem with a purchase shown on your statement,362,362,0,1.0,False
10921359,train,Problem with a purchase shown on your statement,119,119,0,1.0,False
10921394,train,Getting a credit card,29,29,0,1.0,False
10922700,train,Closing your account,242,242,0,1.0,False
10923071,train,"Other features, terms, or problems",1511,510,1001,0.3375248180013236,True
10923159,train,Closing your account,151,151,0,1.0,False
10923162,train,Fees or interest,233,233,0,1.0,False
10923191,train,"Advertising and marketing, including promotional offers",264,264,0,1.0,False
10923208,train,Fees or interest,158,158,0,1.0,False
10923231,train,Fees or interest,176,176,0,1.0,False
10923337,train,Closing your account,147,147,0,1.0,False
10923345,train,Problem with a purchase shown on your statement,159,159,0,1.0,False
10923773,train,Closing your account,50,50,0,1.0,False
10923782,train,"Other features, terms, or problems",541,510,31,0.9426987060998152,True
10923790,train,Problem with a purchase shown on your statement,17,17,0,1.0,False
10923796,train,Problem with a purchase shown on your statement,211,211,0,1.0,False
10923801,train,Incorrect information on your report,132,132,0,1.0,False
10923805,train,Incorrect information on your report,115,115,0,1.0,False
10924027,train,Problem with a purchase shown on your statement,338,338,0,1.0,False
10924049,train,Problem with a purchase shown on your statement,192,192,0,1.0,False
10924098,train,Problem with a purchase shown on your statement,373,373,0,1.0,False
10924267,train,"Other features, terms, or problems",232,232,0,1.0,False
10924626,train,"Other features, terms, or problems",279,279,0,1.0,False
10924854,train,Problem when making payments,220,220,0,1.0,False
10924892,train,Problem with a purchase shown on your statement,205,205,0,1.0,False
10924896,train,Incorrect information on your report,20,20,0,1.0,False
10924912,train,Fees or interest,125,125,0,1.0,False
10924995,train,"Other features, terms, or problems",134,134,0,1.0,False
10925622,train,Trouble using your card,285,285,0,1.0,False
10925647,train,Fees or interest,124,124,0,1.0,False
10925683,train,Problem with a purchase shown on your statement,115,115,0,1.0,False
10925684,train,Getting a credit card,107,107,0,1.0,False
10925685,train,Problem with a purchase shown on your statement,325,325,0,1.0,False
10925710,train,Problem with a purchase shown on your statement,176,176,0,1.0,False
10925833,train,Problem with a purchase shown on your statement,58,58,0,1.0,False
10925881,train,Problem with a purchase shown on your statement,145,145,0,1.0,False
10925970,train,Trouble using your card,59,59,0,1.0,False
10926503,train,Problem with a purchase shown on your statement,261,261,0,1.0,False
10926518,train,Problem with a purchase shown on your statement,131,131,0,1.0,False
10926877,train,Getting a credit card,17,17,0,1.0,False
10926890,train,Problem with a purchase shown on your statement,203,203,0,1.0,False
10926927,train,Problem with a purchase shown on your statement,169,169,0,1.0,False
10927142,train,Getting a credit card,41,41,0,1.0,False
10927446,train,Fees or interest,125,125,0,1.0,False
10927824,train,Getting a credit card,169,169,0,1.0,False
10927851,train,"Other features, terms, or problems",162,162,0,1.0,False
10928007,train,"Other features, terms, or problems",258,258,0,1.0,False
10928223,train,Fees or interest,713,510,203,0.7152875175315568,True
10928321,train,Incorrect information on your report,232,232,0,1.0,False
10928455,train,Getting a credit card,19,19,0,1.0,False
10928538,train,Closing your account,56,56,0,1.0,False
10928548,train,Fees or interest,7686,510,7176,0.0663544106167057,True
10928562,train,"Other features, terms, or problems",306,306,0,1.0,False
10928577,train,Problem when making payments,415,415,0,1.0,False
10928657,train,Problem with a purchase shown on your statement,42,42,0,1.0,False
10928989,train,Problem with a purchase shown on your statement,975,510,465,0.5230769230769231,True
10929069,train,Problem with a purchase shown on your statement,101,101,0,1.0,False
10929804,train,Trouble using your card,191,191,0,1.0,False
10929871,train,Getting a credit card,331,331,0,1.0,False
10929910,train,Problem when making payments,481,481,0,1.0,False
10929956,train,Closing your account,98,98,0,1.0,False
10930192,train,Trouble using your card,356,356,0,1.0,False
10930241,train,Problem when making payments,336,336,0,1.0,False
10930339,train,"Other features, terms, or problems",378,378,0,1.0,False
10930412,train,Trouble using your card,212,212,0,1.0,False
10930754,train,Getting a credit card,68,68,0,1.0,False
10931660,train,Getting a credit card,31,31,0,1.0,False
10931832,train,Problem with a purchase shown on your statement,254,254,0,1.0,False
10916010,train,"Advertising and marketing, including promotional offers",230,230,0,1.0,False
10916214,train,Problem with a purchase shown on your statement,52,52,0,1.0,False
10916441,train,Closing your account,300,300,0,1.0,False
10916482,train,Problem with a purchase shown on your statement,145,145,0,1.0,False
10918919,train,"Other features, terms, or problems",46,46,0,1.0,False
10919321,train,Problem with a purchase shown on your statement,77,77,0,1.0,False
10919407,train,Problem with a purchase shown on your statement,37,37,0,1.0,False
10919416,train,Problem with a purchase shown on your statement,44,44,0,1.0,False
10919466,train,Problem when making payments,142,142,0,1.0,False
10919793,train,Incorrect information on your report,223,223,0,1.0,False
10920271,train,Problem with a purchase shown on your statement,88,88,0,1.0,False
10921719,train,Problem with a purchase shown on your statement,130,130,0,1.0,False
10921929,train,Incorrect information on your report,145,145,0,1.0,False
10922152,train,"Other features, terms, or problems",686,510,176,0.7434402332361516,True
10922935,train,Problem with a purchase shown on your statement,464,464,0,1.0,False
10923076,train,"Other features, terms, or problems",506,506,0,1.0,False
10923330,train,Problem with a purchase shown on your statement,230,230,0,1.0,False
10924767,train,Struggling to pay your bill,22,22,0,1.0,False
10924768,train,Incorrect information on your report,88,88,0,1.0,False
10924931,train,Fees or interest,271,271,0,1.0,False
10924934,train,Incorrect information on your report,95,95,0,1.0,False
10925101,train,Fees or interest,74,74,0,1.0,False
10925205,train,Getting a credit card,149,149,0,1.0,False
10925237,train,Problem with a purchase shown on your statement,170,170,0,1.0,False
10925261,train,Incorrect information on your report,101,101,0,1.0,False
10925471,train,"Other features, terms, or problems",95,95,0,1.0,False
10925613,train,Problem with a purchase shown on your statement,176,176,0,1.0,False
10925714,train,"Other features, terms, or problems",104,104,0,1.0,False
10932559,train,Fees or interest,143,143,0,1.0,False
10932768,train,Fees or interest,268,268,0,1.0,False
10933021,train,Problem when making payments,149,149,0,1.0,False
10933033,train,Fees or interest,194,194,0,1.0,False
10933058,train,Getting a credit card,27,27,0,1.0,False
10933099,train,"Other features, terms, or problems",105,105,0,1.0,False
10933253,train,Problem with a purchase shown on your statement,63,63,0,1.0,False
10933254,train,Closing your account,330,330,0,1.0,False
10933312,train,Problem with a purchase shown on your statement,364,364,0,1.0,False
10933372,train,Problem with a purchase shown on your statement,169,169,0,1.0,False
10933437,train,Problem with a purchase shown on your statement,370,370,0,1.0,False
10933484,train,Getting a credit card,28,28,0,1.0,False
10933665,train,Problem when making payments,325,325,0,1.0,False
10933690,train,Problem with a company's investigation into an existing problem,64,64,0,1.0,False
10933749,train,Problem with a purchase shown on your statement,234,234,0,1.0,False
10934263,train,Trouble using your card,249,249,0,1.0,False
10934624,train,Getting a credit card,217,217,0,1.0,False
10934721,train,Closing your account,113,113,0,1.0,False
10934766,train,Getting a credit card,411,411,0,1.0,False
10934775,train,Getting a credit card,288,288,0,1.0,False
10934777,train,Problem with a purchase shown on your statement,139,139,0,1.0,False
10934837,train,Problem with a purchase shown on your statement,228,228,0,1.0,False
10934841,train,Fees or interest,379,379,0,1.0,False
10934962,train,Problem with a purchase shown on your statement,1426,510,916,0.3576437587657784,True
10935042,train,Fees or interest,378,378,0,1.0,False
10935073,train,"Other features, terms, or problems",112,112,0,1.0,False
10935260,train,Problem when making payments,644,510,134,0.7919254658385093,True
10935377,train,Closing your account,161,161,0,1.0,False
10935381,train,Trouble using your card,51,51,0,1.0,False
10935435,train,"Other features, terms, or problems",138,138,0,1.0,False
10935588,train,Problem with a purchase shown on your statement,440,440,0,1.0,False
10935608,train,Fees or interest,368,368,0,1.0,False
10935666,train,"Other features, terms, or problems",599,510,89,0.8514190317195326,True
10935669,train,Getting a credit card,32,32,0,1.0,False
10935970,train,Problem with a purchase shown on your statement,295,295,0,1.0,False
10936042,train,Problem with a purchase shown on your statement,172,172,0,1.0,False
10936142,train,Problem with a purchase shown on your statement,382,382,0,1.0,False
10936149,train,Problem when making payments,325,325,0,1.0,False
10936272,train,Fees or interest,433,433,0,1.0,False
10936315,train,Problem with a purchase shown on your statement,88,88,0,1.0,False
10936347,train,Problem with a purchase shown on your statement,224,224,0,1.0,False
10936804,train,Problem when making payments,124,124,0,1.0,False
10936928,train,Problem with a purchase shown on your statement,141,141,0,1.0,False
10937111,train,Getting a credit card,30,30,0,1.0,False
10937284,train,Problem with a purchase shown on your statement,130,130,0,1.0,False
10937315,train,"Other features, terms, or problems",332,332,0,1.0,False
10937393,train,"Advertising and marketing, including promotional offers",354,354,0,1.0,False
10937515,train,Problem with a purchase shown on your statement,252,252,0,1.0,False
10937527,train,Fees or interest,162,162,0,1.0,False
10937575,train,"Advertising and marketing, including promotional offers",242,242,0,1.0,False
10937625,train,Closing your account,251,251,0,1.0,False
10937704,train,Getting a credit card,542,510,32,0.940959409594096,True
10937761,train,Getting a credit card,298,298,0,1.0,False
10937810,train,Getting a credit card,82,82,0,1.0,False
10937845,train,Problem with a purchase shown on your statement,594,510,84,0.8585858585858586,True
10937910,train,Problem with a purchase shown on your statement,387,387,0,1.0,False
10937958,train,Problem with a purchase shown on your statement,348,348,0,1.0,False
10938026,train,Problem with a purchase shown on your statement,123,123,0,1.0,False
10938045,train,Closing your account,126,126,0,1.0,False
10938049,train,"Other features, terms, or problems",110,110,0,1.0,False
10938059,train,Problem with a purchase shown on your statement,64,64,0,1.0,False
10938410,train,Fees or interest,56,56,0,1.0,False
10938513,train,"Advertising and marketing, including promotional offers",141,141,0,1.0,False
10939101,train,Closing your account,132,132,0,1.0,False
10939253,train,Problem when making payments,175,175,0,1.0,False
10939394,train,Getting a credit card,105,105,0,1.0,False
10939750,train,Fees or interest,153,153,0,1.0,False
10940965,train,Problem with a purchase shown on your statement,224,224,0,1.0,False
10940967,train,Getting a credit card,66,66,0,1.0,False
10941362,train,"Other features, terms, or problems",88,88,0,1.0,False
10941634,train,Fees or interest,286,286,0,1.0,False
10941838,train,"Advertising and marketing, including promotional offers",404,404,0,1.0,False
10942087,train,Problem with a purchase shown on your statement,200,200,0,1.0,False
10942958,train,"Other features, terms, or problems",319,319,0,1.0,False
10942964,train,Fees or interest,726,510,216,0.7024793388429752,True
10942967,train,Getting a credit card,13,13,0,1.0,False
10942970,train,Trouble using your card,152,152,0,1.0,False
10942983,train,Fees or interest,102,102,0,1.0,False
10943005,train,Fees or interest,144,144,0,1.0,False
10943773,train,Problem with a purchase shown on your statement,255,255,0,1.0,False
10943822,train,"Other features, terms, or problems",157,157,0,1.0,False
10943894,train,Getting a credit card,156,156,0,1.0,False
10939903,train,Problem with a purchase shown on your statement,180,180,0,1.0,False
10939905,train,Problem with a purchase shown on your statement,326,326,0,1.0,False
10939963,train,Getting a credit card,133,133,0,1.0,False
10940166,train,"Other features, terms, or problems",440,440,0,1.0,False
10942107,train,"Other features, terms, or problems",42,42,0,1.0,False
10942291,train,Problem when making payments,611,510,101,0.8346972176759411,True
10942564,train,Getting a credit card,86,86,0,1.0,False
10942569,train,"Advertising and marketing, including promotional offers",201,201,0,1.0,False
10943145,train,Fees or interest,397,397,0,1.0,False
10943150,train,"Other features, terms, or problems",104,104,0,1.0,False
10943300,train,Fees or interest,244,244,0,1.0,False
10943351,train,"Other features, terms, or problems",53,53,0,1.0,False
10944132,train,Problem with a purchase shown on your statement,1210,510,700,0.4214876033057851,True
10944332,train,Incorrect information on your report,83,83,0,1.0,False
10944437,train,Problem with a purchase shown on your statement,299,299,0,1.0,False
10944673,train,Problem with a purchase shown on your statement,84,84,0,1.0,False
10944764,train,"Advertising and marketing, including promotional offers",220,220,0,1.0,False
10944770,train,"Other features, terms, or problems",711,510,201,0.7172995780590717,True
10944779,train,Problem when making payments,320,320,0,1.0,False
10944784,train,Problem with a purchase shown on your statement,1059,510,549,0.48158640226628896,True
10944843,train,Problem with a purchase shown on your statement,80,80,0,1.0,False
10945228,train,"Other features, terms, or problems",105,105,0,1.0,False
10945278,train,Fees or interest,348,348,0,1.0,False
10945306,train,"Other features, terms, or problems",133,133,0,1.0,False
10945627,train,Problem with a purchase shown on your statement,289,289,0,1.0,False
10945949,train,Problem with a purchase shown on your statement,257,257,0,1.0,False
10945951,train,Trouble using your card,306,306,0,1.0,False
10946231,train,Fees or interest,127,127,0,1.0,False
10947051,train,Getting a credit card,52,52,0,1.0,False
10947067,train,Getting a credit card,329,329,0,1.0,False
10947260,train,Fees or interest,197,197,0,1.0,False
10947535,train,Struggling to pay your bill,182,182,0,1.0,False
10947854,train,Getting a credit card,76,76,0,1.0,False
10948096,train,Fees or interest,195,195,0,1.0,False
10948135,train,"Advertising and marketing, including promotional offers",61,61,0,1.0,False
10948235,train,Closing your account,235,235,0,1.0,False
10948879,train,Getting a credit card,74,74,0,1.0,False
10949299,train,"Other features, terms, or problems",241,241,0,1.0,False
10949466,train,Fees or interest,329,329,0,1.0,False
10949527,train,Fees or interest,322,322,0,1.0,False
10949563,train,"Other features, terms, or problems",316,316,0,1.0,False
10950040,train,Problem with a purchase shown on your statement,100,100,0,1.0,False
10950246,train,Getting a credit card,137,137,0,1.0,False
10950300,train,Incorrect information on your report,364,364,0,1.0,False
10950458,train,Closing your account,120,120,0,1.0,False
10950725,train,"Other features, terms, or problems",253,253,0,1.0,False
10950731,train,"Other features, terms, or problems",221,221,0,1.0,False
10950859,train,"Other features, terms, or problems",62,62,0,1.0,False
10950982,train,Problem with a purchase shown on your statement,307,307,0,1.0,False
10951002,train,"Other features, terms, or problems",66,66,0,1.0,False
10951041,train,"Advertising and marketing, including promotional offers",315,315,0,1.0,False
10951309,train,Getting a credit card,281,281,0,1.0,False
10952282,train,Fees or interest,127,127,0,1.0,False
10952355,train,"Advertising and marketing, including promotional offers",22,22,0,1.0,False
10952545,train,Problem with a company's investigation into an existing problem,303,303,0,1.0,False
10952566,train,Problem with a purchase shown on your statement,387,387,0,1.0,False
10952625,train,"Other features, terms, or problems",91,91,0,1.0,False
10952731,train,Problem with a purchase shown on your statement,22,22,0,1.0,False
10952739,train,Closing your account,43,43,0,1.0,False
10952778,train,Problem with a purchase shown on your statement,600,510,90,0.85,True
10953435,train,Fees or interest,207,207,0,1.0,False
10953532,train,Problem with a purchase shown on your statement,174,174,0,1.0,False
10953567,train,"Other features, terms, or problems",808,510,298,0.6311881188118812,True
10953590,train,Getting a credit card,47,47,0,1.0,False
10954334,train,Fees or interest,177,177,0,1.0,False
10960143,train,Problem with a purchase shown on your statement,191,191,0,1.0,False
10960806,train,"Advertising and marketing, including promotional offers",274,274,0,1.0,False
10961094,train,Trouble using your card,357,357,0,1.0,False
10961114,train,Closing your account,528,510,18,0.9659090909090909,True
10961231,train,Trouble using your card,124,124,0,1.0,False
10961250,train,"Other features, terms, or problems",45,45,0,1.0,False
10961279,train,Problem with a purchase shown on your statement,528,510,18,0.9659090909090909,True
10961510,train,Problem with a purchase shown on your statement,511,510,1,0.9980430528375733,True
10962446,train,Incorrect information on your report,134,134,0,1.0,False
10963118,train,Problem with a purchase shown on your statement,491,491,0,1.0,False
10963186,train,Problem with a purchase shown on your statement,248,248,0,1.0,False
10963215,train,"Other features, terms, or problems",146,146,0,1.0,False
10965005,train,Trouble using your card,188,188,0,1.0,False
10966700,train,Getting a credit card,554,510,44,0.9205776173285198,True
10966851,train,"Other features, terms, or problems",168,168,0,1.0,False
10966950,train,Closing your account,322,322,0,1.0,False
10945622,train,Problem with a purchase shown on your statement,115,115,0,1.0,False
10946390,train,Incorrect information on your report,101,101,0,1.0,False
10946570,train,"Other features, terms, or problems",41,41,0,1.0,False
10946776,train,Fees or interest,82,82,0,1.0,False
10946972,train,Closing your account,176,176,0,1.0,False
10954711,train,Fees or interest,115,115,0,1.0,False
10955748,train,Closing your account,37,37,0,1.0,False
10956657,train,Getting a credit card,446,446,0,1.0,False
10959006,train,Fees or interest,544,510,34,0.9375,True
10959008,train,Struggling to pay your bill,171,171,0,1.0,False
10959826,train,"Advertising and marketing, including promotional offers",262,262,0,1.0,False
10959861,train,Fees or interest,17,17,0,1.0,False
10959873,train,Problem with a purchase shown on your statement,653,510,143,0.781010719754977,True
10959880,train,Getting a credit card,201,201,0,1.0,False
10960581,train,"Other features, terms, or problems",113,113,0,1.0,False
10960626,train,Getting a credit card,263,263,0,1.0,False
10960666,train,Problem with a purchase shown on your statement,290,290,0,1.0,False
10960682,train,Getting a credit card,615,510,105,0.8292682926829268,True
10960814,train,Closing your account,173,173,0,1.0,False
10960986,train,Problem when making payments,427,427,0,1.0,False
10960999,train,Fees or interest,177,177,0,1.0,False
10961009,train,Problem with a purchase shown on your statement,1020,510,510,0.5,True
10961010,train,Closing your account,94,94,0,1.0,False
10961012,train,Problem when making payments,62,62,0,1.0,False
10962115,train,Fees or interest,266,266,0,1.0,False
10962172,train,Problem with a purchase shown on your statement,31,31,0,1.0,False
10962201,train,Problem when making payments,50,50,0,1.0,False
10962208,train,Closing your account,369,369,0,1.0,False
10962283,train,Fees or interest,168,168,0,1.0,False
10962342,train,Getting a credit card,89,89,0,1.0,False
10962379,train,Problem with a company's investigation into an existing problem,215,215,0,1.0,False
10962643,train,Getting a credit card,41,41,0,1.0,False
10962718,train,Problem when making payments,418,418,0,1.0,False
10963417,train,Getting a credit card,245,245,0,1.0,False
10963583,train,Problem with a purchase shown on your statement,602,510,92,0.8471760797342193,True
10963820,train,Problem with a purchase shown on your statement,159,159,0,1.0,False
10964235,train,Problem with a purchase shown on your statement,132,132,0,1.0,False
10964435,train,Trouble using your card,277,277,0,1.0,False
10964477,train,Fees or interest,212,212,0,1.0,False
10964537,train,Problem with a purchase shown on your statement,251,251,0,1.0,False
10964570,train,Closing your account,547,510,37,0.9323583180987203,True
10964605,train,"Other features, terms, or problems",350,350,0,1.0,False
10964872,train,Trouble using your card,586,510,76,0.8703071672354948,True
10964948,train,Struggling to pay your bill,58,58,0,1.0,False
10965218,train,"Other features, terms, or problems",132,132,0,1.0,False
10965349,train,Problem when making payments,163,163,0,1.0,False
10965415,train,"Other features, terms, or problems",189,189,0,1.0,False
10965461,train,Problem with a purchase shown on your statement,625,510,115,0.816,True
10965500,train,Problem with a purchase shown on your statement,550,510,40,0.9272727272727272,True
10965595,train,Problem when making payments,246,246,0,1.0,False
10965867,train,Problem with a purchase shown on your statement,256,256,0,1.0,False
10965958,train,"Other features, terms, or problems",1677,510,1167,0.3041144901610018,True
10966047,train,Problem with a purchase shown on your statement,728,510,218,0.7005494505494505,True
10966050,train,Trouble using your card,200,200,0,1.0,False
10966276,train,Fees or interest,93,93,0,1.0,False
10966277,train,Struggling to pay your bill,648,510,138,0.7870370370370371,True
10966488,train,Problem with a purchase shown on your statement,227,227,0,1.0,False
10966509,train,Problem with a company's investigation into an existing problem,200,200,0,1.0,False
10966539,train,Problem with a purchase shown on your statement,485,485,0,1.0,False
10966565,train,"Other features, terms, or problems",280,280,0,1.0,False
10966577,train,Problem when making payments,333,333,0,1.0,False
10966590,train,"Other features, terms, or problems",117,117,0,1.0,False
10966642,train,Problem with a purchase shown on your statement,253,253,0,1.0,False
10966656,train,Problem with a purchase shown on your statement,860,510,350,0.5930232558139535,True
10966698,train,Trouble using your card,315,315,0,1.0,False
10955343,train,Getting a credit card,455,455,0,1.0,False
10956378,train,Problem with a purchase shown on your statement,214,214,0,1.0,False
10956690,train,Problem with a purchase shown on your statement,199,199,0,1.0,False
10957307,train,Problem with a purchase shown on your statement,370,370,0,1.0,False
10957331,train,Closing your account,171,171,0,1.0,False
10957461,train,Fees or interest,119,119,0,1.0,False
10957536,train,Fees or interest,234,234,0,1.0,False
10968105,train,Problem with a purchase shown on your statement,478,478,0,1.0,False
10968270,train,"Other features, terms, or problems",400,400,0,1.0,False
10968497,train,Fees or interest,62,62,0,1.0,False
10968583,train,Problem with a purchase shown on your statement,292,292,0,1.0,False
10968603,train,Getting a credit card,33,33,0,1.0,False
10968822,train,Problem with a purchase shown on your statement,210,210,0,1.0,False
10968832,train,Getting a credit card,333,333,0,1.0,False
10968971,train,Problem with a purchase shown on your statement,229,229,0,1.0,False
10969108,train,"Other features, terms, or problems",66,66,0,1.0,False
10969110,train,Problem with a purchase shown on your statement,264,264,0,1.0,False
10969113,train,Closing your account,130,130,0,1.0,False
10969558,train,Getting a credit card,101,101,0,1.0,False
10969660,train,Fees or interest,73,73,0,1.0,False
10969817,train,Problem with a purchase shown on your statement,762,510,252,0.6692913385826772,True
10969861,train,Problem with a purchase shown on your statement,554,510,44,0.9205776173285198,True
10969893,train,Problem with a purchase shown on your statement,205,205,0,1.0,False
10969919,train,"Advertising and marketing, including promotional offers",326,326,0,1.0,False
10969920,train,"Other features, terms, or problems",265,265,0,1.0,False
10969935,train,Fees or interest,636,510,126,0.8018867924528302,True
10969945,train,Trouble using your card,177,177,0,1.0,False
10970657,train,Incorrect information on your report,108,108,0,1.0,False
10970698,train,"Other features, terms, or problems",172,172,0,1.0,False
10970729,train,Incorrect information on your report,11,11,0,1.0,False
10970921,train,Fees or interest,278,278,0,1.0,False
10971414,train,"Other features, terms, or problems",83,83,0,1.0,False
10971846,train,Problem with a purchase shown on your statement,185,185,0,1.0,False
10972477,train,Problem with a purchase shown on your statement,335,335,0,1.0,False
10972543,train,Getting a credit card,337,337,0,1.0,False
10972751,train,Fees or interest,60,60,0,1.0,False
10972997,train,Problem with a purchase shown on your statement,159,159,0,1.0,False
10973042,train,Closing your account,81,81,0,1.0,False
10973987,train,Fees or interest,190,190,0,1.0,False
10974706,train,"Advertising and marketing, including promotional offers",255,255,0,1.0,False
10974763,train,Problem with a purchase shown on your statement,174,174,0,1.0,False
10974817,train,Getting a credit card,260,260,0,1.0,False
10974821,train,Getting a credit card,493,493,0,1.0,False
10974918,train,Getting a credit card,201,201,0,1.0,False
10975533,train,Problem with a purchase shown on your statement,97,97,0,1.0,False
10975882,train,Problem with a purchase shown on your statement,172,172,0,1.0,False
10976007,train,Fees or interest,103,103,0,1.0,False
10976206,train,"Advertising and marketing, including promotional offers",367,367,0,1.0,False
10976462,train,Fees or interest,1446,510,936,0.35269709543568467,True
10976497,train,"Other features, terms, or problems",284,284,0,1.0,False
10976890,train,Struggling to pay your bill,321,321,0,1.0,False
10976893,train,"Other features, terms, or problems",361,361,0,1.0,False
10976908,train,Problem when making payments,254,254,0,1.0,False
10976909,train,Fees or interest,42,42,0,1.0,False
10977049,train,Problem when making payments,396,396,0,1.0,False
10977053,train,Getting a credit card,420,420,0,1.0,False
10977084,train,Getting a credit card,16,16,0,1.0,False
10977161,train,Problem with a purchase shown on your statement,394,394,0,1.0,False
10977163,train,Problem with a company's investigation into an existing problem,45,45,0,1.0,False
10977187,train,Problem when making payments,285,285,0,1.0,False
10977209,train,Problem when making payments,58,58,0,1.0,False
10977223,train,Closing your account,222,222,0,1.0,False
10977260,train,Problem with a purchase shown on your statement,580,510,70,0.8793103448275862,True
10977329,train,"Other features, terms, or problems",149,149,0,1.0,False
10979151,train,Problem with a purchase shown on your statement,305,305,0,1.0,False
10970130,train,Problem with a purchase shown on your statement,320,320,0,1.0,False
10973177,train,Problem with a purchase shown on your statement,404,404,0,1.0,False
10973364,train,"Advertising and marketing, including promotional offers",309,309,0,1.0,False
10973381,train,Problem with a purchase shown on your statement,259,259,0,1.0,False
10973762,train,Trouble using your card,367,367,0,1.0,False
10973778,train,Getting a credit card,152,152,0,1.0,False
10973779,train,"Other features, terms, or problems",709,510,199,0.7193229901269393,True
10973784,train,Problem with a purchase shown on your statement,321,321,0,1.0,False
10973793,train,Fees or interest,341,341,0,1.0,False
10973794,train,Trouble using your card,111,111,0,1.0,False
10974113,train,Fees or interest,577,510,67,0.8838821490467937,True
10974126,train,Problem with a purchase shown on your statement,337,337,0,1.0,False
10974265,train,Getting a credit card,17,17,0,1.0,False
10975056,train,Problem with a purchase shown on your statement,833,510,323,0.6122448979591837,True
10977995,train,"Other features, terms, or problems",578,510,68,0.8823529411764706,True
10978131,train,Fees or interest,242,242,0,1.0,False
10978433,train,Problem with a purchase shown on your statement,79,79,0,1.0,False
10978888,train,Struggling to pay your bill,22,22,0,1.0,False
10978912,train,Getting a credit card,122,122,0,1.0,False
10978936,train,Getting a credit card,57,57,0,1.0,False
10979126,train,Fees or interest,103,103,0,1.0,False
10979176,train,Getting a credit card,440,440,0,1.0,False
10979190,train,Problem with a purchase shown on your statement,192,192,0,1.0,False
10979234,train,"Other features, terms, or problems",957,510,447,0.5329153605015674,True
10979241,train,Problem with a company's investigation into an existing problem,137,137,0,1.0,False
10979278,train,Trouble using your card,61,61,0,1.0,False
10979427,train,Problem with a purchase shown on your statement,102,102,0,1.0,False
10979444,train,Incorrect information on your report,14,14,0,1.0,False
10979475,train,Problem with a purchase shown on your statement,188,188,0,1.0,False
10979545,train,Problem when making payments,358,358,0,1.0,False
10979578,train,Fees or interest,216,216,0,1.0,False
10979887,train,"Advertising and marketing, including promotional offers",157,157,0,1.0,False
10979944,train,Trouble using your card,102,102,0,1.0,False
10979962,train,Getting a credit card,204,204,0,1.0,False
10979971,train,"Other features, terms, or problems",26,26,0,1.0,False
10980015,train,"Other features, terms, or problems",846,510,336,0.6028368794326241,True
10980018,train,Problem with a purchase shown on your statement,351,351,0,1.0,False
10980027,train,Getting a credit card,393,393,0,1.0,False
10980098,train,"Advertising and marketing, including promotional offers",280,280,0,1.0,False
10980163,train,Problem with a purchase shown on your statement,225,225,0,1.0,False
10980174,train,"Other features, terms, or problems",148,148,0,1.0,False
10980176,train,Getting a credit card,111,111,0,1.0,False
10980188,train,Fees or interest,315,315,0,1.0,False
10980200,train,"Other features, terms, or problems",200,200,0,1.0,False
10980273,train,Problem when making payments,130,130,0,1.0,False
10980287,train,Trouble using your card,322,322,0,1.0,False
10980314,train,Problem when making payments,244,244,0,1.0,False
10980423,train,"Other features, terms, or problems",191,191,0,1.0,False
10980426,train,Fees or interest,184,184,0,1.0,False
10980432,train,"Advertising and marketing, including promotional offers",214,214,0,1.0,False
10980478,train,Closing your account,166,166,0,1.0,False
10980503,train,Problem with a purchase shown on your statement,260,260,0,1.0,False
10980545,train,Problem with a purchase shown on your statement,89,89,0,1.0,False
10980554,train,Problem with a purchase shown on your statement,212,212,0,1.0,False
10980568,train,Fees or interest,281,281,0,1.0,False
10980617,train,"Other features, terms, or problems",117,117,0,1.0,False
10980619,train,Fees or interest,419,419,0,1.0,False
10980621,train,Getting a credit card,48,48,0,1.0,False
10980623,train,Trouble using your card,253,253,0,1.0,False
10980626,train,Getting a credit card,97,97,0,1.0,False
10980671,train,Problem with a purchase shown on your statement,452,452,0,1.0,False
10980723,train,Problem with a purchase shown on your statement,935,510,425,0.5454545454545454,True
10980745,train,Incorrect information on your report,66,66,0,1.0,False
10980805,train,Problem with a purchase shown on your statement,84,84,0,1.0,False
10980838,train,"Other features, terms, or problems",271,271,0,1.0,False
10980845,train,"Advertising and marketing, including promotional offers",438,438,0,1.0,False
10980943,train,Fees or interest,100,100,0,1.0,False
10981003,train,Closing your account,640,510,130,0.796875,True
10981055,train,"Advertising and marketing, including promotional offers",302,302,0,1.0,False
10981109,train,Problem with a purchase shown on your statement,78,78,0,1.0,False
10981203,train,Getting a credit card,119,119,0,1.0,False
10981213,train,Trouble using your card,319,319,0,1.0,False
10981236,train,Problem with a purchase shown on your statement,357,357,0,1.0,False
10982510,train,Problem with a purchase shown on your statement,462,462,0,1.0,False
10982603,train,Getting a credit card,40,40,0,1.0,False
10993451,train,Closing your account,187,187,0,1.0,False
10977855,validation,Problem with a purchase shown on your statement,91,91,0,1.0,False
10978264,validation,Trouble using your card,100,100,0,1.0,False
10978290,validation,Problem with a purchase shown on your statement,92,92,0,1.0,False
10981738,validation,Getting a credit card,288,288,0,1.0,False
10983900,validation,Closing your account,315,315,0,1.0,False
10984003,validation,Problem with a purchase shown on your statement,727,510,217,0.7015130674002751,True
10984383,validation,Closing your account,385,385,0,1.0,False
10984916,validation,Problem with a purchase shown on your statement,74,74,0,1.0,False
10985037,validation,Fees or interest,269,269,0,1.0,False
10985066,validation,Problem when making payments,280,280,0,1.0,False
10985109,validation,"Other features, terms, or problems",664,510,154,0.7680722891566265,True
10986757,validation,Closing your account,543,510,33,0.9392265193370166,True
10987216,validation,Getting a credit card,155,155,0,1.0,False
10987222,validation,Problem with a purchase shown on your statement,125,125,0,1.0,False
10987228,validation,Problem with a purchase shown on your statement,291,291,0,1.0,False
10987247,validation,Closing your account,177,177,0,1.0,False
10987252,validation,"Other features, terms, or problems",224,224,0,1.0,False
10987262,validation,Problem with a purchase shown on your statement,313,313,0,1.0,False
10987282,validation,Getting a credit card,104,104,0,1.0,False
10987450,validation,Problem with a purchase shown on your statement,487,487,0,1.0,False
10987474,validation,"Advertising and marketing, including promotional offers",185,185,0,1.0,False
10987475,validation,Problem with a purchase shown on your statement,98,98,0,1.0,False
10987477,validation,Fees or interest,71,71,0,1.0,False
10987482,validation,Closing your account,185,185,0,1.0,False
10987510,validation,Problem with a purchase shown on your statement,28,28,0,1.0,False
10987603,validation,Problem with a purchase shown on your statement,221,221,0,1.0,False
10987653,validation,Fees or interest,48,48,0,1.0,False
10987667,validation,Problem with a purchase shown on your statement,492,492,0,1.0,False
10987687,validation,Incorrect information on your report,35,35,0,1.0,False
10987709,validation,"Advertising and marketing, including promotional offers",193,193,0,1.0,False
10987761,validation,Problem with a purchase shown on your statement,364,364,0,1.0,False
10987865,validation,Problem with a purchase shown on your statement,841,510,331,0.6064209274673008,True
10987917,validation,"Other features, terms, or problems",192,192,0,1.0,False
10987919,validation,Getting a credit card,17,17,0,1.0,False
10988097,validation,Problem with a purchase shown on your statement,356,356,0,1.0,False
10988163,validation,Problem with a purchase shown on your statement,830,510,320,0.6144578313253012,True
10988169,validation,"Other features, terms, or problems",86,86,0,1.0,False
10988183,validation,Fees or interest,145,145,0,1.0,False
10988186,validation,Problem when making payments,275,275,0,1.0,False
10988230,validation,Closing your account,180,180,0,1.0,False
10988282,validation,Trouble using your card,16,16,0,1.0,False
10988289,validation,Getting a credit card,32,32,0,1.0,False
10988349,validation,"Advertising and marketing, including promotional offers",101,101,0,1.0,False
10988410,validation,Fees or interest,697,510,187,0.7317073170731707,True
10988437,validation,Problem with a purchase shown on your statement,297,297,0,1.0,False
10988469,validation,Problem with a purchase shown on your statement,68,68,0,1.0,False
10988477,validation,Problem with a purchase shown on your statement,284,284,0,1.0,False
10988483,validation,"Other features, terms, or problems",361,361,0,1.0,False
10988497,validation,Getting a credit card,117,117,0,1.0,False
10988567,validation,Closing your account,261,261,0,1.0,False
10988575,validation,Problem with a purchase shown on your statement,193,193,0,1.0,False
10988608,validation,Getting a credit card,367,367,0,1.0,False
10988621,validation,Problem when making payments,96,96,0,1.0,False
10983585,validation,"Other features, terms, or problems",267,267,0,1.0,False
10985433,validation,Problem with a purchase shown on your statement,172,172,0,1.0,False
10985450,validation,Problem when making payments,272,272,0,1.0,False
10985729,validation,Problem with a purchase shown on your statement,309,309,0,1.0,False
10985857,validation,Problem with a purchase shown on your statement,199,199,0,1.0,False
10986164,validation,Problem with a purchase shown on your statement,33,33,0,1.0,False
10986799,validation,"Other features, terms, or problems",97,97,0,1.0,False
10986814,validation,Problem with a purchase shown on your statement,108,108,0,1.0,False
10986972,validation,"Other features, terms, or problems",125,125,0,1.0,False
10986983,validation,"Advertising and marketing, including promotional offers",444,444,0,1.0,False
10987209,validation,Incorrect information on your report,103,103,0,1.0,False
10988670,validation,"Other features, terms, or problems",325,325,0,1.0,False
10988700,validation,Trouble using your card,207,207,0,1.0,False
10989331,validation,Problem with a company's investigation into an existing problem,506,506,0,1.0,False
10989348,validation,"Advertising and marketing, including promotional offers",288,288,0,1.0,False
10989372,validation,Closing your account,232,232,0,1.0,False
10989530,validation,Problem with a company's investigation into an existing problem,189,189,0,1.0,False
10990093,validation,"Advertising and marketing, including promotional offers",513,510,3,0.9941520467836257,True
10990132,validation,Closing your account,159,159,0,1.0,False
10990310,validation,Problem with a purchase shown on your statement,104,104,0,1.0,False
10990314,validation,"Other features, terms, or problems",342,342,0,1.0,False
10990373,validation,Problem with a purchase shown on your statement,135,135,0,1.0,False
10990395,validation,Problem with a purchase shown on your statement,2092,510,1582,0.24378585086042065,True
10990441,validation,Closing your account,100,100,0,1.0,False
10991317,validation,"Advertising and marketing, including promotional offers",98,98,0,1.0,False
10991621,validation,Trouble using your card,466,466,0,1.0,False
10991804,validation,Problem with a company's investigation into an existing problem,44,44,0,1.0,False
10991864,validation,Problem with a purchase shown on your statement,349,349,0,1.0,False
10991885,validation,"Other features, terms, or problems",18,18,0,1.0,False
10991921,validation,Fees or interest,132,132,0,1.0,False
10992174,validation,Getting a credit card,227,227,0,1.0,False
10992215,validation,Getting a credit card,367,367,0,1.0,False
10992265,validation,"Other features, terms, or problems",500,500,0,1.0,False
10992436,validation,Getting a credit card,212,212,0,1.0,False
10992482,validation,Fees or interest,410,410,0,1.0,False
10992523,validation,Problem when making payments,215,215,0,1.0,False
10993141,validation,Fees or interest,274,274,0,1.0,False
10993189,validation,Fees or interest,109,109,0,1.0,False
10993383,validation,Problem with a purchase shown on your statement,301,301,0,1.0,False
10993407,validation,Getting a credit card,62,62,0,1.0,False
10993418,validation,Getting a credit card,74,74,0,1.0,False
10993443,validation,Closing your account,129,129,0,1.0,False
10993664,validation,Incorrect information on your report,47,47,0,1.0,False
10993823,validation,Getting a credit card,229,229,0,1.0,False
10993981,validation,Fees or interest,780,510,270,0.6538461538461539,True
10994031,validation,"Advertising and marketing, including promotional offers",113,113,0,1.0,False
10994033,validation,Problem with a company's investigation into an existing problem,10,10,0,1.0,False
10994063,validation,Problem with a purchase shown on your statement,251,251,0,1.0,False
10994108,validation,Trouble using your card,194,194,0,1.0,False
10994113,validation,"Other features, terms, or problems",408,408,0,1.0,False
10994114,validation,Problem with a purchase shown on your statement,179,179,0,1.0,False
10994139,validation,Problem with a purchase shown on your statement,668,510,158,0.7634730538922155,True
10994144,validation,Problem with a purchase shown on your statement,158,158,0,1.0,False
10994158,validation,Problem with a purchase shown on your statement,216,216,0,1.0,False
10994423,validation,"Advertising and marketing, including promotional offers",229,229,0,1.0,False
10994445,validation,Problem with a purchase shown on your statement,644,510,134,0.7919254658385093,True
10994560,validation,"Other features, terms, or problems",451,451,0,1.0,False
10994717,validation,Problem with a company's investigation into an existing problem,813,510,303,0.6273062730627307,True
10994888,validation,Closing your account,304,304,0,1.0,False
10994924,validation,"Advertising and marketing, including promotional offers",74,74,0,1.0,False
10994969,validation,Incorrect information on your report,57,57,0,1.0,False
10995111,validation,Closing your account,54,54,0,1.0,False
10995136,validation,Fees or interest,636,510,126,0.8018867924528302,True
10995687,validation,"Other features, terms, or problems",88,88,0,1.0,False
10996778,validation,Problem with a purchase shown on your statement,179,179,0,1.0,False
10996840,validation,"Advertising and marketing, including promotional offers",144,144,0,1.0,False
10997669,validation,Problem with a purchase shown on your statement,196,196,0,1.0,False
10997710,validation,Problem with a purchase shown on your statement,369,369,0,1.0,False
10997811,validation,Incorrect information on your report,291,291,0,1.0,False
10998181,validation,Problem when making payments,110,110,0,1.0,False
10998202,validation,"Advertising and marketing, including promotional offers",272,272,0,1.0,False
10998536,validation,Problem when making payments,338,338,0,1.0,False
10998739,validation,Closing your account,205,205,0,1.0,False
10998792,validation,Fees or interest,183,183,0,1.0,False
10998923,validation,Fees or interest,214,214,0,1.0,False
10999049,validation,Getting a credit card,216,216,0,1.0,False
10999371,validation,Problem with a purchase shown on your statement,663,510,153,0.7692307692307693,True
10999411,validation,Problem with a purchase shown on your statement,187,187,0,1.0,False
11000011,validation,Problem with a purchase shown on your statement,60,60,0,1.0,False
11000014,validation,Problem when making payments,447,447,0,1.0,False
11000051,validation,Problem with a purchase shown on your statement,371,371,0,1.0,False
11000188,validation,Problem with a purchase shown on your statement,66,66,0,1.0,False
11000482,validation,Fees or interest,249,249,0,1.0,False
11000581,validation,Fees or interest,835,510,325,0.6107784431137725,True
11000584,validation,Problem with a purchase shown on your statement,142,142,0,1.0,False
11000678,validation,Problem with a purchase shown on your statement,299,299,0,1.0,False
11000840,validation,"Other features, terms, or problems",785,510,275,0.6496815286624203,True
11000858,validation,"Other features, terms, or problems",546,510,36,0.9340659340659341,True
11001288,validation,"Other features, terms, or problems",121,121,0,1.0,False
11001457,validation,Closing your account,114,114,0,1.0,False
11001784,validation,Closing your account,91,91,0,1.0,False
11001807,validation,"Other features, terms, or problems",96,96,0,1.0,False
11001879,validation,Trouble using your card,262,262,0,1.0,False
11001910,validation,Fees or interest,601,510,91,0.848585690515807,True
11001911,validation,"Other features, terms, or problems",66,66,0,1.0,False
11001935,validation,"Other features, terms, or problems",71,71,0,1.0,False
11003550,validation,Problem with a purchase shown on your statement,286,286,0,1.0,False
11003563,validation,Problem with a purchase shown on your statement,384,384,0,1.0,False
11003584,validation,Problem with a purchase shown on your statement,488,488,0,1.0,False
11003627,validation,"Other features, terms, or problems",70,70,0,1.0,False
10988904,validation,"Other features, terms, or problems",444,444,0,1.0,False
10989033,validation,Fees or interest,171,171,0,1.0,False
10989152,validation,Problem with a purchase shown on your statement,125,125,0,1.0,False
10989523,validation,Problem with a purchase shown on your statement,58,58,0,1.0,False
10989762,validation,"Other features, terms, or problems",99,99,0,1.0,False
10997029,validation,Problem with a purchase shown on your statement,191,191,0,1.0,False
10997299,validation,Trouble using your card,29,29,0,1.0,False
10998245,validation,"Other features, terms, or problems",160,160,0,1.0,False
11002140,validation,Getting a credit card,111,111,0,1.0,False
11002229,validation,Trouble using your card,159,159,0,1.0,False
11003118,validation,Problem with a purchase shown on your statement,218,218,0,1.0,False
11003514,validation,"Advertising and marketing, including promotional offers",357,357,0,1.0,False
11004784,validation,"Other features, terms, or problems",124,124,0,1.0,False
11004789,validation,Getting a credit card,70,70,0,1.0,False
11005411,validation,Problem with a purchase shown on your statement,107,107,0,1.0,False
11005432,validation,Getting a credit card,137,137,0,1.0,False
11005835,validation,Closing your account,275,275,0,1.0,False
11005836,validation,Incorrect information on your report,83,83,0,1.0,False
11005872,validation,Problem with a purchase shown on your statement,268,268,0,1.0,False
11005880,validation,Problem when making payments,227,227,0,1.0,False
11006041,validation,Problem with a purchase shown on your statement,397,397,0,1.0,False
11006236,validation,Fees or interest,583,510,73,0.8747855917667239,True
11006237,validation,Problem with a purchase shown on your statement,56,56,0,1.0,False
11006885,validation,Problem with a purchase shown on your statement,168,168,0,1.0,False
11007351,validation,Getting a credit card,177,177,0,1.0,False
11007895,validation,Closing your account,63,63,0,1.0,False
11007992,validation,Struggling to pay your bill,194,194,0,1.0,False
11008046,validation,Problem with a purchase shown on your statement,90,90,0,1.0,False
11008094,validation,Getting a credit card,144,144,0,1.0,False
11008219,validation,Problem with a purchase shown on your statement,493,493,0,1.0,False
11008316,validation,Incorrect information on your report,80,80,0,1.0,False
11008364,validation,Getting a credit card,150,150,0,1.0,False
11008562,validation,Problem when making payments,426,426,0,1.0,False
11008819,validation,Problem when making payments,280,280,0,1.0,False
11008844,validation,"Other features, terms, or problems",530,510,20,0.9622641509433962,True
11009079,validation,Getting a credit card,37,37,0,1.0,False
11009235,validation,Fees or interest,107,107,0,1.0,False
11009246,validation,Problem when making payments,536,510,26,0.9514925373134329,True
11009252,validation,Getting a credit card,19,19,0,1.0,False
11009261,validation,Getting a credit card,258,258,0,1.0,False
11010004,validation,Trouble using your card,220,220,0,1.0,False
11010340,validation,Problem with a purchase shown on your statement,814,510,304,0.6265356265356266,True
11011157,validation,Closing your account,111,111,0,1.0,False
11011211,validation,"Other features, terms, or problems",311,311,0,1.0,False
11011222,validation,Problem with a purchase shown on your statement,285,285,0,1.0,False
11011256,validation,Getting a credit card,310,310,0,1.0,False
11011517,validation,Problem with a purchase shown on your statement,279,279,0,1.0,False
11011530,validation,Problem with a purchase shown on your statement,39,39,0,1.0,False
11011780,validation,Problem with a purchase shown on your statement,388,388,0,1.0,False
11011892,validation,Trouble using your card,205,205,0,1.0,False
11011998,validation,Problem with a purchase shown on your statement,93,93,0,1.0,False
11012001,validation,Problem when making payments,123,123,0,1.0,False
11012191,validation,Problem with a purchase shown on your statement,338,338,0,1.0,False
11012200,validation,Getting a credit card,208,208,0,1.0,False
11012881,validation,Problem with a purchase shown on your statement,102,102,0,1.0,False
11012923,validation,Problem with a purchase shown on your statement,255,255,0,1.0,False
11013123,validation,Getting a credit card,168,168,0,1.0,False
11013256,validation,Getting a credit card,116,116,0,1.0,False
11013341,validation,Trouble using your card,420,420,0,1.0,False
11013677,validation,Problem with a purchase shown on your statement,51,51,0,1.0,False
11013722,validation,Problem with a purchase shown on your statement,61,61,0,1.0,False
11013946,validation,Problem with a purchase shown on your statement,82,82,0,1.0,False
11014174,validation,"Other features, terms, or problems",451,451,0,1.0,False
11014180,validation,Getting a credit card,563,510,53,0.9058614564831261,True
11014224,validation,"Other features, terms, or problems",188,188,0,1.0,False
11014227,validation,Problem with a purchase shown on your statement,404,404,0,1.0,False
11014383,validation,Fees or interest,234,234,0,1.0,False
11014836,validation,Closing your account,1412,510,902,0.3611898016997167,True
11014853,validation,Closing your account,189,189,0,1.0,False
11014920,validation,Problem with a purchase shown on your statement,582,510,72,0.8762886597938144,True
11015259,validation,"Other features, terms, or problems",321,321,0,1.0,False
11015383,validation,"Advertising and marketing, including promotional offers",312,312,0,1.0,False
11016077,validation,Problem with a purchase shown on your statement,252,252,0,1.0,False
11016166,validation,Problem with a company's investigation into an existing problem,334,334,0,1.0,False
11016185,validation,Fees or interest,172,172,0,1.0,False
11016204,validation,"Other features, terms, or problems",79,79,0,1.0,False
11016352,validation,Getting a credit card,120,120,0,1.0,False
11016400,validation,"Advertising and marketing, including promotional offers",51,51,0,1.0,False
11016430,validation,Getting a credit card,26,26,0,1.0,False
11016431,validation,Problem with a purchase shown on your statement,1772,510,1262,0.2878103837471783,True
11016453,validation,Incorrect information on your report,97,97,0,1.0,False
11016454,validation,Problem when making payments,264,264,0,1.0,False
11016478,validation,Trouble using your card,617,510,107,0.826580226904376,True
11016482,validation,Problem with a purchase shown on your statement,142,142,0,1.0,False
11016508,validation,"Other features, terms, or problems",293,293,0,1.0,False
11016514,validation,Getting a credit card,492,492,0,1.0,False
11016615,validation,"Other features, terms, or problems",184,184,0,1.0,False
11016740,validation,Fees or interest,451,451,0,1.0,False
11016855,validation,Problem when making payments,184,184,0,1.0,False
11016958,validation,Problem when making payments,241,241,0,1.0,False
11016965,validation,Problem with a purchase shown on your statement,1158,510,648,0.44041450777202074,True
11003966,validation,Problem with a purchase shown on your statement,65,65,0,1.0,False
11004439,validation,Problem with a purchase shown on your statement,432,432,0,1.0,False
11004469,validation,Fees or interest,295,295,0,1.0,False
11004473,validation,"Other features, terms, or problems",688,510,178,0.7412790697674418,True
11004722,validation,Trouble using your card,69,69,0,1.0,False
11004727,validation,Problem with a purchase shown on your statement,2690,510,2180,0.1895910780669145,True
11004728,validation,Fees or interest,43,43,0,1.0,False
11004731,validation,Problem with a purchase shown on your statement,189,189,0,1.0,False
11004793,validation,Problem with a purchase shown on your statement,467,467,0,1.0,False
11005097,validation,Fees or interest,365,365,0,1.0,False
11005379,validation,Closing your account,818,510,308,0.6234718826405868,True
11005838,validation,"Other features, terms, or problems",1240,510,730,0.4112903225806452,True
11005844,validation,"Other features, terms, or problems",163,163,0,1.0,False
11005863,validation,Fees or interest,415,415,0,1.0,False
11010713,validation,Problem with a purchase shown on your statement,542,510,32,0.940959409594096,True
11010715,validation,"Other features, terms, or problems",241,241,0,1.0,False
11010778,validation,Problem with a purchase shown on your statement,125,125,0,1.0,False
11011027,validation,Problem when making payments,254,254,0,1.0,False
11017117,validation,"Other features, terms, or problems",79,79,0,1.0,False
11017213,validation,"Other features, terms, or problems",63,63,0,1.0,False
11017291,validation,"Other features, terms, or problems",55,55,0,1.0,False
11018002,validation,Trouble using your card,76,76,0,1.0,False
11019150,validation,Problem with a purchase shown on your statement,97,97,0,1.0,False
11019158,validation,Getting a credit card,422,422,0,1.0,False
11019225,validation,Fees or interest,91,91,0,1.0,False
11019286,validation,Problem when making payments,178,178,0,1.0,False
11019287,validation,Fees or interest,161,161,0,1.0,False
11020721,validation,Struggling to pay your bill,42,42,0,1.0,False
11020888,validation,Fees or interest,333,333,0,1.0,False
11020897,validation,Problem with a purchase shown on your statement,315,315,0,1.0,False
11020918,validation,Getting a credit card,356,356,0,1.0,False
11020937,validation,Problem with a purchase shown on your statement,322,322,0,1.0,False
11021318,validation,"Other features, terms, or problems",275,275,0,1.0,False
11021512,validation,Closing your account,221,221,0,1.0,False
11021589,validation,Problem with a purchase shown on your statement,177,177,0,1.0,False
11021609,validation,Problem with a purchase shown on your statement,150,150,0,1.0,False
11021707,validation,Problem with a purchase shown on your statement,1329,510,819,0.3837471783295711,True
11021728,validation,Trouble using your card,577,510,67,0.8838821490467937,True
11021735,validation,Closing your account,266,266,0,1.0,False
11022511,validation,"Other features, terms, or problems",850,510,340,0.6,True
11022589,validation,Problem with a purchase shown on your statement,214,214,0,1.0,False
11022623,validation,Problem with a purchase shown on your statement,592,510,82,0.8614864864864865,True
11022642,validation,Fees or interest,244,244,0,1.0,False
11022768,validation,"Other features, terms, or problems",148,148,0,1.0,False
11022853,validation,Fees or interest,564,510,54,0.9042553191489362,True
11022978,validation,Problem with a purchase shown on your statement,75,75,0,1.0,False
11023430,validation,Fees or interest,175,175,0,1.0,False
11023441,validation,Fees or interest,263,263,0,1.0,False
11023447,validation,Problem with a purchase shown on your statement,223,223,0,1.0,False
11023538,validation,Fees or interest,337,337,0,1.0,False
11023580,validation,Problem with a purchase shown on your statement,169,169,0,1.0,False
11023609,validation,"Other features, terms, or problems",352,352,0,1.0,False
11024316,validation,Problem with a purchase shown on your statement,79,79,0,1.0,False
11024346,validation,Problem when making payments,595,510,85,0.8571428571428571,True
11024448,validation,Problem when making payments,89,89,0,1.0,False
11024458,validation,"Advertising and marketing, including promotional offers",60,60,0,1.0,False
11024473,validation,"Other features, terms, or problems",259,259,0,1.0,False
11024553,validation,Incorrect information on your report,43,43,0,1.0,False
11024580,validation,Problem with a purchase shown on your statement,82,82,0,1.0,False
11024632,validation,Problem with a purchase shown on your statement,494,494,0,1.0,False
11024645,validation,Fees or interest,283,283,0,1.0,False
11024684,validation,Problem with a purchase shown on your statement,59,59,0,1.0,False
11025047,validation,"Other features, terms, or problems",221,221,0,1.0,False
11025105,validation,"Other features, terms, or problems",46,46,0,1.0,False
11025157,validation,Fees or interest,259,259,0,1.0,False
11025374,validation,Problem with a purchase shown on your statement,211,211,0,1.0,False
11025401,validation,Problem with a purchase shown on your statement,208,208,0,1.0,False
11025710,validation,"Other features, terms, or problems",147,147,0,1.0,False
11025888,validation,Incorrect information on your report,42,42,0,1.0,False
11025915,validation,Trouble using your card,427,427,0,1.0,False
11025968,validation,Fees or interest,94,94,0,1.0,False
11027589,validation,Closing your account,71,71,0,1.0,False
11027908,validation,Problem with a purchase shown on your statement,193,193,0,1.0,False
11028272,validation,Problem with a purchase shown on your statement,350,350,0,1.0,False
11028274,validation,Problem with a purchase shown on your statement,45,45,0,1.0,False
11028552,validation,Problem with a purchase shown on your statement,140,140,0,1.0,False
11028556,validation,Getting a credit card,67,67,0,1.0,False
11028577,validation,Problem when making payments,501,501,0,1.0,False
11029206,validation,Problem with a purchase shown on your statement,374,374,0,1.0,False
11029360,validation,Incorrect information on your report,55,55,0,1.0,False
11029752,validation,"Advertising and marketing, including promotional offers",318,318,0,1.0,False
11029784,validation,"Advertising and marketing, including promotional offers",511,510,1,0.9980430528375733,True
11030208,validation,Getting a credit card,53,53,0,1.0,False
11030213,validation,Problem with a purchase shown on your statement,397,397,0,1.0,False
11030238,validation,"Advertising and marketing, including promotional offers",122,122,0,1.0,False
11030257,validation,Problem with a purchase shown on your statement,751,510,241,0.6790945406125166,True
11030259,validation,Problem with a purchase shown on your statement,120,120,0,1.0,False
11030266,validation,Struggling to pay your bill,147,147,0,1.0,False
11030270,validation,Problem with a purchase shown on your statement,589,510,79,0.865874363327674,True
11031062,validation,"Other features, terms, or problems",289,289,0,1.0,False
11031082,validation,Closing your account,149,149,0,1.0,False
11031124,validation,Getting a credit card,65,65,0,1.0,False
11031763,validation,Problem with a purchase shown on your statement,211,211,0,1.0,False
11031836,validation,Fees or interest,457,457,0,1.0,False
11031896,validation,Getting a credit card,160,160,0,1.0,False
11032892,validation,Problem when making payments,663,510,153,0.7692307692307693,True
11032900,validation,Problem with a purchase shown on your statement,252,252,0,1.0,False
11032901,validation,Problem with a purchase shown on your statement,166,166,0,1.0,False
11032927,validation,Closing your account,196,196,0,1.0,False
11033009,validation,Problem with a purchase shown on your statement,590,510,80,0.864406779661017,True
11033352,validation,"Other features, terms, or problems",218,218,0,1.0,False
11033353,validation,Getting a credit card,211,211,0,1.0,False
11033398,validation,Problem with a purchase shown on your statement,142,142,0,1.0,False
11033729,validation,Getting a credit card,188,188,0,1.0,False
11033869,validation,"Other features, terms, or problems",190,190,0,1.0,False
11033926,validation,Fees or interest,497,497,0,1.0,False
11034006,validation,"Other features, terms, or problems",394,394,0,1.0,False
11034038,validation,Problem with a purchase shown on your statement,256,256,0,1.0,False
11034042,validation,Problem with a company's investigation into an existing problem,127,127,0,1.0,False
11034045,validation,Problem with a purchase shown on your statement,175,175,0,1.0,False
11034086,validation,Incorrect information on your report,112,112,0,1.0,False
11034087,validation,Getting a credit card,471,471,0,1.0,False
11034092,validation,Problem with a purchase shown on your statement,418,418,0,1.0,False
11045555,validation,Problem with a purchase shown on your statement,89,89,0,1.0,False
11045601,validation,Problem when making payments,252,252,0,1.0,False
11095075,validation,Problem with a purchase shown on your statement,62,62,0,1.0,False
11026240,validation,Fees or interest,77,77,0,1.0,False
11026247,validation,Problem when making payments,247,247,0,1.0,False
11026292,validation,Getting a credit card,1064,510,554,0.4793233082706767,True
11026341,validation,Getting a credit card,40,40,0,1.0,False
11026787,validation,Problem with a purchase shown on your statement,43,43,0,1.0,False
11026791,validation,"Other features, terms, or problems",309,309,0,1.0,False
11026862,validation,Fees or interest,124,124,0,1.0,False
11026914,validation,Problem when making payments,43,43,0,1.0,False
11027251,validation,Incorrect information on your report,43,43,0,1.0,False
11027314,validation,Fees or interest,164,164,0,1.0,False
11027641,validation,Problem with a purchase shown on your statement,83,83,0,1.0,False
11027643,validation,Problem with a purchase shown on your statement,836,510,326,0.6100478468899522,True
11027736,validation,"Other features, terms, or problems",49,49,0,1.0,False
11027831,validation,Getting a credit card,160,160,0,1.0,False
11028184,validation,Fees or interest,351,351,0,1.0,False
11028256,validation,Problem when making payments,50,50,0,1.0,False
11028537,validation,Problem with a purchase shown on your statement,78,78,0,1.0,False
11032216,validation,"Advertising and marketing, including promotional offers",166,166,0,1.0,False
11032264,validation,Problem with a purchase shown on your statement,118,118,0,1.0,False
11032273,validation,Getting a credit card,153,153,0,1.0,False
11032394,validation,Problem with a purchase shown on your statement,204,204,0,1.0,False
11032404,validation,Fees or interest,127,127,0,1.0,False
11032433,validation,"Advertising and marketing, including promotional offers",136,136,0,1.0,False
11032480,validation,Problem when making payments,200,200,0,1.0,False
11033459,validation,Getting a credit card,33,33,0,1.0,False
11034195,validation,Getting a credit card,79,79,0,1.0,False
11034305,validation,Trouble using your card,318,318,0,1.0,False
11034713,validation,"Advertising and marketing, including promotional offers",105,105,0,1.0,False
11035156,validation,Fees or interest,170,170,0,1.0,False
11035201,validation,Trouble using your card,57,57,0,1.0,False
11035344,validation,Problem when making payments,272,272,0,1.0,False
11035356,validation,"Advertising and marketing, including promotional offers",368,368,0,1.0,False
11035534,validation,Problem with a purchase shown on your statement,435,435,0,1.0,False
11035584,validation,Problem with a purchase shown on your statement,176,176,0,1.0,False
11035614,validation,Problem with a purchase shown on your statement,310,310,0,1.0,False
11035778,validation,"Other features, terms, or problems",403,403,0,1.0,False
11035840,validation,"Advertising and marketing, including promotional offers",337,337,0,1.0,False
11035850,validation,Trouble using your card,423,423,0,1.0,False
11035879,validation,Problem with a purchase shown on your statement,112,112,0,1.0,False
11037147,validation,Problem with a purchase shown on your statement,512,510,2,0.99609375,True
11037863,validation,Struggling to pay your bill,94,94,0,1.0,False
11037880,validation,Problem with a purchase shown on your statement,102,102,0,1.0,False
11038652,validation,Problem with a purchase shown on your statement,367,367,0,1.0,False
11038669,validation,Fees or interest,183,183,0,1.0,False
11039032,validation,Closing your account,322,322,0,1.0,False
11039062,validation,Closing your account,144,144,0,1.0,False
11039098,validation,Getting a credit card,18,18,0,1.0,False
11039134,validation,"Other features, terms, or problems",507,507,0,1.0,False
11039440,validation,Getting a credit card,134,134,0,1.0,False
11039551,validation,Getting a credit card,163,163,0,1.0,False
11039601,validation,Getting a credit card,249,249,0,1.0,False
11039609,validation,"Advertising and marketing, including promotional offers",262,262,0,1.0,False
11040336,validation,Problem with a purchase shown on your statement,90,90,0,1.0,False
11041243,validation,Fees or interest,105,105,0,1.0,False
11041916,validation,Closing your account,217,217,0,1.0,False
11042303,validation,Problem with a purchase shown on your statement,255,255,0,1.0,False
11043023,validation,"Other features, terms, or problems",158,158,0,1.0,False
11043114,validation,"Advertising and marketing, including promotional offers",134,134,0,1.0,False
11043209,validation,Problem with a purchase shown on your statement,211,211,0,1.0,False
11043317,validation,Closing your account,609,510,99,0.8374384236453202,True
11043322,validation,Problem with a purchase shown on your statement,189,189,0,1.0,False
11043433,validation,"Advertising and marketing, including promotional offers",68,68,0,1.0,False
11043572,validation,Problem with a purchase shown on your statement,146,146,0,1.0,False
11044245,validation,Problem with a purchase shown on your statement,96,96,0,1.0,False
11044554,validation,Problem with a purchase shown on your statement,884,510,374,0.5769230769230769,True
11044703,validation,Problem with a purchase shown on your statement,316,316,0,1.0,False
11045085,validation,Problem with a purchase shown on your statement,610,510,100,0.8360655737704918,True
11045384,validation,"Other features, terms, or problems",282,282,0,1.0,False
11045396,validation,"Other features, terms, or problems",620,510,110,0.8225806451612904,True
11045451,validation,Trouble using your card,332,332,0,1.0,False
11045452,validation,Problem with a purchase shown on your statement,958,510,448,0.5323590814196242,True
11047079,validation,Problem with a purchase shown on your statement,492,492,0,1.0,False
11047098,validation,Problem with a purchase shown on your statement,483,483,0,1.0,False
11047265,validation,Closing your account,100,100,0,1.0,False
11047631,validation,Problem with a purchase shown on your statement,905,510,395,0.56353591160221,True
11047780,validation,Trouble using your card,570,510,60,0.8947368421052632,True
11047792,validation,Getting a credit card,57,57,0,1.0,False
11047856,validation,Fees or interest,197,197,0,1.0,False
11047864,validation,Problem with a purchase shown on your statement,118,118,0,1.0,False
11047869,validation,Fees or interest,166,166,0,1.0,False
11047871,validation,Problem when making payments,214,214,0,1.0,False
11047897,validation,Problem with a purchase shown on your statement,364,364,0,1.0,False
11047997,validation,Problem when making payments,23,23,0,1.0,False
11048089,validation,Problem with a purchase shown on your statement,216,216,0,1.0,False
11048139,validation,Struggling to pay your bill,96,96,0,1.0,False
11048196,validation,Problem with a purchase shown on your statement,204,204,0,1.0,False
11048241,validation,Getting a credit card,37,37,0,1.0,False
11048344,validation,Problem when making payments,177,177,0,1.0,False
11048405,validation,Fees or interest,520,510,10,0.9807692307692307,True
11048454,validation,"Other features, terms, or problems",301,301,0,1.0,False
11048463,validation,Getting a credit card,724,510,214,0.7044198895027625,True
11048515,validation,Struggling to pay your bill,447,447,0,1.0,False
11048732,validation,Problem with a purchase shown on your statement,417,417,0,1.0,False
11048746,validation,Problem with a purchase shown on your statement,487,487,0,1.0,False
11048846,validation,"Other features, terms, or problems",436,436,0,1.0,False
11048929,validation,Problem with a purchase shown on your statement,576,510,66,0.8854166666666666,True
11048933,validation,Problem with a purchase shown on your statement,459,459,0,1.0,False
11049026,validation,Problem with a purchase shown on your statement,54,54,0,1.0,False
11049097,validation,Problem when making payments,497,497,0,1.0,False
11049307,validation,Problem with a purchase shown on your statement,317,317,0,1.0,False
11049333,validation,Problem with a purchase shown on your statement,343,343,0,1.0,False
11036246,validation,"Other features, terms, or problems",129,129,0,1.0,False
11045661,validation,Trouble using your card,94,94,0,1.0,False
11045747,validation,Fees or interest,105,105,0,1.0,False
11045793,validation,Incorrect information on your report,501,501,0,1.0,False
11045809,validation,Problem with a purchase shown on your statement,188,188,0,1.0,False
11046022,validation,Problem with a purchase shown on your statement,124,124,0,1.0,False
11046082,validation,Problem when making payments,43,43,0,1.0,False
11046178,validation,"Advertising and marketing, including promotional offers",222,222,0,1.0,False
11046187,validation,Problem with a purchase shown on your statement,1774,510,1264,0.2874859075535513,True
11046224,validation,Problem with a purchase shown on your statement,163,163,0,1.0,False
11046230,validation,Trouble using your card,79,79,0,1.0,False
11046722,validation,"Other features, terms, or problems",421,421,0,1.0,False
11047916,validation,Problem with a purchase shown on your statement,213,213,0,1.0,False
11048017,validation,Struggling to pay your bill,44,44,0,1.0,False
11049715,validation,Problem when making payments,119,119,0,1.0,False
11049837,validation,Problem when making payments,429,429,0,1.0,False
11050096,validation,Problem with a purchase shown on your statement,124,124,0,1.0,False
11050317,validation,Problem with a purchase shown on your statement,222,222,0,1.0,False
11050408,validation,"Advertising and marketing, including promotional offers",130,130,0,1.0,False
11050827,validation,Problem with a purchase shown on your statement,166,166,0,1.0,False
11050845,validation,"Other features, terms, or problems",213,213,0,1.0,False
11050861,validation,"Advertising and marketing, including promotional offers",315,315,0,1.0,False
11051038,validation,Problem with a company's investigation into an existing problem,68,68,0,1.0,False
11051224,validation,Problem with a purchase shown on your statement,294,294,0,1.0,False
11051511,validation,Problem with a purchase shown on your statement,880,510,370,0.5795454545454546,True
11052427,validation,Fees or interest,607,510,97,0.8401976935749588,True
11053759,validation,Trouble using your card,42,42,0,1.0,False
11053786,validation,"Advertising and marketing, including promotional offers",849,510,339,0.6007067137809188,True
11053870,validation,"Other features, terms, or problems",584,510,74,0.8732876712328768,True
11053885,validation,Closing your account,286,286,0,1.0,False
11054475,validation,Problem with a company's investigation into an existing problem,92,92,0,1.0,False
11054735,validation,Trouble using your card,232,232,0,1.0,False
11054913,validation,Trouble using your card,225,225,0,1.0,False
11055058,validation,Problem when making payments,121,121,0,1.0,False
11055151,validation,Fees or interest,271,271,0,1.0,False
11055331,validation,Problem with a purchase shown on your statement,193,193,0,1.0,False
11055351,validation,Problem when making payments,250,250,0,1.0,False
11056116,validation,"Advertising and marketing, including promotional offers",108,108,0,1.0,False
11056411,validation,Problem with a purchase shown on your statement,247,247,0,1.0,False
11056512,validation,Problem with a purchase shown on your statement,253,253,0,1.0,False
11056548,validation,Problem when making payments,714,510,204,0.7142857142857143,True
11056664,validation,Problem with a purchase shown on your statement,506,506,0,1.0,False
11056768,validation,Problem with a purchase shown on your statement,104,104,0,1.0,False
11056907,validation,Problem with a purchase shown on your statement,644,510,134,0.7919254658385093,True
11056918,validation,Problem with a purchase shown on your statement,380,380,0,1.0,False
11057203,validation,Getting a credit card,73,73,0,1.0,False
11057224,validation,Problem with a purchase shown on your statement,150,150,0,1.0,False
11057466,validation,Fees or interest,90,90,0,1.0,False
11057517,validation,Problem with a purchase shown on your statement,284,284,0,1.0,False
11057628,validation,Problem with a purchase shown on your statement,278,278,0,1.0,False
11057635,validation,"Advertising and marketing, including promotional offers",308,308,0,1.0,False
11058375,validation,Incorrect information on your report,185,185,0,1.0,False
11058381,validation,Problem with a purchase shown on your statement,108,108,0,1.0,False
11058440,validation,Getting a credit card,375,375,0,1.0,False
11058575,validation,"Other features, terms, or problems",241,241,0,1.0,False
11058856,validation,Problem with a purchase shown on your statement,234,234,0,1.0,False
11058944,validation,Problem with a purchase shown on your statement,347,347,0,1.0,False
11059025,validation,Problem with a purchase shown on your statement,71,71,0,1.0,False
11059033,validation,Struggling to pay your bill,212,212,0,1.0,False
11059071,validation,Incorrect information on your report,47,47,0,1.0,False
11059107,validation,Problem with a purchase shown on your statement,358,358,0,1.0,False
11059256,validation,Problem with a purchase shown on your statement,498,498,0,1.0,False
11059284,validation,Problem with a purchase shown on your statement,96,96,0,1.0,False
11059335,validation,"Other features, terms, or problems",762,510,252,0.6692913385826772,True
11059443,validation,Getting a credit card,170,170,0,1.0,False
11059444,validation,Getting a credit card,18,18,0,1.0,False
11059647,validation,Getting a credit card,158,158,0,1.0,False
11059649,validation,Getting a credit card,123,123,0,1.0,False
11059667,validation,Problem when making payments,396,396,0,1.0,False
11059919,validation,Problem with a company's investigation into an existing problem,166,166,0,1.0,False
11059995,validation,"Other features, terms, or problems",143,143,0,1.0,False
11060017,validation,"Other features, terms, or problems",57,57,0,1.0,False
11060044,validation,Problem with a purchase shown on your statement,135,135,0,1.0,False
11060245,validation,Fees or interest,23,23,0,1.0,False
11060355,validation,Getting a credit card,296,296,0,1.0,False
11060580,validation,Problem when making payments,417,417,0,1.0,False
11060600,validation,Incorrect information on your report,169,169,0,1.0,False
11060616,validation,Trouble using your card,328,328,0,1.0,False
11060703,validation,Problem with a purchase shown on your statement,199,199,0,1.0,False
11060758,validation,Problem with a purchase shown on your statement,627,510,117,0.8133971291866029,True
11060923,validation,Fees or interest,191,191,0,1.0,False
11061023,validation,Problem with a company's investigation into an existing problem,557,510,47,0.9156193895870736,True
11061060,validation,Problem with a purchase shown on your statement,26,26,0,1.0,False
11061070,validation,Problem with a purchase shown on your statement,62,62,0,1.0,False
11061088,validation,"Advertising and marketing, including promotional offers",50,50,0,1.0,False
11061096,validation,Problem with a purchase shown on your statement,625,510,115,0.816,True
11061332,validation,Closing your account,335,335,0,1.0,False
11061726,validation,Struggling to pay your bill,242,242,0,1.0,False
11062107,validation,Getting a credit card,13,13,0,1.0,False
11062175,validation,Fees or interest,413,413,0,1.0,False
11062205,validation,Trouble using your card,284,284,0,1.0,False
11062594,validation,"Other features, terms, or problems",75,75,0,1.0,False
11062892,validation,Problem with a purchase shown on your statement,278,278,0,1.0,False
11062981,validation,Problem with a purchase shown on your statement,246,246,0,1.0,False
11063590,validation,"Advertising and marketing, including promotional offers",100,100,0,1.0,False
11063619,validation,Getting a credit card,85,85,0,1.0,False
11063700,validation,Closing your account,151,151,0,1.0,False
11068893,validation,Problem with a purchase shown on your statement,250,250,0,1.0,False
11068907,validation,Closing your account,305,305,0,1.0,False
11121783,validation,Problem with a purchase shown on your statement,572,510,62,0.8916083916083916,True
11136737,validation,Fees or interest,139,139,0,1.0,False
11049654,validation,Incorrect information on your report,100,100,0,1.0,False
11049672,validation,Incorrect information on your report,100,100,0,1.0,False
11052931,validation,"Other features, terms, or problems",309,309,0,1.0,False
11054431,validation,Problem with a company's investigation into an existing problem,46,46,0,1.0,False
11054489,validation,Problem with a purchase shown on your statement,465,465,0,1.0,False
11054521,validation,Trouble using your card,269,269,0,1.0,False
11055150,validation,Fees or interest,319,319,0,1.0,False
11065951,validation,Fees or interest,372,372,0,1.0,False
11066081,validation,Problem with a purchase shown on your statement,386,386,0,1.0,False
11066231,validation,"Other features, terms, or problems",549,510,39,0.9289617486338798,True
11066250,validation,Problem when making payments,300,300,0,1.0,False
11066292,validation,"Other features, terms, or problems",149,149,0,1.0,False
11066300,validation,Problem with a purchase shown on your statement,379,379,0,1.0,False
11066325,validation,Problem with a purchase shown on your statement,403,403,0,1.0,False
11066377,validation,Trouble using your card,125,125,0,1.0,False
11066397,validation,Problem with a company's investigation into an existing problem,41,41,0,1.0,False
11066493,validation,Closing your account,405,405,0,1.0,False
11066757,validation,Closing your account,373,373,0,1.0,False
11066856,validation,Problem with a purchase shown on your statement,243,243,0,1.0,False
11066965,validation,Problem with a purchase shown on your statement,460,460,0,1.0,False
11066989,validation,Problem when making payments,178,178,0,1.0,False
11067121,validation,"Advertising and marketing, including promotional offers",239,239,0,1.0,False
11067156,validation,Getting a credit card,209,209,0,1.0,False
11067199,validation,Problem with a purchase shown on your statement,214,214,0,1.0,False
11067453,validation,Problem with a purchase shown on your statement,252,252,0,1.0,False
11067518,validation,Trouble using your card,67,67,0,1.0,False
11067588,validation,Problem with a purchase shown on your statement,337,337,0,1.0,False
11067594,validation,Trouble using your card,822,510,312,0.6204379562043796,True
11067673,validation,Incorrect information on your report,16,16,0,1.0,False
11067707,validation,Closing your account,163,163,0,1.0,False
11067932,validation,Problem with a purchase shown on your statement,136,136,0,1.0,False
11067954,validation,Trouble using your card,162,162,0,1.0,False
11068064,validation,Problem with a purchase shown on your statement,492,492,0,1.0,False
11068294,validation,"Other features, terms, or problems",303,303,0,1.0,False
11068335,validation,Problem with a purchase shown on your statement,467,467,0,1.0,False
11068365,validation,"Other features, terms, or problems",154,154,0,1.0,False
11068401,validation,Problem with a purchase shown on your statement,104,104,0,1.0,False
11068592,validation,Problem with a purchase shown on your statement,363,363,0,1.0,False
11068741,validation,"Other features, terms, or problems",471,471,0,1.0,False
11068956,validation,Fees or interest,986,510,476,0.5172413793103449,True
11068995,validation,Problem with a purchase shown on your statement,690,510,180,0.7391304347826086,True
11069005,validation,Problem with a purchase shown on your statement,305,305,0,1.0,False
11069044,validation,Problem with a purchase shown on your statement,203,203,0,1.0,False
11069062,validation,Problem with a purchase shown on your statement,412,412,0,1.0,False
11069081,validation,"Advertising and marketing, including promotional offers",230,230,0,1.0,False
11069095,validation,Problem with a purchase shown on your statement,127,127,0,1.0,False
11069150,validation,Problem with a purchase shown on your statement,99,99,0,1.0,False
11069200,validation,Closing your account,198,198,0,1.0,False
11069280,validation,Getting a credit card,166,166,0,1.0,False
11069447,validation,Problem when making payments,296,296,0,1.0,False
11069514,validation,Problem with a purchase shown on your statement,80,80,0,1.0,False
11069664,validation,Incorrect information on your report,111,111,0,1.0,False
11069728,validation,Getting a credit card,183,183,0,1.0,False
11069757,validation,Problem with a purchase shown on your statement,3997,510,3487,0.12759569677257943,True
11069785,validation,Incorrect information on your report,709,510,199,0.7193229901269393,True
11069802,validation,Getting a credit card,95,95,0,1.0,False
11069913,validation,Problem with a purchase shown on your statement,163,163,0,1.0,False
11069940,validation,Trouble using your card,253,253,0,1.0,False
11069964,validation,Problem with a purchase shown on your statement,107,107,0,1.0,False
11070019,validation,"Other features, terms, or problems",140,140,0,1.0,False
11070022,validation,Problem when making payments,94,94,0,1.0,False
11070095,validation,Getting a credit card,11,11,0,1.0,False
11070559,validation,Fees or interest,363,363,0,1.0,False
11070583,validation,Fees or interest,120,120,0,1.0,False
11064174,validation,Problem with a purchase shown on your statement,169,169,0,1.0,False
11065519,validation,Fees or interest,50,50,0,1.0,False
11065520,validation,Problem with a purchase shown on your statement,145,145,0,1.0,False
11065707,validation,Fees or interest,237,237,0,1.0,False
11065752,validation,Trouble using your card,74,74,0,1.0,False
11065829,validation,Incorrect information on your report,13,13,0,1.0,False
11065835,validation,Incorrect information on your report,38,38,0,1.0,False
11065998,validation,Problem with a purchase shown on your statement,514,510,4,0.9922178988326849,True
11071107,validation,Problem with a purchase shown on your statement,158,158,0,1.0,False
11071146,validation,Problem with a purchase shown on your statement,99,99,0,1.0,False
11071783,validation,Getting a credit card,185,185,0,1.0,False
11071841,validation,Struggling to pay your bill,43,43,0,1.0,False
11071844,validation,Problem with a purchase shown on your statement,302,302,0,1.0,False
11071891,validation,Problem with a purchase shown on your statement,151,151,0,1.0,False
11071899,validation,Problem with a purchase shown on your statement,308,308,0,1.0,False
11072155,validation,Problem with a purchase shown on your statement,473,473,0,1.0,False
11072841,validation,Getting a credit card,134,134,0,1.0,False
11072873,validation,Problem when making payments,114,114,0,1.0,False
11072934,validation,Fees or interest,215,215,0,1.0,False
11073007,validation,"Other features, terms, or problems",637,510,127,0.8006279434850864,True
11073012,validation,Closing your account,607,510,97,0.8401976935749588,True
11073013,validation,Problem with a purchase shown on your statement,54,54,0,1.0,False
11073024,validation,Problem with a purchase shown on your statement,670,510,160,0.7611940298507462,True
11073030,validation,Problem with a purchase shown on your statement,36,36,0,1.0,False
11073031,validation,Problem with a purchase shown on your statement,400,400,0,1.0,False
11073073,validation,Problem with a purchase shown on your statement,50,50,0,1.0,False
11074745,validation,Problem with a purchase shown on your statement,553,510,43,0.9222423146473779,True
11074824,validation,"Other features, terms, or problems",34,34,0,1.0,False
11074825,validation,"Advertising and marketing, including promotional offers",256,256,0,1.0,False
11074875,validation,Problem with a purchase shown on your statement,157,157,0,1.0,False
11074898,validation,Trouble using your card,1311,510,801,0.3890160183066362,True
11074928,validation,Closing your account,140,140,0,1.0,False
11074964,validation,Trouble using your card,309,309,0,1.0,False
11075049,validation,"Advertising and marketing, including promotional offers",678,510,168,0.7522123893805309,True
11075097,validation,Problem when making payments,490,490,0,1.0,False
11075178,validation,Problem with a purchase shown on your statement,159,159,0,1.0,False
11076433,validation,Trouble using your card,78,78,0,1.0,False
11076573,validation,Problem with a purchase shown on your statement,736,510,226,0.6929347826086957,True
11076873,validation,Trouble using your card,274,274,0,1.0,False
11076993,validation,"Other features, terms, or problems",774,510,264,0.6589147286821705,True
11078396,validation,Fees or interest,360,360,0,1.0,False
11078464,validation,Struggling to pay your bill,167,167,0,1.0,False
11089077,validation,Problem with a purchase shown on your statement,1773,510,1263,0.2876480541455161,True
11072367,validation,"Other features, terms, or problems",244,244,0,1.0,False
11072368,validation,"Other features, terms, or problems",65,65,0,1.0,False
11072391,validation,"Advertising and marketing, including promotional offers",395,395,0,1.0,False
11072412,validation,Problem when making payments,110,110,0,1.0,False
11072425,validation,Closing your account,116,116,0,1.0,False
11072481,validation,"Other features, terms, or problems",158,158,0,1.0,False
11072552,validation,Problem with a purchase shown on your statement,229,229,0,1.0,False
11073420,validation,"Other features, terms, or problems",107,107,0,1.0,False
11073991,validation,Problem with a purchase shown on your statement,132,132,0,1.0,False
11074022,validation,Problem when making payments,27,27,0,1.0,False
11074023,validation,Problem with a purchase shown on your statement,99,99,0,1.0,False
11074029,validation,"Advertising and marketing, including promotional offers",369,369,0,1.0,False
11075426,validation,Problem when making payments,58,58,0,1.0,False
11075447,validation,Getting a credit card,133,133,0,1.0,False
11075502,validation,Getting a credit card,77,77,0,1.0,False
11075558,validation,Closing your account,53,53,0,1.0,False
11075614,validation,"Other features, terms, or problems",254,254,0,1.0,False
11075913,validation,Problem with a purchase shown on your statement,156,156,0,1.0,False
11076046,validation,Problem with a purchase shown on your statement,1087,510,577,0.46918123275068996,True
11076201,validation,Problem with a purchase shown on your statement,692,510,182,0.7369942196531792,True
11078308,validation,"Advertising and marketing, including promotional offers",157,157,0,1.0,False
11078360,validation,"Other features, terms, or problems",187,187,0,1.0,False
11078442,validation,Problem with a purchase shown on your statement,121,121,0,1.0,False
11078656,validation,Closing your account,103,103,0,1.0,False
11078701,validation,Closing your account,73,73,0,1.0,False
11078787,validation,Problem with a purchase shown on your statement,530,510,20,0.9622641509433962,True
11079735,validation,Problem with a purchase shown on your statement,535,510,25,0.9532710280373832,True
11080140,validation,Problem with a purchase shown on your statement,284,284,0,1.0,False
11080413,validation,Closing your account,99,99,0,1.0,False
11081070,validation,Problem with a purchase shown on your statement,485,485,0,1.0,False
11081161,validation,"Other features, terms, or problems",642,510,132,0.794392523364486,True
11081529,validation,Problem with a purchase shown on your statement,294,294,0,1.0,False
11081541,validation,Closing your account,32,32,0,1.0,False
11083566,validation,"Other features, terms, or problems",584,510,74,0.8732876712328768,True
11084050,validation,Trouble using your card,527,510,17,0.967741935483871,True
11084929,validation,Problem with a company's investigation into an existing problem,92,92,0,1.0,False
11084954,validation,Getting a credit card,22,22,0,1.0,False
11084966,validation,"Other features, terms, or problems",547,510,37,0.9323583180987203,True
11084976,validation,Trouble using your card,145,145,0,1.0,False
11085468,validation,Fees or interest,150,150,0,1.0,False
11085487,validation,Getting a credit card,130,130,0,1.0,False
11085491,validation,Fees or interest,97,97,0,1.0,False
11085638,validation,"Other features, terms, or problems",136,136,0,1.0,False
11086740,validation,"Other features, terms, or problems",114,114,0,1.0,False
11086769,validation,Problem with a purchase shown on your statement,217,217,0,1.0,False
11087143,validation,Closing your account,300,300,0,1.0,False
11087267,validation,Problem with a purchase shown on your statement,283,283,0,1.0,False
11087311,validation,"Other features, terms, or problems",201,201,0,1.0,False
11087579,validation,Getting a credit card,200,200,0,1.0,False
11087826,validation,Trouble using your card,273,273,0,1.0,False
11088049,validation,Problem with a purchase shown on your statement,35,35,0,1.0,False
11088247,validation,Trouble using your card,175,175,0,1.0,False
11088333,validation,Fees or interest,187,187,0,1.0,False
11088336,validation,Trouble using your card,642,510,132,0.794392523364486,True
11088347,validation,Problem with a purchase shown on your statement,223,223,0,1.0,False
11088354,validation,Problem with a purchase shown on your statement,576,510,66,0.8854166666666666,True
11088681,validation,Fees or interest,43,43,0,1.0,False
11088966,validation,"Other features, terms, or problems",458,458,0,1.0,False
11088978,validation,Closing your account,206,206,0,1.0,False
11089133,validation,"Advertising and marketing, including promotional offers",1345,510,835,0.379182156133829,True
11089870,validation,Fees or interest,238,238,0,1.0,False
11089923,validation,Problem with a purchase shown on your statement,174,174,0,1.0,False
11089940,validation,"Other features, terms, or problems",216,216,0,1.0,False
11089962,validation,Getting a credit card,104,104,0,1.0,False
11089989,validation,Problem with a purchase shown on your statement,132,132,0,1.0,False
11090004,validation,Problem with a purchase shown on your statement,461,461,0,1.0,False
11090009,validation,Closing your account,718,510,208,0.7103064066852368,True
11090322,validation,"Other features, terms, or problems",78,78,0,1.0,False
11090362,validation,Getting a credit card,31,31,0,1.0,False
11090464,validation,Problem with a purchase shown on your statement,180,180,0,1.0,False
11090560,validation,"Other features, terms, or problems",197,197,0,1.0,False
11090655,validation,Getting a credit card,222,222,0,1.0,False
11090671,validation,Problem with a purchase shown on your statement,406,406,0,1.0,False
11090677,validation,Problem with a purchase shown on your statement,485,485,0,1.0,False
11090704,validation,"Other features, terms, or problems",398,398,0,1.0,False
11090707,validation,Problem with a purchase shown on your statement,133,133,0,1.0,False
11090723,validation,Problem with a purchase shown on your statement,43,43,0,1.0,False
11091124,validation,Fees or interest,187,187,0,1.0,False
11091445,validation,Fees or interest,918,510,408,0.5555555555555556,True
11091578,validation,Trouble using your card,540,510,30,0.9444444444444444,True
11091715,validation,Fees or interest,509,509,0,1.0,False
11121779,validation,Problem with a purchase shown on your statement,759,510,249,0.6719367588932806,True
11077871,validation,Problem when making payments,68,68,0,1.0,False
11077874,validation,Problem when making payments,78,78,0,1.0,False
11077909,validation,"Other features, terms, or problems",133,133,0,1.0,False
11078571,validation,Incorrect information on your report,115,115,0,1.0,False
11078583,validation,Trouble using your card,183,183,0,1.0,False
11079309,validation,Struggling to pay your bill,36,36,0,1.0,False
11079696,validation,"Other features, terms, or problems",268,268,0,1.0,False
11079701,validation,"Other features, terms, or problems",23,23,0,1.0,False
11079716,validation,"Advertising and marketing, including promotional offers",132,132,0,1.0,False
11079828,validation,"Advertising and marketing, including promotional offers",1113,510,603,0.4582210242587601,True
11079830,validation,Fees or interest,354,354,0,1.0,False
11079833,validation,Fees or interest,252,252,0,1.0,False
11079863,validation,"Advertising and marketing, including promotional offers",40,40,0,1.0,False
11079867,validation,Incorrect information on your report,128,128,0,1.0,False
11079868,validation,Getting a credit card,71,71,0,1.0,False
11079872,validation,"Other features, terms, or problems",750,510,240,0.68,True
11080710,validation,"Advertising and marketing, including promotional offers",143,143,0,1.0,False
11080828,validation,Getting a credit card,413,413,0,1.0,False
11080899,validation,Problem when making payments,200,200,0,1.0,False
11081060,validation,"Advertising and marketing, including promotional offers",221,221,0,1.0,False
11081272,validation,Incorrect information on your report,391,391,0,1.0,False
11081286,validation,Problem with a purchase shown on your statement,419,419,0,1.0,False
11082407,validation,Problem with a purchase shown on your statement,1410,510,900,0.3617021276595745,True
11084882,validation,Closing your account,120,120,0,1.0,False
11085525,validation,Problem with a purchase shown on your statement,374,374,0,1.0,False
11092609,validation,"Advertising and marketing, including promotional offers",284,284,0,1.0,False
11092941,validation,Fees or interest,303,303,0,1.0,False
11092947,validation,Fees or interest,1489,510,979,0.3425117528542646,True
11092992,validation,Trouble using your card,234,234,0,1.0,False
11093097,validation,Getting a credit card,355,355,0,1.0,False
11093262,validation,Closing your account,286,286,0,1.0,False
11093344,validation,Problem with a purchase shown on your statement,206,206,0,1.0,False
11093513,validation,"Other features, terms, or problems",94,94,0,1.0,False
11093724,validation,Getting a credit card,195,195,0,1.0,False
11093975,validation,Closing your account,179,179,0,1.0,False
11094083,validation,Fees or interest,373,373,0,1.0,False
11094315,validation,Closing your account,97,97,0,1.0,False
11094950,validation,Fees or interest,201,201,0,1.0,False
11095198,validation,"Advertising and marketing, including promotional offers",411,411,0,1.0,False
11095205,validation,Problem with a purchase shown on your statement,263,263,0,1.0,False
11095355,validation,Fees or interest,354,354,0,1.0,False
11095373,validation,Trouble using your card,67,67,0,1.0,False
11095524,validation,"Other features, terms, or problems",47,47,0,1.0,False
11095526,validation,"Advertising and marketing, including promotional offers",179,179,0,1.0,False
11095616,validation,Trouble using your card,117,117,0,1.0,False
11095643,validation,Fees or interest,515,510,5,0.9902912621359223,True
11096160,validation,Problem with a purchase shown on your statement,363,363,0,1.0,False
11096237,validation,Problem with a purchase shown on your statement,246,246,0,1.0,False
11096244,validation,Closing your account,217,217,0,1.0,False
11096293,validation,Problem with a purchase shown on your statement,319,319,0,1.0,False
11096313,validation,Problem when making payments,305,305,0,1.0,False
11096862,validation,Fees or interest,1052,510,542,0.4847908745247148,True
11096926,validation,Problem with a purchase shown on your statement,693,510,183,0.7359307359307359,True
11096974,validation,Problem with a purchase shown on your statement,318,318,0,1.0,False
11096978,validation,"Other features, terms, or problems",144,144,0,1.0,False
11097100,validation,Incorrect information on your report,238,238,0,1.0,False
11097195,validation,Problem when making payments,113,113,0,1.0,False
11097313,validation,Incorrect information on your report,240,240,0,1.0,False
11097628,validation,Closing your account,139,139,0,1.0,False
11097739,validation,"Other features, terms, or problems",245,245,0,1.0,False
11097783,validation,Problem with a purchase shown on your statement,105,105,0,1.0,False
11097841,validation,"Advertising and marketing, including promotional offers",340,340,0,1.0,False
11097844,validation,Closing your account,369,369,0,1.0,False
11097985,validation,Problem with a purchase shown on your statement,201,201,0,1.0,False
11098137,validation,"Other features, terms, or problems",351,351,0,1.0,False
11098221,validation,Closing your account,371,371,0,1.0,False
11098701,validation,Closing your account,429,429,0,1.0,False
11098709,validation,Getting a credit card,37,37,0,1.0,False
11098743,validation,Problem with a purchase shown on your statement,870,510,360,0.5862068965517241,True
11098775,validation,"Advertising and marketing, including promotional offers",390,390,0,1.0,False
11098834,validation,Getting a credit card,159,159,0,1.0,False
11098891,validation,"Other features, terms, or problems",498,498,0,1.0,False
11098911,validation,Closing your account,689,510,179,0.7402031930333817,True
11098970,validation,Fees or interest,351,351,0,1.0,False
11098972,validation,Struggling to pay your bill,510,510,0,1.0,False
11099425,validation,Fees or interest,312,312,0,1.0,False
11099525,validation,Problem with a purchase shown on your statement,186,186,0,1.0,False
11099616,validation,Closing your account,232,232,0,1.0,False
11099663,validation,Problem when making payments,26,26,0,1.0,False
11100052,validation,Getting a credit card,22,22,0,1.0,False
11100106,validation,Problem when making payments,335,335,0,1.0,False
11100755,validation,Problem with a purchase shown on your statement,171,171,0,1.0,False
11100849,validation,Problem with a purchase shown on your statement,316,316,0,1.0,False
11100923,validation,"Other features, terms, or problems",185,185,0,1.0,False
11101369,validation,Getting a credit card,141,141,0,1.0,False
11102493,validation,"Other features, terms, or problems",97,97,0,1.0,False
11104425,validation,Fees or interest,111,111,0,1.0,False
11104428,validation,Fees or interest,332,332,0,1.0,False
11104436,validation,"Other features, terms, or problems",223,223,0,1.0,False
11104505,validation,Problem with a purchase shown on your statement,349,349,0,1.0,False
11104609,validation,Trouble using your card,331,331,0,1.0,False
11106972,validation,Fees or interest,261,261,0,1.0,False
11106998,validation,Problem with a purchase shown on your statement,284,284,0,1.0,False
11107011,validation,Fees or interest,139,139,0,1.0,False
11107023,validation,Trouble using your card,489,489,0,1.0,False
11107097,validation,"Advertising and marketing, including promotional offers",556,510,46,0.9172661870503597,True
11107136,validation,"Other features, terms, or problems",183,183,0,1.0,False
11107144,validation,Fees or interest,571,510,61,0.8931698774080561,True
11107164,validation,"Other features, terms, or problems",56,56,0,1.0,False
11107168,validation,Getting a credit card,32,32,0,1.0,False
11107482,validation,Incorrect information on your report,72,72,0,1.0,False
11107733,validation,Fees or interest,424,424,0,1.0,False
11094544,validation,Closing your account,174,174,0,1.0,False
11094687,validation,"Other features, terms, or problems",236,236,0,1.0,False
11094815,validation,Fees or interest,97,97,0,1.0,False
11094846,validation,Problem with a purchase shown on your statement,1409,510,899,0.36195883605393897,True
11094967,validation,Problem with a purchase shown on your statement,170,170,0,1.0,False
11094983,validation,Closing your account,379,379,0,1.0,False
11095111,validation,Problem with a purchase shown on your statement,159,159,0,1.0,False
11095814,validation,Problem when making payments,106,106,0,1.0,False
11096130,validation,Problem when making payments,891,510,381,0.5723905723905723,True
11096152,validation,Fees or interest,375,375,0,1.0,False
11096584,validation,Problem when making payments,28,28,0,1.0,False
11097006,validation,Problem with a purchase shown on your statement,287,287,0,1.0,False
11097045,validation,"Advertising and marketing, including promotional offers",64,64,0,1.0,False
11099305,validation,Problem with a purchase shown on your statement,575,510,65,0.8869565217391304,True
11099778,validation,"Advertising and marketing, including promotional offers",114,114,0,1.0,False
11100978,validation,Fees or interest,264,264,0,1.0,False
11106336,validation,"Other features, terms, or problems",503,503,0,1.0,False
11106346,validation,Closing your account,13,13,0,1.0,False
11107188,validation,Getting a credit card,50,50,0,1.0,False
11107193,validation,Trouble using your card,566,510,56,0.901060070671378,True
11107198,validation,Problem when making payments,430,430,0,1.0,False
11107863,validation,Problem with a purchase shown on your statement,1024,510,514,0.498046875,True
11107897,validation,"Other features, terms, or problems",329,329,0,1.0,False
11108203,validation,Problem with a purchase shown on your statement,225,225,0,1.0,False
11108225,validation,"Other features, terms, or problems",81,81,0,1.0,False
11108263,validation,Struggling to pay your bill,62,62,0,1.0,False
11108584,validation,Closing your account,300,300,0,1.0,False
11108590,validation,Getting a credit card,34,34,0,1.0,False
11108621,validation,Problem with a purchase shown on your statement,361,361,0,1.0,False
11108639,validation,Fees or interest,533,510,23,0.9568480300187617,True
11108657,validation,Fees or interest,39,39,0,1.0,False
11109152,validation,Problem with a purchase shown on your statement,117,117,0,1.0,False
11109317,validation,Problem with a purchase shown on your statement,345,345,0,1.0,False
11109881,validation,Fees or interest,164,164,0,1.0,False
11110082,validation,Problem with a purchase shown on your statement,230,230,0,1.0,False
11110090,validation,Problem with a purchase shown on your statement,216,216,0,1.0,False
11110097,validation,Getting a credit card,232,232,0,1.0,False
11110113,validation,Problem with a company's investigation into an existing problem,510,510,0,1.0,False
11110134,validation,Problem with a purchase shown on your statement,469,469,0,1.0,False
11110141,validation,Problem with a purchase shown on your statement,123,123,0,1.0,False
11110163,validation,Fees or interest,133,133,0,1.0,False
11110178,validation,Getting a credit card,291,291,0,1.0,False
11110189,validation,"Other features, terms, or problems",96,96,0,1.0,False
11110208,validation,"Other features, terms, or problems",200,200,0,1.0,False
11110324,validation,Getting a credit card,110,110,0,1.0,False
11110343,validation,Problem with a purchase shown on your statement,472,472,0,1.0,False
11112046,validation,Getting a credit card,102,102,0,1.0,False
11112741,validation,Problem when making payments,254,254,0,1.0,False
11113026,validation,"Other features, terms, or problems",245,245,0,1.0,False
11113065,validation,Problem with a purchase shown on your statement,365,365,0,1.0,False
11113208,validation,Closing your account,518,510,8,0.9845559845559846,True
11113751,validation,Struggling to pay your bill,106,106,0,1.0,False
11113761,validation,Closing your account,258,258,0,1.0,False
11113931,validation,Getting a credit card,873,510,363,0.584192439862543,True
11114626,validation,Problem with a purchase shown on your statement,219,219,0,1.0,False
11114709,validation,Closing your account,45,45,0,1.0,False
11114753,validation,"Other features, terms, or problems",267,267,0,1.0,False
11115088,validation,"Other features, terms, or problems",63,63,0,1.0,False
11115315,validation,Closing your account,257,257,0,1.0,False
11116531,validation,Trouble using your card,245,245,0,1.0,False
11116582,validation,Fees or interest,1443,510,933,0.35343035343035345,True
11116670,validation,"Other features, terms, or problems",143,143,0,1.0,False
11116722,validation,"Other features, terms, or problems",486,486,0,1.0,False
11117327,validation,"Other features, terms, or problems",308,308,0,1.0,False
11117697,validation,Problem with a purchase shown on your statement,60,60,0,1.0,False
11117710,validation,Trouble using your card,864,510,354,0.5902777777777778,True
11117863,validation,Problem with a purchase shown on your statement,1195,510,685,0.42677824267782427,True
11118078,validation,Problem with a purchase shown on your statement,201,201,0,1.0,False
11118552,validation,Problem with a purchase shown on your statement,579,510,69,0.8808290155440415,True
11118816,validation,Getting a credit card,72,72,0,1.0,False
11119011,validation,Problem with a purchase shown on your statement,108,108,0,1.0,False
11119078,validation,Fees or interest,114,114,0,1.0,False
11119556,validation,Fees or interest,72,72,0,1.0,False
11119747,validation,Closing your account,299,299,0,1.0,False
11119904,validation,Trouble using your card,107,107,0,1.0,False
11120138,validation,Problem with a purchase shown on your statement,471,471,0,1.0,False
11120146,validation,"Other features, terms, or problems",173,173,0,1.0,False
11120423,validation,Problem when making payments,67,67,0,1.0,False
11120584,validation,Problem with a purchase shown on your statement,46,46,0,1.0,False
11120771,validation,"Advertising and marketing, including promotional offers",402,402,0,1.0,False
11120842,validation,Problem with a purchase shown on your statement,134,134,0,1.0,False
11120958,validation,Trouble using your card,129,129,0,1.0,False
11120974,validation,Problem with a purchase shown on your statement,315,315,0,1.0,False
11121152,validation,Getting a credit card,25,25,0,1.0,False
11121219,validation,Problem with a purchase shown on your statement,196,196,0,1.0,False
11121271,validation,Problem with a company's investigation into an existing problem,56,56,0,1.0,False
11121288,validation,Problem with a purchase shown on your statement,227,227,0,1.0,False
11121336,validation,"Advertising and marketing, including promotional offers",487,487,0,1.0,False
11121579,validation,Problem with a purchase shown on your statement,80,80,0,1.0,False
11121609,validation,Closing your account,258,258,0,1.0,False
11121692,validation,Problem with a purchase shown on your statement,254,254,0,1.0,False
11121811,validation,Getting a credit card,423,423,0,1.0,False
11121853,validation,Incorrect information on your report,89,89,0,1.0,False
11121944,validation,Getting a credit card,78,78,0,1.0,False
11122204,validation,Trouble using your card,168,168,0,1.0,False
11122384,validation,Trouble using your card,29,29,0,1.0,False
11122617,validation,"Advertising and marketing, including promotional offers",229,229,0,1.0,False
11122624,validation,Problem with a purchase shown on your statement,417,417,0,1.0,False
11122928,validation,"Other features, terms, or problems",206,206,0,1.0,False
11122946,validation,Problem with a purchase shown on your statement,241,241,0,1.0,False
11122966,validation,Problem with a purchase shown on your statement,749,510,239,0.6809078771695594,True
11123236,validation,"Other features, terms, or problems",253,253,0,1.0,False
11123362,validation,Closing your account,52,52,0,1.0,False
11125611,validation,Problem with a purchase shown on your statement,246,246,0,1.0,False
11136608,validation,"Other features, terms, or problems",540,510,30,0.9444444444444444,True
11149642,validation,Getting a credit card,325,325,0,1.0,False
11189440,validation,Getting a credit card,17,17,0,1.0,False
11108844,validation,Problem with a purchase shown on your statement,403,403,0,1.0,False
11108868,validation,"Other features, terms, or problems",114,114,0,1.0,False
11108904,validation,Trouble using your card,75,75,0,1.0,False
11109633,validation,"Advertising and marketing, including promotional offers",190,190,0,1.0,False
11109743,validation,Problem with a purchase shown on your statement,212,212,0,1.0,False
11109776,validation,Problem with a purchase shown on your statement,481,481,0,1.0,False
11109917,validation,"Other features, terms, or problems",89,89,0,1.0,False
11109985,validation,Closing your account,469,469,0,1.0,False
11110080,validation,Closing your account,87,87,0,1.0,False
11111167,validation,Closing your account,124,124,0,1.0,False
11111181,validation,Closing your account,9,9,0,1.0,False
11111270,validation,Fees or interest,129,129,0,1.0,False
11111282,validation,Trouble using your card,505,505,0,1.0,False
11111327,validation,"Other features, terms, or problems",2410,510,1900,0.21161825726141079,True
11111331,validation,"Other features, terms, or problems",357,357,0,1.0,False
11111382,validation,Problem with a purchase shown on your statement,366,366,0,1.0,False
11111388,validation,Closing your account,136,136,0,1.0,False
11111690,validation,Problem when making payments,184,184,0,1.0,False
11111883,validation,Fees or interest,569,510,59,0.8963093145869947,True
11111942,validation,Problem with a purchase shown on your statement,139,139,0,1.0,False
11112007,validation,"Other features, terms, or problems",939,510,429,0.5431309904153354,True
11112777,validation,Problem when making payments,258,258,0,1.0,False
11122211,validation,Getting a credit card,630,510,120,0.8095238095238095,True
11123099,validation,Trouble using your card,115,115,0,1.0,False
11125511,validation,"Advertising and marketing, including promotional offers",402,402,0,1.0,False
11127358,validation,Problem when making payments,368,368,0,1.0,False
11127396,validation,Trouble using your card,280,280,0,1.0,False
11127450,validation,Problem with a purchase shown on your statement,208,208,0,1.0,False
11127501,validation,"Other features, terms, or problems",496,496,0,1.0,False
11127512,validation,Problem with a purchase shown on your statement,157,157,0,1.0,False
11127536,validation,Problem with a purchase shown on your statement,211,211,0,1.0,False
11129255,validation,Problem with a purchase shown on your statement,159,159,0,1.0,False
11129397,validation,"Advertising and marketing, including promotional offers",115,115,0,1.0,False
11129524,validation,Getting a credit card,38,38,0,1.0,False
11129543,validation,Problem with a purchase shown on your statement,77,77,0,1.0,False
11129759,validation,Trouble using your card,66,66,0,1.0,False
11130267,validation,"Advertising and marketing, including promotional offers",385,385,0,1.0,False
11130342,validation,Problem with a purchase shown on your statement,167,167,0,1.0,False
11130465,validation,"Advertising and marketing, including promotional offers",122,122,0,1.0,False
11130503,validation,"Advertising and marketing, including promotional offers",724,510,214,0.7044198895027625,True
11130513,validation,Problem with a purchase shown on your statement,509,509,0,1.0,False
11130600,validation,"Other features, terms, or problems",356,356,0,1.0,False
11130659,validation,Fees or interest,337,337,0,1.0,False
11130826,validation,Problem with a purchase shown on your statement,290,290,0,1.0,False
11130837,validation,Fees or interest,52,52,0,1.0,False
11131606,validation,Fees or interest,199,199,0,1.0,False
11131684,validation,Problem with a purchase shown on your statement,227,227,0,1.0,False
11131693,validation,Fees or interest,177,177,0,1.0,False
11131813,validation,Problem when making payments,228,228,0,1.0,False
11131823,validation,"Other features, terms, or problems",584,510,74,0.8732876712328768,True
11131827,validation,Closing your account,721,510,211,0.7073509015256588,True
11131943,validation,Getting a credit card,274,274,0,1.0,False
11131945,validation,Getting a credit card,28,28,0,1.0,False
11131946,validation,"Other features, terms, or problems",588,510,78,0.8673469387755102,True
11131948,validation,Closing your account,288,288,0,1.0,False
11132515,validation,Problem with a purchase shown on your statement,643,510,133,0.7931570762052877,True
11133037,validation,Closing your account,97,97,0,1.0,False
11133050,validation,Problem when making payments,338,338,0,1.0,False
11133057,validation,Problem when making payments,71,71,0,1.0,False
11133402,validation,Problem with a purchase shown on your statement,101,101,0,1.0,False
11134045,validation,Problem with a purchase shown on your statement,175,175,0,1.0,False
11134340,validation,Problem with a purchase shown on your statement,826,510,316,0.6174334140435835,True
11134345,validation,Problem when making payments,85,85,0,1.0,False
11134379,validation,Struggling to pay your bill,113,113,0,1.0,False
11135793,validation,"Other features, terms, or problems",35,35,0,1.0,False
11135817,validation,Problem when making payments,76,76,0,1.0,False
11135865,validation,Problem with a purchase shown on your statement,413,413,0,1.0,False
11135909,validation,Problem with a purchase shown on your statement,274,274,0,1.0,False
11136584,validation,Trouble using your card,93,93,0,1.0,False
11136644,validation,Problem with a purchase shown on your statement,250,250,0,1.0,False
11136677,validation,"Other features, terms, or problems",456,456,0,1.0,False
11136699,validation,"Other features, terms, or problems",647,510,137,0.7882534775888718,True
11136741,validation,Problem with a purchase shown on your statement,626,510,116,0.8146964856230032,True
11136747,validation,Problem when making payments,1235,510,725,0.41295546558704455,True
11136803,validation,Problem with a purchase shown on your statement,262,262,0,1.0,False
11136899,validation,Fees or interest,306,306,0,1.0,False
11136999,validation,Getting a credit card,688,510,178,0.7412790697674418,True
11137398,validation,Incorrect information on your report,216,216,0,1.0,False
11137674,validation,"Advertising and marketing, including promotional offers",239,239,0,1.0,False
11137685,validation,Problem with a purchase shown on your statement,557,510,47,0.9156193895870736,True
11137716,validation,Problem with a purchase shown on your statement,468,468,0,1.0,False
11137847,validation,Getting a credit card,308,308,0,1.0,False
11137864,validation,"Other features, terms, or problems",482,482,0,1.0,False
11137897,validation,Incorrect information on your report,72,72,0,1.0,False
11137938,validation,Fees or interest,287,287,0,1.0,False
11138006,validation,Closing your account,594,510,84,0.8585858585858586,True
11138157,validation,Problem with a purchase shown on your statement,32,32,0,1.0,False
11138171,validation,Fees or interest,426,426,0,1.0,False
11138310,validation,Getting a credit card,97,97,0,1.0,False
11138665,validation,Problem with a purchase shown on your statement,35,35,0,1.0,False
11138719,validation,Fees or interest,398,398,0,1.0,False
11138748,validation,Incorrect information on your report,216,216,0,1.0,False
11138757,validation,Fees or interest,197,197,0,1.0,False
11138767,validation,"Other features, terms, or problems",556,510,46,0.9172661870503597,True
11138795,validation,"Other features, terms, or problems",54,54,0,1.0,False
11138797,validation,Closing your account,978,510,468,0.5214723926380368,True
11138809,validation,Getting a credit card,50,50,0,1.0,False
11138838,validation,Fees or interest,211,211,0,1.0,False
11123511,validation,Incorrect information on your report,86,86,0,1.0,False
11123601,validation,"Other features, terms, or problems",370,370,0,1.0,False
11124089,validation,Problem with a purchase shown on your statement,317,317,0,1.0,False
11126271,validation,Getting a credit card,34,34,0,1.0,False
11126278,validation,Fees or interest,162,162,0,1.0,False
11127913,validation,Problem with a purchase shown on your statement,325,325,0,1.0,False
11127941,validation,"Advertising and marketing, including promotional offers",329,329,0,1.0,False
11128372,validation,Problem with a purchase shown on your statement,247,247,0,1.0,False
11128383,validation,Fees or interest,307,307,0,1.0,False
11128397,validation,Trouble using your card,359,359,0,1.0,False
11128752,validation,Problem with a purchase shown on your statement,387,387,0,1.0,False
11128753,validation,"Other features, terms, or problems",203,203,0,1.0,False
11128763,validation,Getting a credit card,28,28,0,1.0,False
11129887,validation,Closing your account,83,83,0,1.0,False
11129972,validation,Closing your account,99,99,0,1.0,False
11130099,validation,Problem with a purchase shown on your statement,151,151,0,1.0,False
11131068,validation,Problem with a company's investigation into an existing problem,290,290,0,1.0,False
11138981,validation,Problem with a purchase shown on your statement,232,232,0,1.0,False
11138983,validation,Closing your account,603,510,93,0.845771144278607,True
11138999,validation,Problem with a purchase shown on your statement,95,95,0,1.0,False
11139021,validation,Fees or interest,148,148,0,1.0,False
11139544,validation,Getting a credit card,97,97,0,1.0,False
11139560,validation,Problem with a purchase shown on your statement,164,164,0,1.0,False
11139612,validation,Closing your account,190,190,0,1.0,False
11139619,validation,Getting a credit card,289,289,0,1.0,False
11139629,validation,Fees or interest,303,303,0,1.0,False
11139659,validation,Getting a credit card,189,189,0,1.0,False
11139679,validation,Fees or interest,1040,510,530,0.49038461538461536,True
11139681,validation,Closing your account,626,510,116,0.8146964856230032,True
11140414,validation,Getting a credit card,57,57,0,1.0,False
11140490,validation,Problem with a purchase shown on your statement,212,212,0,1.0,False
11140498,validation,Problem when making payments,358,358,0,1.0,False
11140500,validation,Problem with a purchase shown on your statement,56,56,0,1.0,False
11140547,validation,Problem with a purchase shown on your statement,98,98,0,1.0,False
11140598,validation,Problem with a company's investigation into an existing problem,114,114,0,1.0,False
11140629,validation,Problem with a purchase shown on your statement,101,101,0,1.0,False
11140673,validation,Problem with a purchase shown on your statement,102,102,0,1.0,False
11140748,validation,"Other features, terms, or problems",176,176,0,1.0,False
11142401,validation,Getting a credit card,123,123,0,1.0,False
11142487,validation,"Other features, terms, or problems",314,314,0,1.0,False
11142570,validation,Problem with a purchase shown on your statement,43,43,0,1.0,False
11142654,validation,"Other features, terms, or problems",293,293,0,1.0,False
11142700,validation,Struggling to pay your bill,55,55,0,1.0,False
11142702,validation,Getting a credit card,149,149,0,1.0,False
11142793,validation,"Other features, terms, or problems",296,296,0,1.0,False
11142820,validation,"Other features, terms, or problems",171,171,0,1.0,False
11142888,validation,Closing your account,231,231,0,1.0,False
11142920,validation,Problem with a purchase shown on your statement,207,207,0,1.0,False
11143155,validation,"Other features, terms, or problems",112,112,0,1.0,False
11144820,validation,Problem with a purchase shown on your statement,180,180,0,1.0,False
11144885,validation,"Other features, terms, or problems",292,292,0,1.0,False
11145195,validation,Problem with a purchase shown on your statement,205,205,0,1.0,False
11145256,validation,Closing your account,70,70,0,1.0,False
11145347,validation,Problem when making payments,44,44,0,1.0,False
11145354,validation,Incorrect information on your report,223,223,0,1.0,False
11145371,validation,Problem with a purchase shown on your statement,1022,510,512,0.49902152641878667,True
11145373,validation,Fees or interest,117,117,0,1.0,False
11145413,validation,Closing your account,84,84,0,1.0,False
11145416,validation,Problem with a purchase shown on your statement,75,75,0,1.0,False
11145702,validation,Closing your account,44,44,0,1.0,False
11146071,validation,Problem with a purchase shown on your statement,240,240,0,1.0,False
11146324,validation,"Advertising and marketing, including promotional offers",184,184,0,1.0,False
11146642,validation,Problem with a purchase shown on your statement,341,341,0,1.0,False
11146668,validation,Fees or interest,323,323,0,1.0,False
11146805,validation,Problem with a purchase shown on your statement,790,510,280,0.6455696202531646,True
11146928,validation,Getting a credit card,61,61,0,1.0,False
11146938,validation,Trouble using your card,34,34,0,1.0,False
11147014,validation,"Other features, terms, or problems",212,212,0,1.0,False
11147435,validation,Problem with a purchase shown on your statement,558,510,48,0.9139784946236559,True
11147835,validation,Problem with a purchase shown on your statement,277,277,0,1.0,False
11148501,validation,Fees or interest,499,499,0,1.0,False
11148508,validation,Problem when making payments,575,510,65,0.8869565217391304,True
11149080,validation,"Other features, terms, or problems",64,64,0,1.0,False
11149128,validation,Fees or interest,99,99,0,1.0,False
11149253,validation,Problem with a purchase shown on your statement,69,69,0,1.0,False
11149282,validation,"Other features, terms, or problems",258,258,0,1.0,False
11149319,validation,Fees or interest,336,336,0,1.0,False
11149350,validation,Problem with a purchase shown on your statement,231,231,0,1.0,False
11149487,validation,Trouble using your card,283,283,0,1.0,False
11150110,validation,Closing your account,178,178,0,1.0,False
11150112,validation,Closing your account,43,43,0,1.0,False
11150120,validation,Getting a credit card,212,212,0,1.0,False
11150153,validation,Problem with a purchase shown on your statement,447,447,0,1.0,False
11150327,validation,Fees or interest,102,102,0,1.0,False
11150348,validation,Problem when making payments,182,182,0,1.0,False
11150349,validation,Closing your account,553,510,43,0.9222423146473779,True
11151029,validation,"Other features, terms, or problems",156,156,0,1.0,False
11151362,validation,Problem with a purchase shown on your statement,702,510,192,0.7264957264957265,True
11151428,validation,Problem with a purchase shown on your statement,117,117,0,1.0,False
11151491,validation,Problem with a purchase shown on your statement,127,127,0,1.0,False
11151497,validation,Problem with a purchase shown on your statement,129,129,0,1.0,False
11151501,validation,Problem with a purchase shown on your statement,109,109,0,1.0,False
11151590,validation,"Advertising and marketing, including promotional offers",247,247,0,1.0,False
11151671,validation,Fees or interest,1419,510,909,0.3594080338266385,True
11151672,validation,Fees or interest,230,230,0,1.0,False
11152202,validation,Problem with a purchase shown on your statement,183,183,0,1.0,False
11152360,validation,Problem when making payments,423,423,0,1.0,False
11141587,validation,Problem with a purchase shown on your statement,214,214,0,1.0,False
11144269,validation,Getting a credit card,81,81,0,1.0,False
11144402,validation,Fees or interest,339,339,0,1.0,False
11144456,validation,Problem with a company's investigation into an existing problem,207,207,0,1.0,False
11147619,validation,"Other features, terms, or problems",334,334,0,1.0,False
11148302,validation,Problem when making payments,65,65,0,1.0,False
11148516,validation,"Advertising and marketing, including promotional offers",155,155,0,1.0,False
11148679,validation,Fees or interest,265,265,0,1.0,False
11153271,validation,"Other features, terms, or problems",138,138,0,1.0,False
11153485,validation,Problem when making payments,149,149,0,1.0,False
11153799,validation,Problem when making payments,222,222,0,1.0,False
11153810,validation,Problem with a purchase shown on your statement,518,510,8,0.9845559845559846,True
11153815,validation,Problem with a purchase shown on your statement,956,510,446,0.5334728033472803,True
11153844,validation,"Other features, terms, or problems",93,93,0,1.0,False
11154089,validation,Fees or interest,118,118,0,1.0,False
11154100,validation,Trouble using your card,121,121,0,1.0,False
11154120,validation,Fees or interest,303,303,0,1.0,False
11154328,validation,Problem with a purchase shown on your statement,190,190,0,1.0,False
11154350,validation,Closing your account,201,201,0,1.0,False
11154445,validation,"Other features, terms, or problems",31,31,0,1.0,False
11154482,validation,Closing your account,220,220,0,1.0,False
11154514,validation,"Other features, terms, or problems",426,426,0,1.0,False
11154569,validation,Problem with a purchase shown on your statement,357,357,0,1.0,False
11154580,validation,Fees or interest,155,155,0,1.0,False
11154589,validation,Problem with a company's investigation into an existing problem,287,287,0,1.0,False
11154606,validation,Fees or interest,115,115,0,1.0,False
11154878,validation,Problem with a purchase shown on your statement,101,101,0,1.0,False
11155020,validation,Problem when making payments,101,101,0,1.0,False
11155024,validation,Problem with a purchase shown on your statement,124,124,0,1.0,False
11155106,validation,Problem when making payments,92,92,0,1.0,False
11155155,validation,Problem with a purchase shown on your statement,258,258,0,1.0,False
11155393,validation,Trouble using your card,103,103,0,1.0,False
11156493,validation,Problem with a purchase shown on your statement,375,375,0,1.0,False
11156499,validation,"Other features, terms, or problems",94,94,0,1.0,False
11156504,validation,Fees or interest,164,164,0,1.0,False
11156538,validation,Problem when making payments,535,510,25,0.9532710280373832,True
11156554,validation,Closing your account,211,211,0,1.0,False
11156559,validation,Problem when making payments,83,83,0,1.0,False
11156580,validation,Closing your account,357,357,0,1.0,False
11156618,validation,Problem with a purchase shown on your statement,204,204,0,1.0,False
11156620,validation,Problem with a purchase shown on your statement,473,473,0,1.0,False
11156635,validation,Problem with a purchase shown on your statement,478,478,0,1.0,False
11156639,validation,Closing your account,195,195,0,1.0,False
11156670,validation,Fees or interest,115,115,0,1.0,False
11156762,validation,Problem when making payments,105,105,0,1.0,False
11156832,validation,Struggling to pay your bill,193,193,0,1.0,False
11156889,validation,Fees or interest,334,334,0,1.0,False
11156934,validation,Problem with a company's investigation into an existing problem,137,137,0,1.0,False
11156940,validation,Problem with a purchase shown on your statement,266,266,0,1.0,False
11156995,validation,Getting a credit card,130,130,0,1.0,False
11157411,validation,Closing your account,856,510,346,0.5957943925233645,True
11157416,validation,Problem with a purchase shown on your statement,223,223,0,1.0,False
11157752,validation,Fees or interest,572,510,62,0.8916083916083916,True
11158090,validation,Trouble using your card,237,237,0,1.0,False
11158221,validation,Problem with a purchase shown on your statement,224,224,0,1.0,False
11158287,validation,Struggling to pay your bill,329,329,0,1.0,False
11158383,validation,Problem when making payments,178,178,0,1.0,False
11158560,validation,Problem when making payments,198,198,0,1.0,False
11158643,validation,Problem when making payments,128,128,0,1.0,False
11158832,validation,Problem when making payments,259,259,0,1.0,False
11158879,validation,Closing your account,270,270,0,1.0,False
11158906,validation,"Other features, terms, or problems",588,510,78,0.8673469387755102,True
11158940,validation,Fees or interest,139,139,0,1.0,False
11159224,validation,Closing your account,102,102,0,1.0,False
11159234,validation,Fees or interest,260,260,0,1.0,False
11159381,validation,"Other features, terms, or problems",115,115,0,1.0,False
11159415,validation,Problem with a purchase shown on your statement,173,173,0,1.0,False
11159547,validation,"Other features, terms, or problems",482,482,0,1.0,False
11164188,validation,"Other features, terms, or problems",96,96,0,1.0,False
11164201,validation,Trouble using your card,182,182,0,1.0,False
11152756,validation,Problem with a purchase shown on your statement,158,158,0,1.0,False
11153186,validation,Problem when making payments,329,329,0,1.0,False
11153201,validation,Closing your account,28,28,0,1.0,False
11153209,validation,Getting a credit card,287,287,0,1.0,False
11153224,validation,Problem when making payments,208,208,0,1.0,False
11153248,validation,"Other features, terms, or problems",112,112,0,1.0,False
11153264,validation,Trouble using your card,231,231,0,1.0,False
11155590,validation,Getting a credit card,163,163,0,1.0,False
11155622,validation,Problem when making payments,158,158,0,1.0,False
11155627,validation,"Other features, terms, or problems",637,510,127,0.8006279434850864,True
11155668,validation,"Advertising and marketing, including promotional offers",307,307,0,1.0,False
11156045,validation,"Other features, terms, or problems",413,413,0,1.0,False
11156050,validation,Closing your account,55,55,0,1.0,False
11156222,validation,Closing your account,173,173,0,1.0,False
11156396,validation,Problem with a purchase shown on your statement,52,52,0,1.0,False
11160791,validation,"Other features, terms, or problems",438,438,0,1.0,False
11160802,validation,"Other features, terms, or problems",269,269,0,1.0,False
11160815,validation,Problem with a purchase shown on your statement,170,170,0,1.0,False
11161016,validation,"Other features, terms, or problems",290,290,0,1.0,False
11161022,validation,Problem with a purchase shown on your statement,451,451,0,1.0,False
11161041,validation,"Advertising and marketing, including promotional offers",33,33,0,1.0,False
11161065,validation,"Other features, terms, or problems",580,510,70,0.8793103448275862,True
11161143,validation,Getting a credit card,73,73,0,1.0,False
11161444,validation,Problem when making payments,142,142,0,1.0,False
11161803,validation,Problem with a purchase shown on your statement,479,479,0,1.0,False
11162137,validation,Problem with a company's investigation into an existing problem,62,62,0,1.0,False
11162148,validation,Problem with a purchase shown on your statement,205,205,0,1.0,False
11162538,validation,Closing your account,183,183,0,1.0,False
11162588,validation,Problem with a purchase shown on your statement,64,64,0,1.0,False
11162627,validation,Trouble using your card,315,315,0,1.0,False
11162667,validation,Problem with a purchase shown on your statement,246,246,0,1.0,False
11162678,validation,Fees or interest,575,510,65,0.8869565217391304,True
11163247,validation,"Other features, terms, or problems",254,254,0,1.0,False
11163276,validation,Problem when making payments,62,62,0,1.0,False
11163607,validation,Closing your account,143,143,0,1.0,False
11163712,validation,Problem with a purchase shown on your statement,349,349,0,1.0,False
11163714,validation,Getting a credit card,290,290,0,1.0,False
11163722,validation,Problem with a purchase shown on your statement,242,242,0,1.0,False
11163739,validation,Problem with a purchase shown on your statement,45,45,0,1.0,False
11163974,validation,Fees or interest,331,331,0,1.0,False
11163986,validation,Fees or interest,83,83,0,1.0,False
11164097,validation,Problem with a purchase shown on your statement,129,129,0,1.0,False
11164400,validation,Problem with a purchase shown on your statement,221,221,0,1.0,False
11164450,validation,Problem when making payments,206,206,0,1.0,False
11164563,validation,"Other features, terms, or problems",103,103,0,1.0,False
11164741,validation,Fees or interest,65,65,0,1.0,False
11164753,validation,Closing your account,128,128,0,1.0,False
11164769,validation,"Advertising and marketing, including promotional offers",71,71,0,1.0,False
11164804,validation,Getting a credit card,507,507,0,1.0,False
11164805,validation,Trouble using your card,171,171,0,1.0,False
11164968,validation,Problem with a purchase shown on your statement,360,360,0,1.0,False
11165083,validation,Trouble using your card,182,182,0,1.0,False
11159892,validation,Getting a credit card,429,429,0,1.0,False
11160017,validation,Fees or interest,119,119,0,1.0,False
11160074,validation,Trouble using your card,995,510,485,0.5125628140703518,True
11160903,validation,Fees or interest,160,160,0,1.0,False
11160960,validation,"Other features, terms, or problems",345,345,0,1.0,False
11162078,validation,Problem with a purchase shown on your statement,191,191,0,1.0,False
11162082,validation,Problem with a purchase shown on your statement,189,189,0,1.0,False
11162966,validation,Getting a credit card,20,20,0,1.0,False
11164254,validation,Fees or interest,359,359,0,1.0,False
11164297,validation,Getting a credit card,155,155,0,1.0,False
11164342,validation,"Advertising and marketing, including promotional offers",992,510,482,0.5141129032258065,True
11164547,validation,Getting a credit card,156,156,0,1.0,False
11164648,validation,Problem with a purchase shown on your statement,168,168,0,1.0,False
11165292,validation,Getting a credit card,32,32,0,1.0,False
11165303,validation,Incorrect information on your report,398,398,0,1.0,False
11165319,validation,"Other features, terms, or problems",196,196,0,1.0,False
11165352,validation,"Advertising and marketing, including promotional offers",400,400,0,1.0,False
11165907,validation,Problem when making payments,175,175,0,1.0,False
11165916,validation,Problem with a purchase shown on your statement,175,175,0,1.0,False
11165976,validation,Incorrect information on your report,37,37,0,1.0,False
11166086,validation,Problem with a purchase shown on your statement,245,245,0,1.0,False
11166159,validation,Incorrect information on your report,14,14,0,1.0,False
11166174,validation,Problem with a purchase shown on your statement,245,245,0,1.0,False
11166581,validation,"Advertising and marketing, including promotional offers",250,250,0,1.0,False
11167111,validation,Fees or interest,121,121,0,1.0,False
11167155,validation,"Advertising and marketing, including promotional offers",832,510,322,0.6129807692307693,True
11167354,validation,Problem when making payments,164,164,0,1.0,False
11167358,validation,Getting a credit card,72,72,0,1.0,False
11167452,validation,Incorrect information on your report,103,103,0,1.0,False
11167731,validation,Getting a credit card,2497,510,1987,0.2042450941129355,True
11167757,validation,Incorrect information on your report,78,78,0,1.0,False
11167762,validation,Problem with a purchase shown on your statement,166,166,0,1.0,False
11167826,validation,"Advertising and marketing, including promotional offers",571,510,61,0.8931698774080561,True
11167833,validation,Getting a credit card,126,126,0,1.0,False
11167886,validation,"Other features, terms, or problems",424,424,0,1.0,False
11167953,validation,"Other features, terms, or problems",323,323,0,1.0,False
11167971,validation,"Other features, terms, or problems",611,510,101,0.8346972176759411,True
11167983,validation,Closing your account,117,117,0,1.0,False
11167984,validation,Problem with a purchase shown on your statement,484,484,0,1.0,False
11167985,validation,Problem when making payments,483,483,0,1.0,False
11168004,validation,Closing your account,832,510,322,0.6129807692307693,True
11168009,validation,Getting a credit card,333,333,0,1.0,False
11169013,validation,Problem with a purchase shown on your statement,234,234,0,1.0,False
11169307,validation,Getting a credit card,132,132,0,1.0,False
11169308,validation,Closing your account,144,144,0,1.0,False
11169371,validation,Fees or interest,93,93,0,1.0,False
11169471,validation,Problem with a purchase shown on your statement,1640,510,1130,0.31097560975609756,True
11169663,validation,Problem with a purchase shown on your statement,236,236,0,1.0,False
11169844,validation,Trouble using your card,495,495,0,1.0,False
11169963,validation,Fees or interest,246,246,0,1.0,False
11169991,validation,Closing your account,185,185,0,1.0,False
11170023,validation,Problem with a purchase shown on your statement,81,81,0,1.0,False
11170026,validation,Problem with a purchase shown on your statement,627,510,117,0.8133971291866029,True
11170599,validation,Problem with a purchase shown on your statement,123,123,0,1.0,False
11170605,validation,"Other features, terms, or problems",547,510,37,0.9323583180987203,True
11170621,validation,Problem with a purchase shown on your statement,236,236,0,1.0,False
11170644,validation,Trouble using your card,81,81,0,1.0,False
11172094,validation,"Other features, terms, or problems",985,510,475,0.5177664974619289,True
11172259,validation,Closing your account,58,58,0,1.0,False
11173174,validation,Problem with a purchase shown on your statement,67,67,0,1.0,False
11173183,validation,Problem with a purchase shown on your statement,458,458,0,1.0,False
11173242,validation,"Other features, terms, or problems",226,226,0,1.0,False
11173252,validation,Closing your account,220,220,0,1.0,False
11173255,validation,"Other features, terms, or problems",379,379,0,1.0,False
11173294,validation,Closing your account,72,72,0,1.0,False
11173317,validation,"Other features, terms, or problems",382,382,0,1.0,False
11173470,validation,Trouble using your card,169,169,0,1.0,False
11173554,validation,Closing your account,287,287,0,1.0,False
11173578,validation,Problem with a purchase shown on your statement,275,275,0,1.0,False
11173636,validation,"Advertising and marketing, including promotional offers",218,218,0,1.0,False
11173787,validation,"Other features, terms, or problems",159,159,0,1.0,False
11174615,validation,"Advertising and marketing, including promotional offers",476,476,0,1.0,False
11174620,validation,Problem with a purchase shown on your statement,363,363,0,1.0,False
11174745,validation,Problem when making payments,110,110,0,1.0,False
11174748,validation,Trouble using your card,160,160,0,1.0,False
11174803,validation,Problem with a purchase shown on your statement,760,510,250,0.6710526315789473,True
11174902,validation,Problem when making payments,126,126,0,1.0,False
11174958,validation,Getting a credit card,76,76,0,1.0,False
11175013,validation,Problem with a purchase shown on your statement,146,146,0,1.0,False
11175092,validation,Problem when making payments,121,121,0,1.0,False
11176058,validation,Trouble using your card,201,201,0,1.0,False
11176156,validation,"Other features, terms, or problems",447,447,0,1.0,False
11176271,validation,Fees or interest,362,362,0,1.0,False
11176276,validation,Getting a credit card,153,153,0,1.0,False
11176333,validation,"Advertising and marketing, including promotional offers",1351,510,841,0.3774981495188749,True
11176430,validation,Fees or interest,1244,510,734,0.409967845659164,True
11177598,validation,Fees or interest,397,397,0,1.0,False
11177847,validation,Problem with a purchase shown on your statement,1759,510,1249,0.289937464468448,True
11177903,validation,Problem with a purchase shown on your statement,392,392,0,1.0,False
11178055,validation,Problem with a purchase shown on your statement,329,329,0,1.0,False
11178092,validation,Problem with a purchase shown on your statement,331,331,0,1.0,False
11178101,validation,Fees or interest,137,137,0,1.0,False
11178129,validation,Problem when making payments,326,326,0,1.0,False
11178195,validation,Problem with a purchase shown on your statement,236,236,0,1.0,False
11178213,validation,Fees or interest,353,353,0,1.0,False
11178532,validation,"Other features, terms, or problems",143,143,0,1.0,False
11179698,validation,Problem with a purchase shown on your statement,414,414,0,1.0,False
11179875,validation,Getting a credit card,68,68,0,1.0,False
11179928,validation,Problem with a purchase shown on your statement,465,465,0,1.0,False
11179932,validation,Problem with a purchase shown on your statement,250,250,0,1.0,False
11179939,validation,Getting a credit card,63,63,0,1.0,False
11180054,validation,Problem with a company's investigation into an existing problem,116,116,0,1.0,False
11180059,validation,Closing your account,555,510,45,0.918918918918919,True
11199649,validation,Problem when making payments,152,152,0,1.0,False
11171255,validation,Problem with a purchase shown on your statement,756,510,246,0.6746031746031746,True
11171416,validation,Problem with a purchase shown on your statement,329,329,0,1.0,False
11171430,validation,Problem with a purchase shown on your statement,17,17,0,1.0,False
11172658,validation,Struggling to pay your bill,227,227,0,1.0,False
11172715,validation,Problem with a purchase shown on your statement,233,233,0,1.0,False
11173583,validation,Fees or interest,143,143,0,1.0,False
11174185,validation,Fees or interest,134,134,0,1.0,False
11174211,validation,Getting a credit card,34,34,0,1.0,False
11174426,validation,Problem with a purchase shown on your statement,360,360,0,1.0,False
11174974,validation,Problem with a purchase shown on your statement,1190,510,680,0.42857142857142855,True
11175259,validation,Problem with a purchase shown on your statement,143,143,0,1.0,False
11175280,validation,Getting a credit card,88,88,0,1.0,False
11175320,validation,Closing your account,933,510,423,0.5466237942122186,True
11175459,validation,Problem with a purchase shown on your statement,192,192,0,1.0,False
11175645,validation,Closing your account,391,391,0,1.0,False
11175743,validation,Problem when making payments,261,261,0,1.0,False
11175833,validation,Problem when making payments,225,225,0,1.0,False
11175920,validation,"Other features, terms, or problems",380,380,0,1.0,False
11175931,validation,Problem with a purchase shown on your statement,209,209,0,1.0,False
11180102,validation,"Other features, terms, or problems",432,432,0,1.0,False
11180118,validation,Problem with a purchase shown on your statement,158,158,0,1.0,False
11180338,validation,Problem when making payments,100,100,0,1.0,False
11180496,validation,Fees or interest,275,275,0,1.0,False
11180594,validation,Getting a credit card,55,55,0,1.0,False
11181777,validation,Problem with a purchase shown on your statement,165,165,0,1.0,False
11181797,validation,Struggling to pay your bill,385,385,0,1.0,False
11181801,validation,Problem with a purchase shown on your statement,238,238,0,1.0,False
11181809,validation,Problem with a purchase shown on your statement,268,268,0,1.0,False
11181815,validation,Problem with a purchase shown on your statement,199,199,0,1.0,False
11182561,validation,Problem with a company's investigation into an existing problem,294,294,0,1.0,False
11182615,validation,"Other features, terms, or problems",142,142,0,1.0,False
11183103,validation,Getting a credit card,156,156,0,1.0,False
11183314,validation,Problem when making payments,363,363,0,1.0,False
11183365,validation,Problem when making payments,69,69,0,1.0,False
11183726,validation,"Advertising and marketing, including promotional offers",347,347,0,1.0,False
11184274,validation,Closing your account,145,145,0,1.0,False
11184350,validation,"Other features, terms, or problems",900,510,390,0.5666666666666667,True
11184415,validation,"Other features, terms, or problems",546,510,36,0.9340659340659341,True
11184433,validation,Closing your account,188,188,0,1.0,False
11184491,validation,Incorrect information on your report,25,25,0,1.0,False
11184519,validation,"Other features, terms, or problems",161,161,0,1.0,False
11184702,validation,Problem when making payments,560,510,50,0.9107142857142857,True
11185347,validation,"Advertising and marketing, including promotional offers",91,91,0,1.0,False
11185400,validation,Problem when making payments,57,57,0,1.0,False
11185584,validation,"Other features, terms, or problems",751,510,241,0.6790945406125166,True
11185747,validation,Problem with a purchase shown on your statement,304,304,0,1.0,False
11185784,validation,Getting a credit card,57,57,0,1.0,False
11185791,validation,Getting a credit card,116,116,0,1.0,False
11185831,validation,"Other features, terms, or problems",457,457,0,1.0,False
11185865,validation,Getting a credit card,666,510,156,0.7657657657657657,True
11185880,validation,Closing your account,84,84,0,1.0,False
11185897,validation,Trouble using your card,179,179,0,1.0,False
11185973,validation,Problem with a purchase shown on your statement,183,183,0,1.0,False
11186003,validation,Getting a credit card,111,111,0,1.0,False
11186007,validation,Problem with a purchase shown on your statement,145,145,0,1.0,False
11186042,validation,Fees or interest,768,510,258,0.6640625,True
11186063,validation,Problem when making payments,181,181,0,1.0,False
11186068,validation,Problem when making payments,321,321,0,1.0,False
11186110,validation,Problem with a purchase shown on your statement,905,510,395,0.56353591160221,True
11186842,validation,Problem with a purchase shown on your statement,130,130,0,1.0,False
11186924,validation,"Other features, terms, or problems",139,139,0,1.0,False
11186929,validation,Fees or interest,211,211,0,1.0,False
11187030,validation,Fees or interest,258,258,0,1.0,False
11187034,validation,Fees or interest,133,133,0,1.0,False
11187043,validation,Problem with a purchase shown on your statement,1549,510,1039,0.329244673983215,True
11187213,validation,Fees or interest,60,60,0,1.0,False
11188186,validation,Closing your account,297,297,0,1.0,False
11188255,validation,Problem when making payments,209,209,0,1.0,False
11188265,validation,Problem with a purchase shown on your statement,316,316,0,1.0,False
11188504,validation,"Other features, terms, or problems",550,510,40,0.9272727272727272,True
11188740,validation,Problem with a purchase shown on your statement,157,157,0,1.0,False
11188936,validation,Problem with a purchase shown on your statement,506,506,0,1.0,False
11189036,validation,"Advertising and marketing, including promotional offers",218,218,0,1.0,False
11189096,validation,Fees or interest,271,271,0,1.0,False
11189146,validation,Problem when making payments,250,250,0,1.0,False
11189809,validation,"Other features, terms, or problems",262,262,0,1.0,False
11189856,validation,Struggling to pay your bill,97,97,0,1.0,False
11190065,validation,Fees or interest,355,355,0,1.0,False
11190275,validation,Getting a credit card,77,77,0,1.0,False
11192042,validation,Fees or interest,390,390,0,1.0,False
11192253,validation,Problem with a purchase shown on your statement,55,55,0,1.0,False
11192855,validation,"Other features, terms, or problems",461,461,0,1.0,False
11193135,validation,Trouble using your card,39,39,0,1.0,False
11193146,validation,"Other features, terms, or problems",80,80,0,1.0,False
11193817,validation,"Advertising and marketing, including promotional offers",343,343,0,1.0,False
11193829,validation,Problem with a purchase shown on your statement,517,510,7,0.9864603481624759,True
11193898,validation,Problem when making payments,252,252,0,1.0,False
11193977,validation,Problem with a purchase shown on your statement,280,280,0,1.0,False
11194004,validation,Fees or interest,428,428,0,1.0,False
11194101,validation,Problem with a purchase shown on your statement,257,257,0,1.0,False
11194125,validation,Incorrect information on your report,78,78,0,1.0,False
11194233,validation,Problem with a purchase shown on your statement,871,510,361,0.5855338691159586,True
11194344,validation,Problem with a purchase shown on your statement,378,378,0,1.0,False
11194365,validation,Getting a credit card,40,40,0,1.0,False
11194458,validation,Closing your account,100,100,0,1.0,False
11194552,validation,"Other features, terms, or problems",269,269,0,1.0,False
11194563,validation,Getting a credit card,414,414,0,1.0,False
11194599,validation,Getting a credit card,182,182,0,1.0,False
11194659,validation,Problem with a purchase shown on your statement,271,271,0,1.0,False
11194729,validation,Fees or interest,145,145,0,1.0,False
11194743,validation,Problem with a purchase shown on your statement,716,510,206,0.7122905027932961,True
11194749,validation,Problem when making payments,102,102,0,1.0,False
11194771,validation,Fees or interest,395,395,0,1.0,False
11194852,validation,"Other features, terms, or problems",548,510,38,0.9306569343065694,True
11194874,validation,"Other features, terms, or problems",329,329,0,1.0,False
11194916,validation,"Advertising and marketing, including promotional offers",252,252,0,1.0,False
11199681,validation,"Other features, terms, or problems",93,93,0,1.0,False
11200717,validation,Getting a credit card,266,266,0,1.0,False
11204127,validation,"Other features, terms, or problems",884,510,374,0.5769230769230769,True
11181130,validation,Problem with a purchase shown on your statement,189,189,0,1.0,False
11189872,validation,Fees or interest,412,412,0,1.0,False
11190455,validation,Closing your account,56,56,0,1.0,False
11190543,validation,Closing your account,478,478,0,1.0,False
11190621,validation,Closing your account,143,143,0,1.0,False
11191004,validation,Closing your account,145,145,0,1.0,False
11191078,validation,Problem with a purchase shown on your statement,349,349,0,1.0,False
11191212,validation,Problem when making payments,55,55,0,1.0,False
11191504,validation,Fees or interest,133,133,0,1.0,False
11191527,validation,Getting a credit card,715,510,205,0.7132867132867133,True
11191787,validation,Problem with a purchase shown on your statement,464,464,0,1.0,False
11191802,validation,"Other features, terms, or problems",101,101,0,1.0,False
11191836,validation,Trouble using your card,445,445,0,1.0,False
11193492,validation,Incorrect information on your report,992,510,482,0.5141129032258065,True
11193504,validation,Problem with a purchase shown on your statement,48,48,0,1.0,False
11193633,validation,Getting a credit card,65,65,0,1.0,False
11193656,validation,Problem with a purchase shown on your statement,198,198,0,1.0,False
11193819,validation,Problem with a purchase shown on your statement,252,252,0,1.0,False
11193900,validation,Incorrect information on your report,93,93,0,1.0,False
11194380,validation,"Other features, terms, or problems",253,253,0,1.0,False
11195108,validation,Fees or interest,242,242,0,1.0,False
11195479,validation,Getting a credit card,835,510,325,0.6107784431137725,True
11195488,validation,Problem with a company's investigation into an existing problem,72,72,0,1.0,False
11195524,validation,Problem with a purchase shown on your statement,285,285,0,1.0,False
11195525,validation,Problem with a purchase shown on your statement,394,394,0,1.0,False
11195644,validation,"Other features, terms, or problems",126,126,0,1.0,False
11195651,validation,Incorrect information on your report,286,286,0,1.0,False
11195658,validation,Problem with a purchase shown on your statement,196,196,0,1.0,False
11195671,validation,Problem with a purchase shown on your statement,342,342,0,1.0,False
11195681,validation,Problem with a purchase shown on your statement,701,510,191,0.7275320970042796,True
11195682,validation,Problem with a purchase shown on your statement,541,510,31,0.9426987060998152,True
11195688,validation,Getting a credit card,322,322,0,1.0,False
11195756,validation,Getting a credit card,100,100,0,1.0,False
11195801,validation,Problem with a purchase shown on your statement,401,401,0,1.0,False
11196873,validation,"Other features, terms, or problems",121,121,0,1.0,False
11196961,validation,Problem with a purchase shown on your statement,373,373,0,1.0,False
11197011,validation,Problem with a purchase shown on your statement,273,273,0,1.0,False
11197030,validation,Getting a credit card,9,9,0,1.0,False
11197238,validation,Problem when making payments,141,141,0,1.0,False
11197241,validation,Problem with a purchase shown on your statement,140,140,0,1.0,False
11197309,validation,Problem when making payments,297,297,0,1.0,False
11197653,validation,Problem with a purchase shown on your statement,858,510,348,0.5944055944055944,True
11198053,validation,Fees or interest,46,46,0,1.0,False
11198058,validation,Getting a credit card,229,229,0,1.0,False
11198146,validation,Problem with a purchase shown on your statement,301,301,0,1.0,False
11198314,validation,Problem with a purchase shown on your statement,521,510,11,0.9788867562380038,True
11198328,validation,"Other features, terms, or problems",106,106,0,1.0,False
11198878,validation,Getting a credit card,90,90,0,1.0,False
11199008,validation,Problem with a purchase shown on your statement,143,143,0,1.0,False
11199234,validation,Problem with a purchase shown on your statement,377,377,0,1.0,False
11199341,validation,"Advertising and marketing, including promotional offers",185,185,0,1.0,False
11199489,validation,Fees or interest,82,82,0,1.0,False
11199523,validation,"Other features, terms, or problems",197,197,0,1.0,False
11199587,validation,Problem with a purchase shown on your statement,341,341,0,1.0,False
11199599,validation,Problem with a purchase shown on your statement,643,510,133,0.7931570762052877,True
11199604,validation,Problem with a purchase shown on your statement,232,232,0,1.0,False
11199608,validation,Problem when making payments,211,211,0,1.0,False
11199694,validation,Problem with a purchase shown on your statement,1418,510,908,0.35966149506346967,True
11200130,validation,Getting a credit card,135,135,0,1.0,False
11201924,validation,Closing your account,147,147,0,1.0,False
11201953,validation,"Advertising and marketing, including promotional offers",654,510,144,0.7798165137614679,True
11202203,validation,Problem with a purchase shown on your statement,242,242,0,1.0,False
11202377,validation,Problem with a purchase shown on your statement,141,141,0,1.0,False
11202410,validation,Problem when making payments,396,396,0,1.0,False
11202531,validation,Problem with a purchase shown on your statement,186,186,0,1.0,False
11202547,validation,Closing your account,365,365,0,1.0,False
11202562,validation,Fees or interest,146,146,0,1.0,False
11202574,validation,Fees or interest,161,161,0,1.0,False
11202585,validation,Problem with a purchase shown on your statement,225,225,0,1.0,False
11202593,validation,Problem with a purchase shown on your statement,395,395,0,1.0,False
11202603,validation,"Advertising and marketing, including promotional offers",168,168,0,1.0,False
11202641,validation,Fees or interest,594,510,84,0.8585858585858586,True
11202642,validation,"Other features, terms, or problems",709,510,199,0.7193229901269393,True
11202715,validation,Problem with a purchase shown on your statement,322,322,0,1.0,False
11202785,validation,Closing your account,448,448,0,1.0,False
11202838,validation,Problem with a purchase shown on your statement,297,297,0,1.0,False
11202976,validation,Trouble using your card,237,237,0,1.0,False
11203003,validation,Fees or interest,179,179,0,1.0,False
11203058,validation,"Other features, terms, or problems",125,125,0,1.0,False
11203266,validation,Problem with a purchase shown on your statement,125,125,0,1.0,False
11203291,validation,Problem with a purchase shown on your statement,498,498,0,1.0,False
11203572,validation,Fees or interest,158,158,0,1.0,False
11203612,validation,Problem with a purchase shown on your statement,373,373,0,1.0,False
11204540,validation,Trouble using your card,275,275,0,1.0,False
11204605,validation,Problem with a purchase shown on your statement,220,220,0,1.0,False
11204738,validation,Fees or interest,188,188,0,1.0,False
11204810,validation,Trouble using your card,238,238,0,1.0,False
11204883,validation,Problem with a purchase shown on your statement,217,217,0,1.0,False
11204933,validation,Getting a credit card,130,130,0,1.0,False
11204958,validation,"Other features, terms, or problems",29,29,0,1.0,False
11205058,validation,Getting a credit card,123,123,0,1.0,False
11205143,validation,"Other features, terms, or problems",356,356,0,1.0,False
11205174,validation,Getting a credit card,123,123,0,1.0,False
11205252,validation,Problem with a purchase shown on your statement,239,239,0,1.0,False
11205473,validation,Closing your account,240,240,0,1.0,False
11205559,validation,Problem when making payments,554,510,44,0.9205776173285198,True
11205601,validation,Problem with a purchase shown on your statement,217,217,0,1.0,False
11205621,validation,Fees or interest,527,510,17,0.967741935483871,True
11205727,validation,Problem with a purchase shown on your statement,355,355,0,1.0,False
11205908,validation,Getting a credit card,683,510,173,0.746705710102489,True
11205911,validation,Fees or interest,485,485,0,1.0,False
11205971,validation,Problem with a purchase shown on your statement,277,277,0,1.0,False
11206088,validation,"Other features, terms, or problems",181,181,0,1.0,False
11206145,validation,Fees or interest,253,253,0,1.0,False
11206157,validation,Problem when making payments,34,34,0,1.0,False
11206158,validation,Problem with a purchase shown on your statement,449,449,0,1.0,False
11206647,validation,Problem with a company's investigation into an existing problem,186,186,0,1.0,False
11206718,validation,Fees or interest,124,124,0,1.0,False
11206786,validation,Closing your account,180,180,0,1.0,False
11206876,validation,"Advertising and marketing, including promotional offers",100,100,0,1.0,False
11208155,validation,Problem with a purchase shown on your statement,27,27,0,1.0,False
11208614,validation,Trouble using your card,19,19,0,1.0,False
11208673,validation,"Other features, terms, or problems",262,262,0,1.0,False
11208736,validation,"Other features, terms, or problems",236,236,0,1.0,False
11208752,validation,Getting a credit card,268,268,0,1.0,False
11208932,validation,Problem when making payments,173,173,0,1.0,False
11197136,validation,"Other features, terms, or problems",224,224,0,1.0,False
11197537,validation,Getting a credit card,254,254,0,1.0,False
11200838,validation,"Advertising and marketing, including promotional offers",153,153,0,1.0,False
11201059,validation,Problem when making payments,139,139,0,1.0,False
11201272,validation,Fees or interest,250,250,0,1.0,False
11201413,validation,"Advertising and marketing, including promotional offers",218,218,0,1.0,False
11202090,validation,Closing your account,238,238,0,1.0,False
11202176,validation,Trouble using your card,228,228,0,1.0,False
11209338,validation,Problem with a purchase shown on your statement,628,510,118,0.8121019108280255,True
11210375,validation,"Advertising and marketing, including promotional offers",324,324,0,1.0,False
11210462,validation,Trouble using your card,296,296,0,1.0,False
11210784,validation,Problem with a purchase shown on your statement,135,135,0,1.0,False
11210917,validation,Getting a credit card,61,61,0,1.0,False
11211159,validation,Getting a credit card,16,16,0,1.0,False
11211172,validation,Fees or interest,51,51,0,1.0,False
11211215,validation,Fees or interest,220,220,0,1.0,False
11211217,validation,Trouble using your card,163,163,0,1.0,False
11211253,validation,Closing your account,269,269,0,1.0,False
11211307,validation,Problem with a purchase shown on your statement,102,102,0,1.0,False
11211324,validation,Problem with a purchase shown on your statement,260,260,0,1.0,False
11211350,validation,Closing your account,170,170,0,1.0,False
11211957,validation,Closing your account,193,193,0,1.0,False
11212095,validation,Closing your account,235,235,0,1.0,False
11212117,validation,Problem with a purchase shown on your statement,346,346,0,1.0,False
11212188,validation,Problem when making payments,132,132,0,1.0,False
11212222,validation,Problem with a purchase shown on your statement,90,90,0,1.0,False
11212241,validation,Problem with a purchase shown on your statement,96,96,0,1.0,False
11212249,validation,Problem with a purchase shown on your statement,443,443,0,1.0,False
11212323,validation,Problem with a purchase shown on your statement,141,141,0,1.0,False
11212482,validation,Problem with a purchase shown on your statement,886,510,376,0.5756207674943566,True
11212701,validation,Problem with a company's investigation into an existing problem,112,112,0,1.0,False
11212985,validation,Getting a credit card,276,276,0,1.0,False
11213071,validation,Trouble using your card,307,307,0,1.0,False
11213159,validation,"Other features, terms, or problems",334,334,0,1.0,False
11213253,validation,Problem with a purchase shown on your statement,212,212,0,1.0,False
11213269,validation,"Other features, terms, or problems",100,100,0,1.0,False
11214028,validation,Getting a credit card,123,123,0,1.0,False
11214472,validation,Closing your account,46,46,0,1.0,False
11214650,validation,Problem with a purchase shown on your statement,733,510,223,0.6957708049113234,True
11214827,validation,Getting a credit card,48,48,0,1.0,False
11214965,validation,Getting a credit card,197,197,0,1.0,False
11215044,validation,Incorrect information on your report,32,32,0,1.0,False
11215344,validation,Getting a credit card,103,103,0,1.0,False
11215489,validation,Fees or interest,104,104,0,1.0,False
11215512,validation,"Advertising and marketing, including promotional offers",141,141,0,1.0,False
11215723,validation,Problem with a purchase shown on your statement,59,59,0,1.0,False
11215798,validation,Getting a credit card,90,90,0,1.0,False
11215844,validation,Trouble using your card,44,44,0,1.0,False
11217503,validation,Incorrect information on your report,37,37,0,1.0,False
11217679,validation,Fees or interest,275,275,0,1.0,False
11220038,validation,Problem with a purchase shown on your statement,175,175,0,1.0,False
11220423,validation,Getting a credit card,379,379,0,1.0,False
11221134,validation,Getting a credit card,58,58,0,1.0,False
11221232,validation,Fees or interest,384,384,0,1.0,False
11221433,validation,"Other features, terms, or problems",92,92,0,1.0,False
11221470,validation,Problem when making payments,386,386,0,1.0,False
11221483,validation,Getting a credit card,141,141,0,1.0,False
11221528,validation,Problem with a purchase shown on your statement,490,490,0,1.0,False
11221533,validation,Trouble using your card,133,133,0,1.0,False
11221539,validation,"Other features, terms, or problems",21,21,0,1.0,False
11221568,validation,Problem with a purchase shown on your statement,146,146,0,1.0,False
11221571,validation,Problem when making payments,82,82,0,1.0,False
11221611,validation,Problem with a purchase shown on your statement,387,387,0,1.0,False
11221697,validation,Problem with a purchase shown on your statement,437,437,0,1.0,False
11221728,validation,Problem when making payments,74,74,0,1.0,False
11221757,validation,"Other features, terms, or problems",234,234,0,1.0,False
11221780,validation,"Advertising and marketing, including promotional offers",148,148,0,1.0,False
11221937,validation,Problem when making payments,149,149,0,1.0,False
11222334,validation,"Other features, terms, or problems",127,127,0,1.0,False
11222414,validation,Problem with a purchase shown on your statement,355,355,0,1.0,False
11222470,validation,Getting a credit card,74,74,0,1.0,False
11222526,validation,Problem with a purchase shown on your statement,692,510,182,0.7369942196531792,True
11222557,validation,"Other features, terms, or problems",498,498,0,1.0,False
11222566,validation,"Other features, terms, or problems",213,213,0,1.0,False
11222609,validation,Problem with a purchase shown on your statement,332,332,0,1.0,False
11222652,validation,"Other features, terms, or problems",737,510,227,0.6919945725915875,True
11222661,validation,Problem with a purchase shown on your statement,1281,510,771,0.3981264637002342,True
11222759,validation,Problem when making payments,162,162,0,1.0,False
11222760,validation,Problem with a purchase shown on your statement,167,167,0,1.0,False
11222821,validation,Problem with a purchase shown on your statement,439,439,0,1.0,False
11223186,validation,"Advertising and marketing, including promotional offers",705,510,195,0.723404255319149,True
11223257,validation,Trouble using your card,150,150,0,1.0,False
11223327,validation,Problem with a purchase shown on your statement,257,257,0,1.0,False
11223400,validation,Fees or interest,82,82,0,1.0,False
11223439,validation,Problem when making payments,178,178,0,1.0,False
11223440,validation,Trouble using your card,199,199,0,1.0,False
11223556,validation,Trouble using your card,195,195,0,1.0,False
11224063,validation,Closing your account,53,53,0,1.0,False
11224279,validation,Problem with a purchase shown on your statement,491,491,0,1.0,False
11224331,validation,Getting a credit card,11,11,0,1.0,False
11224364,validation,Problem with a purchase shown on your statement,434,434,0,1.0,False
11231397,validation,"Other features, terms, or problems",246,246,0,1.0,False
11236556,validation,Fees or interest,333,333,0,1.0,False
11216980,validation,Fees or interest,288,288,0,1.0,False
11216983,validation,Problem when making payments,19,19,0,1.0,False
11217550,validation,Getting a credit card,56,56,0,1.0,False
11218350,validation,Problem with a purchase shown on your statement,145,145,0,1.0,False
11218390,validation,Getting a credit card,231,231,0,1.0,False
11218397,validation,Struggling to pay your bill,55,55,0,1.0,False
11219068,validation,Getting a credit card,69,69,0,1.0,False
11220554,validation,Incorrect information on your report,19,19,0,1.0,False
11220762,validation,Closing your account,27,27,0,1.0,False
11220831,validation,Incorrect information on your report,122,122,0,1.0,False
11220916,validation,Closing your account,119,119,0,1.0,False
11220998,validation,Getting a credit card,214,214,0,1.0,False
11224719,validation,Problem with a purchase shown on your statement,68,68,0,1.0,False
11224884,validation,Problem with a purchase shown on your statement,95,95,0,1.0,False
11225082,validation,Trouble using your card,48,48,0,1.0,False
11226243,validation,Closing your account,213,213,0,1.0,False
11226502,validation,Fees or interest,159,159,0,1.0,False
11226537,validation,Problem with a purchase shown on your statement,78,78,0,1.0,False
11226740,validation,Getting a credit card,266,266,0,1.0,False
11227039,validation,"Advertising and marketing, including promotional offers",68,68,0,1.0,False
11227178,validation,Fees or interest,308,308,0,1.0,False
11227333,validation,"Other features, terms, or problems",89,89,0,1.0,False
11227425,validation,Closing your account,104,104,0,1.0,False
11227989,validation,Fees or interest,461,461,0,1.0,False
11228401,validation,Fees or interest,215,215,0,1.0,False
11228424,validation,"Other features, terms, or problems",865,510,355,0.5895953757225434,True
11228426,validation,Fees or interest,183,183,0,1.0,False
11228432,validation,Fees or interest,160,160,0,1.0,False
11228435,validation,Trouble using your card,64,64,0,1.0,False
11228444,validation,Incorrect information on your report,427,427,0,1.0,False
11228557,validation,Incorrect information on your report,21,21,0,1.0,False
11228594,validation,Problem with a purchase shown on your statement,315,315,0,1.0,False
11228763,validation,Closing your account,281,281,0,1.0,False
11229510,validation,Fees or interest,209,209,0,1.0,False
11230005,validation,Problem with a purchase shown on your statement,351,351,0,1.0,False
11230047,validation,Closing your account,69,69,0,1.0,False
11230325,validation,Problem with a purchase shown on your statement,567,510,57,0.8994708994708994,True
11230353,validation,Problem when making payments,570,510,60,0.8947368421052632,True
11230367,validation,Problem when making payments,163,163,0,1.0,False
11230417,validation,Problem with a purchase shown on your statement,662,510,152,0.770392749244713,True
11230462,validation,Problem when making payments,138,138,0,1.0,False
11230484,validation,Problem with a purchase shown on your statement,27,27,0,1.0,False
11230770,validation,Getting a credit card,124,124,0,1.0,False
11230781,validation,Problem when making payments,95,95,0,1.0,False
11231038,validation,Fees or interest,437,437,0,1.0,False
11231069,validation,Getting a credit card,78,78,0,1.0,False
11231122,validation,"Other features, terms, or problems",138,138,0,1.0,False
11231297,validation,Getting a credit card,337,337,0,1.0,False
11231369,validation,"Other features, terms, or problems",149,149,0,1.0,False
11231996,validation,Problem with a purchase shown on your statement,353,353,0,1.0,False
11232103,validation,Problem with a purchase shown on your statement,308,308,0,1.0,False
11232121,validation,Problem when making payments,537,510,27,0.9497206703910615,True
11232158,validation,Fees or interest,148,148,0,1.0,False
11232208,validation,Fees or interest,398,398,0,1.0,False
11232259,validation,Problem with a purchase shown on your statement,173,173,0,1.0,False
11232267,validation,"Advertising and marketing, including promotional offers",70,70,0,1.0,False
11232296,validation,Problem with a purchase shown on your statement,93,93,0,1.0,False
11232320,validation,Fees or interest,29,29,0,1.0,False
11232472,validation,Getting a credit card,476,476,0,1.0,False
11232516,validation,"Other features, terms, or problems",236,236,0,1.0,False
11232546,validation,Problem with a purchase shown on your statement,55,55,0,1.0,False
11232662,validation,"Other features, terms, or problems",131,131,0,1.0,False
11232991,validation,Fees or interest,57,57,0,1.0,False
11233232,validation,Problem when making payments,591,510,81,0.8629441624365483,True
11233454,validation,Trouble using your card,663,510,153,0.7692307692307693,True
11233527,validation,Problem with a purchase shown on your statement,110,110,0,1.0,False
11233619,validation,Problem with a purchase shown on your statement,271,271,0,1.0,False
11235536,validation,"Advertising and marketing, including promotional offers",288,288,0,1.0,False
11236867,validation,Problem with a purchase shown on your statement,134,134,0,1.0,False
11237360,validation,Incorrect information on your report,82,82,0,1.0,False
11237363,validation,"Other features, terms, or problems",215,215,0,1.0,False
11237376,validation,Problem with a purchase shown on your statement,330,330,0,1.0,False
11237401,validation,Problem when making payments,152,152,0,1.0,False
11237410,validation,Problem when making payments,118,118,0,1.0,False
11237451,validation,Problem with a purchase shown on your statement,1030,510,520,0.49514563106796117,True
11237505,validation,"Other features, terms, or problems",1460,510,950,0.3493150684931507,True
11237539,validation,Problem with a purchase shown on your statement,374,374,0,1.0,False
11237540,validation,"Advertising and marketing, including promotional offers",276,276,0,1.0,False
11242118,validation,"Advertising and marketing, including promotional offers",67,67,0,1.0,False
11242125,validation,Problem when making payments,623,510,113,0.8186195826645265,True
11226868,validation,"Other features, terms, or problems",337,337,0,1.0,False
11227477,validation,Problem with a purchase shown on your statement,392,392,0,1.0,False
11227904,validation,Closing your account,416,416,0,1.0,False
11229096,validation,Incorrect information on your report,264,264,0,1.0,False
11229174,validation,Problem with a purchase shown on your statement,204,204,0,1.0,False
11229213,validation,"Other features, terms, or problems",371,371,0,1.0,False
11229357,validation,Trouble using your card,129,129,0,1.0,False
11229389,validation,Getting a credit card,43,43,0,1.0,False
11229644,validation,Trouble using your card,508,508,0,1.0,False
11231732,validation,Getting a credit card,52,52,0,1.0,False
11231753,validation,"Other features, terms, or problems",370,370,0,1.0,False
11231776,validation,Incorrect information on your report,195,195,0,1.0,False
11231783,validation,Getting a credit card,274,274,0,1.0,False
11231785,validation,"Other features, terms, or problems",194,194,0,1.0,False
11231948,validation,"Other features, terms, or problems",113,113,0,1.0,False
11232154,validation,Getting a credit card,37,37,0,1.0,False
11238048,validation,Problem with a purchase shown on your statement,596,510,86,0.8557046979865772,True
11238113,validation,Closing your account,268,268,0,1.0,False
11238248,validation,Closing your account,20,20,0,1.0,False
11238410,validation,Problem with a purchase shown on your statement,351,351,0,1.0,False
11238654,validation,Trouble using your card,1177,510,667,0.4333050127442651,True
11238683,validation,Closing your account,197,197,0,1.0,False
11238872,validation,Problem when making payments,177,177,0,1.0,False
11238989,validation,Closing your account,33,33,0,1.0,False
11239004,validation,Closing your account,21,21,0,1.0,False
11239120,validation,Closing your account,32,32,0,1.0,False
11239121,validation,Problem when making payments,392,392,0,1.0,False
11239123,validation,Problem with a company's investigation into an existing problem,260,260,0,1.0,False
11239181,validation,Problem with a purchase shown on your statement,363,363,0,1.0,False
11240141,validation,"Advertising and marketing, including promotional offers",160,160,0,1.0,False
11241866,validation,Fees or interest,219,219,0,1.0,False
11241971,validation,Closing your account,187,187,0,1.0,False
11242223,validation,Fees or interest,131,131,0,1.0,False
11242584,validation,Fees or interest,141,141,0,1.0,False
11242743,validation,Fees or interest,71,71,0,1.0,False
11242784,validation,Getting a credit card,302,302,0,1.0,False
11242844,validation,Closing your account,262,262,0,1.0,False
11242908,validation,Fees or interest,119,119,0,1.0,False
11242950,validation,Getting a credit card,428,428,0,1.0,False
11242978,validation,Closing your account,28,28,0,1.0,False
11243027,validation,"Advertising and marketing, including promotional offers",165,165,0,1.0,False
11243041,validation,Closing your account,94,94,0,1.0,False
11243236,validation,"Other features, terms, or problems",423,423,0,1.0,False
11243250,validation,Getting a credit card,153,153,0,1.0,False
11243286,validation,Closing your account,188,188,0,1.0,False
11243291,validation,Getting a credit card,48,48,0,1.0,False
11243312,validation,Closing your account,478,478,0,1.0,False
11243430,validation,Getting a credit card,314,314,0,1.0,False
11243464,validation,Fees or interest,141,141,0,1.0,False
11243498,validation,Problem with a purchase shown on your statement,355,355,0,1.0,False
11243566,validation,Problem with a purchase shown on your statement,39,39,0,1.0,False
11243622,validation,Problem with a purchase shown on your statement,488,488,0,1.0,False
11243679,validation,Getting a credit card,137,137,0,1.0,False
11243705,validation,"Advertising and marketing, including promotional offers",103,103,0,1.0,False
11243709,validation,Incorrect information on your report,326,326,0,1.0,False
11243767,validation,Problem when making payments,164,164,0,1.0,False
11243829,validation,"Advertising and marketing, including promotional offers",198,198,0,1.0,False
11243834,validation,Getting a credit card,61,61,0,1.0,False
11243855,validation,Fees or interest,106,106,0,1.0,False
11243956,validation,Problem when making payments,14,14,0,1.0,False
11244059,validation,Problem with a purchase shown on your statement,112,112,0,1.0,False
11244092,validation,Problem with a purchase shown on your statement,363,363,0,1.0,False
11244166,validation,"Other features, terms, or problems",294,294,0,1.0,False
11244234,validation,Problem when making payments,595,510,85,0.8571428571428571,True
11244238,validation,Trouble using your card,157,157,0,1.0,False
11244265,validation,Problem with a purchase shown on your statement,261,261,0,1.0,False
11244317,validation,Fees or interest,130,130,0,1.0,False
11244410,validation,Problem with a purchase shown on your statement,132,132,0,1.0,False
11244652,validation,"Other features, terms, or problems",205,205,0,1.0,False
11244715,validation,Getting a credit card,2148,510,1638,0.23743016759776536,True
11244737,validation,Fees or interest,63,63,0,1.0,False
11244743,validation,Problem with a purchase shown on your statement,228,228,0,1.0,False
11244880,validation,Fees or interest,250,250,0,1.0,False
11245516,validation,Problem with a purchase shown on your statement,431,431,0,1.0,False
11248328,validation,Problem with a purchase shown on your statement,270,270,0,1.0,False
11248561,validation,"Other features, terms, or problems",30,30,0,1.0,False
11249554,validation,Fees or interest,248,248,0,1.0,False
11249579,validation,"Other features, terms, or problems",110,110,0,1.0,False
11249593,validation,Fees or interest,471,471,0,1.0,False
11249608,validation,"Other features, terms, or problems",216,216,0,1.0,False
11249640,validation,Fees or interest,418,418,0,1.0,False
11249825,validation,Problem with a purchase shown on your statement,213,213,0,1.0,False
11275410,validation,"Other features, terms, or problems",326,326,0,1.0,False
11275414,validation,Problem with a purchase shown on your statement,15,15,0,1.0,False
11239717,validation,Problem with a purchase shown on your statement,9,9,0,1.0,False
11240039,validation,Incorrect information on your report,181,181,0,1.0,False
11240312,validation,Problem with a purchase shown on your statement,498,498,0,1.0,False
11240477,validation,Fees or interest,103,103,0,1.0,False
11240587,validation,Problem when making payments,578,510,68,0.8823529411764706,True
11240599,validation,Trouble using your card,249,249,0,1.0,False
11240600,validation,Problem with a purchase shown on your statement,302,302,0,1.0,False
11240741,validation,Problem when making payments,1059,510,549,0.48158640226628896,True
11240838,validation,Struggling to pay your bill,427,427,0,1.0,False
11241122,validation,Trouble using your card,76,76,0,1.0,False
11241238,validation,Problem with a purchase shown on your statement,176,176,0,1.0,False
11241608,validation,Problem when making payments,176,176,0,1.0,False
11241609,validation,Problem with a purchase shown on your statement,96,96,0,1.0,False
11245909,validation,Getting a credit card,290,290,0,1.0,False
11245961,validation,Problem with a purchase shown on your statement,361,361,0,1.0,False
11245997,validation,Getting a credit card,156,156,0,1.0,False
11246017,validation,Problem with a company's investigation into an existing problem,180,180,0,1.0,False
11246059,validation,Getting a credit card,291,291,0,1.0,False
11246074,validation,"Other features, terms, or problems",142,142,0,1.0,False
11246105,validation,Closing your account,625,510,115,0.816,True
11246127,validation,Incorrect information on your report,58,58,0,1.0,False
11246149,validation,"Other features, terms, or problems",43,43,0,1.0,False
11246190,validation,Problem with a purchase shown on your statement,125,125,0,1.0,False
11246262,validation,Struggling to pay your bill,1407,510,897,0.3624733475479744,True
11246371,validation,"Other features, terms, or problems",572,510,62,0.8916083916083916,True
11246473,validation,Problem when making payments,735,510,225,0.6938775510204082,True
11246517,validation,Getting a credit card,38,38,0,1.0,False
11247004,validation,Getting a credit card,64,64,0,1.0,False
11247009,validation,Getting a credit card,212,212,0,1.0,False
11247058,validation,Getting a credit card,29,29,0,1.0,False
11247125,validation,"Other features, terms, or problems",94,94,0,1.0,False
11247196,validation,Problem with a purchase shown on your statement,376,376,0,1.0,False
11247237,validation,Closing your account,255,255,0,1.0,False
11247327,validation,"Other features, terms, or problems",335,335,0,1.0,False
11247329,validation,Fees or interest,228,228,0,1.0,False
11247330,validation,Fees or interest,154,154,0,1.0,False
11247338,validation,Getting a credit card,135,135,0,1.0,False
11247389,validation,"Other features, terms, or problems",222,222,0,1.0,False
11247401,validation,"Other features, terms, or problems",459,459,0,1.0,False
11247409,validation,Fees or interest,119,119,0,1.0,False
11248008,validation,Problem with a purchase shown on your statement,239,239,0,1.0,False
11248093,validation,"Other features, terms, or problems",1418,510,908,0.35966149506346967,True
11248126,validation,"Advertising and marketing, including promotional offers",149,149,0,1.0,False
11248570,validation,Fees or interest,208,208,0,1.0,False
11248721,validation,Fees or interest,58,58,0,1.0,False
11249806,validation,Fees or interest,88,88,0,1.0,False
11250078,validation,Getting a credit card,346,346,0,1.0,False
11250272,validation,"Advertising and marketing, including promotional offers",174,174,0,1.0,False
11250537,validation,Problem with a purchase shown on your statement,167,167,0,1.0,False
11245088,validation,Incorrect information on your report,148,148,0,1.0,False
11245090,validation,Getting a credit card,153,153,0,1.0,False
11245189,validation,Getting a credit card,10,10,0,1.0,False
11245317,validation,"Other features, terms, or problems",99,99,0,1.0,False
11245503,validation,Fees or interest,512,510,2,0.99609375,True
11248875,validation,Problem when making payments,533,510,23,0.9568480300187617,True
11249390,validation,Problem with a company's investigation into an existing problem,135,135,0,1.0,False
11249524,validation,"Other features, terms, or problems",125,125,0,1.0,False
11252154,validation,Struggling to pay your bill,159,159,0,1.0,False
11252290,validation,Problem with a purchase shown on your statement,684,510,174,0.7456140350877193,True
11252342,validation,Problem with a company's investigation into an existing problem,66,66,0,1.0,False
11252544,validation,Fees or interest,280,280,0,1.0,False
11252731,validation,Problem when making payments,430,430,0,1.0,False
11252950,validation,Problem when making payments,147,147,0,1.0,False
11252951,validation,Getting a credit card,112,112,0,1.0,False
11254783,validation,Problem with a purchase shown on your statement,127,127,0,1.0,False
11255097,validation,Getting a credit card,42,42,0,1.0,False
11255346,validation,"Other features, terms, or problems",144,144,0,1.0,False
11255770,validation,Problem with a purchase shown on your statement,306,306,0,1.0,False
11255782,validation,Problem with a purchase shown on your statement,293,293,0,1.0,False
11255877,validation,Problem with a purchase shown on your statement,184,184,0,1.0,False
11255986,validation,Problem with a purchase shown on your statement,64,64,0,1.0,False
11255993,validation,"Other features, terms, or problems",196,196,0,1.0,False
11256026,validation,Fees or interest,279,279,0,1.0,False
11256101,validation,Problem with a purchase shown on your statement,66,66,0,1.0,False
11256915,validation,Getting a credit card,136,136,0,1.0,False
11256980,validation,Closing your account,219,219,0,1.0,False
11257764,validation,"Other features, terms, or problems",231,231,0,1.0,False
11258005,validation,Fees or interest,67,67,0,1.0,False
11258023,validation,"Advertising and marketing, including promotional offers",117,117,0,1.0,False
11258053,validation,Closing your account,242,242,0,1.0,False
11258492,validation,Fees or interest,113,113,0,1.0,False
11258510,validation,Problem with a purchase shown on your statement,288,288,0,1.0,False
11258607,validation,Fees or interest,737,510,227,0.6919945725915875,True
11258651,validation,Getting a credit card,127,127,0,1.0,False
11258821,validation,Incorrect information on your report,37,37,0,1.0,False
11258978,validation,Fees or interest,206,206,0,1.0,False
11259081,validation,Problem with a purchase shown on your statement,174,174,0,1.0,False
11259261,validation,Problem with a purchase shown on your statement,173,173,0,1.0,False
11260676,validation,Problem when making payments,834,510,324,0.6115107913669064,True
11261347,validation,Problem when making payments,450,450,0,1.0,False
11262083,validation,Fees or interest,429,429,0,1.0,False
11262242,validation,Getting a credit card,102,102,0,1.0,False
11269569,validation,Fees or interest,126,126,0,1.0,False
11269630,validation,"Other features, terms, or problems",205,205,0,1.0,False
11269824,validation,Problem with a purchase shown on your statement,261,261,0,1.0,False
11270032,validation,"Other features, terms, or problems",119,119,0,1.0,False
11270084,validation,Fees or interest,68,68,0,1.0,False
11270201,validation,Fees or interest,359,359,0,1.0,False
11270243,validation,Trouble using your card,102,102,0,1.0,False
11270299,validation,Closing your account,367,367,0,1.0,False
11270336,validation,Getting a credit card,50,50,0,1.0,False
11270512,validation,Closing your account,461,461,0,1.0,False
11271048,validation,Incorrect information on your report,206,206,0,1.0,False
11271218,validation,Fees or interest,280,280,0,1.0,False
11271270,validation,Fees or interest,373,373,0,1.0,False
11271274,validation,Problem with a purchase shown on your statement,110,110,0,1.0,False
11271304,validation,Problem with a company's investigation into an existing problem,71,71,0,1.0,False
11271358,validation,Problem with a purchase shown on your statement,146,146,0,1.0,False
11271451,validation,"Other features, terms, or problems",167,167,0,1.0,False
11271593,validation,Problem with a purchase shown on your statement,529,510,19,0.9640831758034026,True
11271705,validation,Fees or interest,419,419,0,1.0,False
11271718,validation,Trouble using your card,472,472,0,1.0,False
11271823,validation,Problem with a purchase shown on your statement,212,212,0,1.0,False
11271990,validation,Trouble using your card,173,173,0,1.0,False
11272072,validation,Problem with a purchase shown on your statement,471,471,0,1.0,False
11272357,validation,"Other features, terms, or problems",407,407,0,1.0,False
11272379,validation,Problem with a purchase shown on your statement,241,241,0,1.0,False
11272714,validation,Fees or interest,292,292,0,1.0,False
11272778,validation,Incorrect information on your report,24,24,0,1.0,False
11272939,validation,Fees or interest,283,283,0,1.0,False
11273132,validation,Fees or interest,164,164,0,1.0,False
11273165,validation,Incorrect information on your report,148,148,0,1.0,False
11273169,validation,Trouble using your card,496,496,0,1.0,False
11274250,validation,Fees or interest,388,388,0,1.0,False
11274266,validation,"Other features, terms, or problems",187,187,0,1.0,False
11274474,validation,Problem with a purchase shown on your statement,536,510,26,0.9514925373134329,True
11274509,validation,Getting a credit card,105,105,0,1.0,False
11274541,validation,Problem when making payments,82,82,0,1.0,False
11275037,validation,Problem when making payments,242,242,0,1.0,False
11275139,validation,Problem with a purchase shown on your statement,875,510,365,0.5828571428571429,True
11275316,validation,Problem with a purchase shown on your statement,767,510,257,0.6649282920469362,True
11275343,validation,Fees or interest,100,100,0,1.0,False
11275373,validation,"Other features, terms, or problems",145,145,0,1.0,False
11275428,validation,Getting a credit card,28,28,0,1.0,False
11275626,validation,Fees or interest,69,69,0,1.0,False
11275649,validation,"Other features, terms, or problems",99,99,0,1.0,False
11275783,validation,"Advertising and marketing, including promotional offers",183,183,0,1.0,False
11275941,validation,Problem when making payments,665,510,155,0.7669172932330827,True
11276023,validation,Problem with a purchase shown on your statement,180,180,0,1.0,False
11276082,validation,Fees or interest,45,45,0,1.0,False
11276105,validation,Problem with a purchase shown on your statement,216,216,0,1.0,False
11276182,validation,Fees or interest,46,46,0,1.0,False
11276353,validation,Problem with a purchase shown on your statement,912,510,402,0.5592105263157895,True
11276469,validation,Trouble using your card,203,203,0,1.0,False
11276497,validation,Fees or interest,38,38,0,1.0,False
11276522,validation,Getting a credit card,118,118,0,1.0,False
11276557,validation,Getting a credit card,145,145,0,1.0,False
11250654,validation,Closing your account,80,80,0,1.0,False
11251072,validation,Problem when making payments,462,462,0,1.0,False
11251116,validation,Getting a credit card,60,60,0,1.0,False
11253251,validation,Fees or interest,210,210,0,1.0,False
11253269,validation,Fees or interest,695,510,185,0.7338129496402878,True
11253280,validation,Problem with a purchase shown on your statement,139,139,0,1.0,False
11253295,validation,Getting a credit card,200,200,0,1.0,False
11253303,validation,Problem with a purchase shown on your statement,2207,510,1697,0.2310829179882193,True
11253838,validation,Closing your account,238,238,0,1.0,False
11253869,validation,Closing your account,239,239,0,1.0,False
11253934,validation,Getting a credit card,159,159,0,1.0,False
11254299,validation,Closing your account,67,67,0,1.0,False
11254348,validation,Problem with a purchase shown on your statement,363,363,0,1.0,False
11254349,validation,Fees or interest,30,30,0,1.0,False
11254371,validation,Problem with a purchase shown on your statement,176,176,0,1.0,False
11254586,validation,Getting a credit card,131,131,0,1.0,False
11254704,validation,Fees or interest,20,20,0,1.0,False
11254760,validation,Closing your account,376,376,0,1.0,False
11254792,validation,Problem with a purchase shown on your statement,244,244,0,1.0,False
11258018,validation,Closing your account,65,65,0,1.0,False
11264287,validation,Problem with a purchase shown on your statement,738,510,228,0.6910569105691057,True
11264342,validation,Struggling to pay your bill,126,126,0,1.0,False
11264366,validation,Closing your account,213,213,0,1.0,False
11264460,validation,Problem with a company's investigation into an existing problem,47,47,0,1.0,False
11264747,validation,Problem when making payments,290,290,0,1.0,False
11264805,validation,Closing your account,135,135,0,1.0,False
11265104,validation,"Other features, terms, or problems",158,158,0,1.0,False
11265243,validation,Problem with a purchase shown on your statement,164,164,0,1.0,False
11265317,validation,Problem with a purchase shown on your statement,364,364,0,1.0,False
11265350,validation,Problem with a purchase shown on your statement,607,510,97,0.8401976935749588,True
11265362,validation,Closing your account,174,174,0,1.0,False
11265405,validation,Problem with a purchase shown on your statement,113,113,0,1.0,False
11265561,validation,Getting a credit card,157,157,0,1.0,False
11265633,validation,Problem when making payments,303,303,0,1.0,False
11265717,validation,Fees or interest,22,22,0,1.0,False
11265760,validation,Closing your account,687,510,177,0.74235807860262,True
11265882,validation,Fees or interest,72,72,0,1.0,False
11265893,validation,Incorrect information on your report,53,53,0,1.0,False
11265896,validation,Fees or interest,20,20,0,1.0,False
11265944,validation,Fees or interest,64,64,0,1.0,False
11265948,validation,"Other features, terms, or problems",371,371,0,1.0,False
11265984,validation,Fees or interest,23,23,0,1.0,False
11266021,validation,"Advertising and marketing, including promotional offers",1080,510,570,0.4722222222222222,True
11266075,validation,Problem with a purchase shown on your statement,94,94,0,1.0,False
11266124,validation,"Other features, terms, or problems",451,451,0,1.0,False
11266227,validation,Getting a credit card,287,287,0,1.0,False
11266240,validation,Problem with a purchase shown on your statement,100,100,0,1.0,False
11266318,validation,Problem with a company's investigation into an existing problem,53,53,0,1.0,False
11266351,validation,Getting a credit card,77,77,0,1.0,False
11266454,validation,"Other features, terms, or problems",421,421,0,1.0,False
11266458,validation,Fees or interest,20,20,0,1.0,False
11266624,validation,Fees or interest,231,231,0,1.0,False
11266675,validation,Trouble using your card,441,441,0,1.0,False
11266700,validation,Problem with a purchase shown on your statement,483,483,0,1.0,False
11266730,validation,Fees or interest,22,22,0,1.0,False
11266741,validation,Fees or interest,24,24,0,1.0,False
11266765,validation,Problem with a company's investigation into an existing problem,35,35,0,1.0,False
11266815,validation,Struggling to pay your bill,117,117,0,1.0,False
11266860,validation,Fees or interest,24,24,0,1.0,False
11266880,validation,Trouble using your card,90,90,0,1.0,False
11266884,validation,Problem when making payments,193,193,0,1.0,False
11266978,validation,Fees or interest,426,426,0,1.0,False
11267200,validation,Problem when making payments,220,220,0,1.0,False
11267316,validation,Incorrect information on your report,323,323,0,1.0,False
11267351,validation,Getting a credit card,296,296,0,1.0,False
11267352,validation,Problem with a purchase shown on your statement,290,290,0,1.0,False
11267531,validation,Closing your account,490,490,0,1.0,False
11267537,validation,Getting a credit card,37,37,0,1.0,False
11267572,validation,Fees or interest,160,160,0,1.0,False
11268157,validation,Problem with a purchase shown on your statement,47,47,0,1.0,False
11268260,validation,Getting a credit card,64,64,0,1.0,False
11268330,validation,Problem when making payments,449,449,0,1.0,False
11268519,validation,Problem with a purchase shown on your statement,356,356,0,1.0,False
11268585,validation,Problem with a purchase shown on your statement,647,510,137,0.7882534775888718,True
11268717,validation,"Other features, terms, or problems",93,93,0,1.0,False
11268928,validation,Problem with a company's investigation into an existing problem,23,23,0,1.0,False
11268930,validation,"Other features, terms, or problems",398,398,0,1.0,False
11269044,validation,Problem when making payments,125,125,0,1.0,False
11269086,validation,Getting a credit card,61,61,0,1.0,False
11269261,validation,Fees or interest,866,510,356,0.5889145496535797,True
11269686,validation,"Other features, terms, or problems",579,510,69,0.8808290155440415,True
11269927,validation,Closing your account,75,75,0,1.0,False
11270019,validation,Closing your account,184,184,0,1.0,False
11270064,validation,Problem with a purchase shown on your statement,399,399,0,1.0,False
11270136,validation,Problem with a purchase shown on your statement,472,472,0,1.0,False
11270167,validation,Getting a credit card,13,13,0,1.0,False
11270950,validation,"Advertising and marketing, including promotional offers",114,114,0,1.0,False
11270985,validation,"Other features, terms, or problems",711,510,201,0.7172995780590717,True
11271186,validation,Problem when making payments,440,440,0,1.0,False
11272029,validation,Fees or interest,47,47,0,1.0,False
11273901,validation,Problem when making payments,1033,510,523,0.4937076476282672,True
11274062,validation,Closing your account,34,34,0,1.0,False
11274099,validation,Problem with a purchase shown on your statement,630,510,120,0.8095238095238095,True
11275472,validation,Fees or interest,55,55,0,1.0,False
11275487,validation,"Other features, terms, or problems",566,510,56,0.901060070671378,True
11276624,validation,Getting a credit card,50,50,0,1.0,False
11276644,validation,Problem with a purchase shown on your statement,571,510,61,0.8931698774080561,True
11260020,validation,Closing your account,1297,510,787,0.39321511179645335,True
11261266,validation,"Other features, terms, or problems",332,332,0,1.0,False
11261674,validation,"Advertising and marketing, including promotional offers",212,212,0,1.0,False
11261686,validation,"Other features, terms, or problems",65,65,0,1.0,False
11261690,validation,Problem with a purchase shown on your statement,436,436,0,1.0,False
11262084,validation,Closing your account,227,227,0,1.0,False
11262324,validation,Problem with a purchase shown on your statement,75,75,0,1.0,False
11262489,validation,"Other features, terms, or problems",44,44,0,1.0,False
11262544,validation,Closing your account,249,249,0,1.0,False
11262558,validation,Problem when making payments,111,111,0,1.0,False
11262611,validation,Problem with a purchase shown on your statement,119,119,0,1.0,False
11262628,validation,Trouble using your card,696,510,186,0.7327586206896551,True
11262641,validation,Closing your account,262,262,0,1.0,False
11262645,validation,Problem with a purchase shown on your statement,25,25,0,1.0,False
11262903,validation,"Other features, terms, or problems",141,141,0,1.0,False
11263149,validation,Fees or interest,312,312,0,1.0,False
11263185,validation,Problem with a purchase shown on your statement,348,348,0,1.0,False
11263303,validation,Fees or interest,445,445,0,1.0,False
11263306,validation,"Other features, terms, or problems",212,212,0,1.0,False
11263330,validation,Problem with a purchase shown on your statement,208,208,0,1.0,False
11263561,validation,Getting a credit card,588,510,78,0.8673469387755102,True
11263608,validation,Problem when making payments,204,204,0,1.0,False
11263698,validation,Fees or interest,40,40,0,1.0,False
11263834,validation,Problem with a purchase shown on your statement,213,213,0,1.0,False
11264102,validation,Problem with a purchase shown on your statement,311,311,0,1.0,False
11264288,validation,Getting a credit card,463,463,0,1.0,False
11264837,validation,Trouble using your card,79,79,0,1.0,False
11256396,validation,Getting a credit card,341,341,0,1.0,False
11256526,validation,Closing your account,26,26,0,1.0,False
11257559,validation,"Other features, terms, or problems",193,193,0,1.0,False
11259839,validation,Trouble using your card,196,196,0,1.0,False
11259908,validation,Problem with a purchase shown on your statement,89,89,0,1.0,False
11259910,validation,Problem with a purchase shown on your statement,89,89,0,1.0,False
11259927,validation,"Advertising and marketing, including promotional offers",53,53,0,1.0,False
11259938,validation,Problem with a purchase shown on your statement,398,398,0,1.0,False
11259988,validation,Fees or interest,147,147,0,1.0,False
11278214,validation,Getting a credit card,56,56,0,1.0,False
11278523,validation,Problem with a purchase shown on your statement,295,295,0,1.0,False
11278549,validation,"Other features, terms, or problems",584,510,74,0.8732876712328768,True
11278567,validation,Closing your account,116,116,0,1.0,False
11278649,validation,Getting a credit card,83,83,0,1.0,False
11278670,validation,Problem with a purchase shown on your statement,466,466,0,1.0,False
11278697,validation,Problem with a purchase shown on your statement,323,323,0,1.0,False
11278718,validation,Getting a credit card,108,108,0,1.0,False
11279232,validation,"Other features, terms, or problems",140,140,0,1.0,False
11279349,validation,"Advertising and marketing, including promotional offers",82,82,0,1.0,False
11279857,validation,Fees or interest,182,182,0,1.0,False
11279980,validation,Getting a credit card,192,192,0,1.0,False
11280378,validation,Problem with a purchase shown on your statement,46,46,0,1.0,False
11280483,validation,Problem with a purchase shown on your statement,353,353,0,1.0,False
11280530,validation,Problem with a purchase shown on your statement,197,197,0,1.0,False
11280553,validation,Problem when making payments,349,349,0,1.0,False
11280732,validation,Problem with a purchase shown on your statement,480,480,0,1.0,False
11280834,validation,Problem when making payments,109,109,0,1.0,False
11281098,validation,Closing your account,379,379,0,1.0,False
11281177,validation,Fees or interest,254,254,0,1.0,False
11281223,validation,Getting a credit card,102,102,0,1.0,False
11281353,validation,Incorrect information on your report,90,90,0,1.0,False
11281357,validation,Problem with a purchase shown on your statement,526,510,16,0.9695817490494296,True
11281642,validation,"Advertising and marketing, including promotional offers",287,287,0,1.0,False
11281653,validation,Closing your account,268,268,0,1.0,False
11281791,validation,Problem when making payments,382,382,0,1.0,False
11281915,validation,"Other features, terms, or problems",273,273,0,1.0,False
11281959,validation,Problem with a purchase shown on your statement,1076,510,566,0.4739776951672863,True
11282540,validation,Problem with a purchase shown on your statement,293,293,0,1.0,False
11282572,validation,Closing your account,460,460,0,1.0,False
11282599,validation,Closing your account,178,178,0,1.0,False
11282605,validation,Problem with a purchase shown on your statement,363,363,0,1.0,False
11282694,validation,"Other features, terms, or problems",788,510,278,0.6472081218274112,True
11282742,validation,Problem with a purchase shown on your statement,255,255,0,1.0,False
11282744,validation,Problem with a purchase shown on your statement,284,284,0,1.0,False
11283001,validation,Closing your account,380,380,0,1.0,False
11283011,validation,Problem with a purchase shown on your statement,50,50,0,1.0,False
11283066,validation,"Advertising and marketing, including promotional offers",375,375,0,1.0,False
11283255,validation,Problem when making payments,488,488,0,1.0,False
11283297,validation,Problem with a purchase shown on your statement,534,510,24,0.9550561797752809,True
11283309,validation,Problem with a purchase shown on your statement,191,191,0,1.0,False
11283320,validation,Struggling to pay your bill,84,84,0,1.0,False
11283340,validation,"Other features, terms, or problems",416,416,0,1.0,False
11283380,validation,Problem with a purchase shown on your statement,223,223,0,1.0,False
11283590,validation,Fees or interest,402,402,0,1.0,False
11283666,validation,Fees or interest,177,177,0,1.0,False
11284452,validation,Fees or interest,188,188,0,1.0,False
11284484,validation,Problem with a company's investigation into an existing problem,240,240,0,1.0,False
11284561,validation,Getting a credit card,177,177,0,1.0,False
11284858,validation,Problem when making payments,93,93,0,1.0,False
11284887,validation,Fees or interest,111,111,0,1.0,False
11285271,validation,"Advertising and marketing, including promotional offers",185,185,0,1.0,False
11285317,validation,Closing your account,118,118,0,1.0,False
11285319,validation,"Advertising and marketing, including promotional offers",160,160,0,1.0,False
11285353,validation,Problem with a purchase shown on your statement,337,337,0,1.0,False
11286232,validation,Problem with a company's investigation into an existing problem,53,53,0,1.0,False
11286896,validation,Closing your account,221,221,0,1.0,False
11287114,validation,"Other features, terms, or problems",288,288,0,1.0,False
11287139,validation,Problem with a purchase shown on your statement,749,510,239,0.6809078771695594,True
11287184,validation,Problem with a purchase shown on your statement,398,398,0,1.0,False
11287560,validation,Incorrect information on your report,236,236,0,1.0,False
11287593,validation,"Other features, terms, or problems",61,61,0,1.0,False
11287888,validation,Fees or interest,78,78,0,1.0,False
11287911,validation,Problem when making payments,158,158,0,1.0,False
11287964,validation,Getting a credit card,36,36,0,1.0,False
11287991,validation,Problem with a purchase shown on your statement,451,451,0,1.0,False
11288009,validation,"Advertising and marketing, including promotional offers",311,311,0,1.0,False
11288022,validation,Getting a credit card,2868,510,2358,0.17782426778242677,True
11288038,validation,Problem with a purchase shown on your statement,211,211,0,1.0,False
11288066,validation,"Other features, terms, or problems",192,192,0,1.0,False
11288067,validation,Problem with a purchase shown on your statement,288,288,0,1.0,False
11288091,validation,Trouble using your card,310,310,0,1.0,False
11288648,validation,Closing your account,258,258,0,1.0,False
11288997,validation,Fees or interest,688,510,178,0.7412790697674418,True
11289044,validation,Fees or interest,68,68,0,1.0,False
11289065,validation,Problem with a purchase shown on your statement,380,380,0,1.0,False
11289069,validation,"Advertising and marketing, including promotional offers",297,297,0,1.0,False
11289079,validation,Closing your account,309,309,0,1.0,False
11289117,validation,Problem when making payments,82,82,0,1.0,False
11289136,validation,Getting a credit card,252,252,0,1.0,False
11289391,validation,Problem when making payments,271,271,0,1.0,False
11289405,validation,Getting a credit card,1045,510,535,0.4880382775119617,True
11290300,validation,Closing your account,324,324,0,1.0,False
11290374,validation,Getting a credit card,418,418,0,1.0,False
11290381,validation,Problem with a purchase shown on your statement,76,76,0,1.0,False
11290686,validation,Problem with a purchase shown on your statement,441,441,0,1.0,False
11290740,validation,Problem with a purchase shown on your statement,52,52,0,1.0,False
11290744,validation,Fees or interest,324,324,0,1.0,False
11290760,validation,"Advertising and marketing, including promotional offers",270,270,0,1.0,False
11327027,validation,"Other features, terms, or problems",139,139,0,1.0,False
11284089,validation,Getting a credit card,239,239,0,1.0,False
11284241,validation,"Advertising and marketing, including promotional offers",199,199,0,1.0,False
11284308,validation,"Other features, terms, or problems",103,103,0,1.0,False
11284332,validation,Incorrect information on your report,575,510,65,0.8869565217391304,True
11284366,validation,Problem when making payments,184,184,0,1.0,False
11284398,validation,Closing your account,82,82,0,1.0,False
11284472,validation,Problem with a purchase shown on your statement,152,152,0,1.0,False
11284478,validation,Getting a credit card,67,67,0,1.0,False
11284483,validation,Incorrect information on your report,188,188,0,1.0,False
11284585,validation,"Advertising and marketing, including promotional offers",273,273,0,1.0,False
11284855,validation,"Other features, terms, or problems",276,276,0,1.0,False
11285716,validation,Getting a credit card,74,74,0,1.0,False
11285751,validation,Closing your account,271,271,0,1.0,False
11285773,validation,Getting a credit card,33,33,0,1.0,False
11285957,validation,Getting a credit card,61,61,0,1.0,False
11286167,validation,"Advertising and marketing, including promotional offers",254,254,0,1.0,False
11286453,validation,Fees or interest,150,150,0,1.0,False
11286512,validation,Problem when making payments,420,420,0,1.0,False
11287168,validation,Getting a credit card,30,30,0,1.0,False
11287228,validation,Getting a credit card,154,154,0,1.0,False
11287246,validation,Incorrect information on your report,190,190,0,1.0,False
11287773,validation,"Other features, terms, or problems",939,510,429,0.5431309904153354,True
11287857,validation,Trouble using your card,214,214,0,1.0,False
11287876,validation,"Other features, terms, or problems",373,373,0,1.0,False
11292542,validation,"Other features, terms, or problems",339,339,0,1.0,False
11293693,validation,Problem with a purchase shown on your statement,358,358,0,1.0,False
11293825,validation,Getting a credit card,173,173,0,1.0,False
11294016,validation,Getting a credit card,48,48,0,1.0,False
11294021,validation,Getting a credit card,20,20,0,1.0,False
11294028,validation,Fees or interest,226,226,0,1.0,False
11294056,validation,Fees or interest,247,247,0,1.0,False
11294061,validation,"Advertising and marketing, including promotional offers",610,510,100,0.8360655737704918,True
11294137,validation,Closing your account,47,47,0,1.0,False
11294138,validation,Problem with a purchase shown on your statement,339,339,0,1.0,False
11294173,validation,"Advertising and marketing, including promotional offers",302,302,0,1.0,False
11294436,validation,Getting a credit card,67,67,0,1.0,False
11294541,validation,Getting a credit card,55,55,0,1.0,False
11294547,validation,"Other features, terms, or problems",196,196,0,1.0,False
11294604,validation,Fees or interest,98,98,0,1.0,False
11294614,validation,Problem when making payments,109,109,0,1.0,False
11294662,validation,"Advertising and marketing, including promotional offers",319,319,0,1.0,False
11294691,validation,Problem with a purchase shown on your statement,279,279,0,1.0,False
11295129,validation,"Other features, terms, or problems",128,128,0,1.0,False
11295207,validation,Fees or interest,189,189,0,1.0,False
11295292,validation,Getting a credit card,122,122,0,1.0,False
11295763,validation,Problem when making payments,393,393,0,1.0,False
11295777,validation,"Other features, terms, or problems",111,111,0,1.0,False
11295780,validation,Getting a credit card,912,510,402,0.5592105263157895,True
11295913,validation,"Other features, terms, or problems",112,112,0,1.0,False
11295917,validation,Struggling to pay your bill,117,117,0,1.0,False
11295949,validation,Getting a credit card,608,510,98,0.8388157894736842,True
11295965,validation,Getting a credit card,162,162,0,1.0,False
11295974,validation,"Other features, terms, or problems",269,269,0,1.0,False
11295975,validation,Closing your account,139,139,0,1.0,False
11295999,validation,Getting a credit card,207,207,0,1.0,False
11296462,validation,Problem when making payments,111,111,0,1.0,False
11296520,validation,Problem when making payments,199,199,0,1.0,False
11296605,validation,Fees or interest,389,389,0,1.0,False
11296718,validation,Problem with a company's investigation into an existing problem,205,205,0,1.0,False
11296926,validation,Trouble using your card,34,34,0,1.0,False
11297135,validation,Problem with a purchase shown on your statement,66,66,0,1.0,False
11297446,validation,"Advertising and marketing, including promotional offers",132,132,0,1.0,False
11297511,validation,Problem with a purchase shown on your statement,427,427,0,1.0,False
11297560,validation,Problem with a purchase shown on your statement,272,272,0,1.0,False
11297561,validation,Fees or interest,343,343,0,1.0,False
11297690,validation,Fees or interest,13,13,0,1.0,False
11298208,validation,Problem with a purchase shown on your statement,80,80,0,1.0,False
11298325,validation,Problem with a purchase shown on your statement,473,473,0,1.0,False
11298386,validation,Closing your account,53,53,0,1.0,False
11298657,validation,"Other features, terms, or problems",278,278,0,1.0,False
11299363,validation,Problem with a purchase shown on your statement,47,47,0,1.0,False
11299425,validation,Problem with a purchase shown on your statement,168,168,0,1.0,False
11299458,validation,Getting a credit card,2357,510,1847,0.21637675010606702,True
11299473,validation,Closing your account,166,166,0,1.0,False
11299764,validation,"Other features, terms, or problems",350,350,0,1.0,False
11300063,validation,"Advertising and marketing, including promotional offers",103,103,0,1.0,False
11300312,validation,Getting a credit card,161,161,0,1.0,False
11300582,validation,Fees or interest,130,130,0,1.0,False
11300588,validation,Struggling to pay your bill,204,204,0,1.0,False
11300596,validation,Fees or interest,455,455,0,1.0,False
11300626,validation,Getting a credit card,167,167,0,1.0,False
11300632,validation,Problem with a purchase shown on your statement,92,92,0,1.0,False
11301259,validation,Trouble using your card,232,232,0,1.0,False
11301354,validation,Getting a credit card,631,510,121,0.8082408874801902,True
11301374,validation,"Advertising and marketing, including promotional offers",238,238,0,1.0,False
11301389,validation,Problem when making payments,491,491,0,1.0,False
11301537,validation,Problem with a purchase shown on your statement,357,357,0,1.0,False
11301867,validation,Fees or interest,142,142,0,1.0,False
11302067,validation,Problem with a purchase shown on your statement,54,54,0,1.0,False
11302117,validation,"Other features, terms, or problems",355,355,0,1.0,False
11302212,validation,Problem with a purchase shown on your statement,186,186,0,1.0,False
11302289,validation,Closing your account,110,110,0,1.0,False
11302307,validation,Fees or interest,58,58,0,1.0,False
11302595,validation,Problem with a purchase shown on your statement,150,150,0,1.0,False
11303293,validation,Problem with a company's investigation into an existing problem,70,70,0,1.0,False
11303568,validation,Problem with a purchase shown on your statement,136,136,0,1.0,False
11303850,validation,Getting a credit card,364,364,0,1.0,False
11291024,validation,"Other features, terms, or problems",196,196,0,1.0,False
11291256,validation,Problem with a purchase shown on your statement,468,468,0,1.0,False
11293370,validation,Problem with a purchase shown on your statement,147,147,0,1.0,False
11293441,validation,"Other features, terms, or problems",609,510,99,0.8374384236453202,True
11293469,validation,Fees or interest,162,162,0,1.0,False
11293483,validation,"Other features, terms, or problems",132,132,0,1.0,False
11293488,validation,Fees or interest,118,118,0,1.0,False
11293639,validation,Fees or interest,880,510,370,0.5795454545454546,True
11293657,validation,Getting a credit card,12,12,0,1.0,False
11293723,validation,Problem with a company's investigation into an existing problem,49,49,0,1.0,False
11293733,validation,Fees or interest,142,142,0,1.0,False
11293767,validation,Problem with a purchase shown on your statement,258,258,0,1.0,False
11293797,validation,Problem when making payments,101,101,0,1.0,False
11293827,validation,Problem with a purchase shown on your statement,685,510,175,0.7445255474452555,True
11293915,validation,Trouble using your card,618,510,108,0.8252427184466019,True
11293926,validation,Getting a credit card,387,387,0,1.0,False
11293927,validation,Problem with a purchase shown on your statement,394,394,0,1.0,False
11293969,validation,Fees or interest,321,321,0,1.0,False
11293978,validation,Problem with a purchase shown on your statement,42,42,0,1.0,False
11293992,validation,Fees or interest,364,364,0,1.0,False
11293997,validation,"Other features, terms, or problems",535,510,25,0.9532710280373832,True
11294024,validation,Problem with a purchase shown on your statement,593,510,83,0.8600337268128162,True
11294037,validation,Fees or interest,63,63,0,1.0,False
11304968,validation,Struggling to pay your bill,87,87,0,1.0,False
11305075,validation,Closing your account,65,65,0,1.0,False
11305191,validation,Trouble using your card,290,290,0,1.0,False
11305326,validation,Getting a credit card,90,90,0,1.0,False
11305340,validation,Problem when making payments,408,408,0,1.0,False
11305502,validation,Fees or interest,228,228,0,1.0,False
11305578,validation,"Other features, terms, or problems",304,304,0,1.0,False
11305696,validation,"Other features, terms, or problems",33,33,0,1.0,False
11305828,validation,Problem with a purchase shown on your statement,353,353,0,1.0,False
11306013,validation,"Other features, terms, or problems",193,193,0,1.0,False
11306067,validation,Getting a credit card,69,69,0,1.0,False
11306157,validation,Problem with a purchase shown on your statement,404,404,0,1.0,False
11306252,validation,Fees or interest,101,101,0,1.0,False
11306282,validation,Problem when making payments,101,101,0,1.0,False
11306310,validation,Problem with a purchase shown on your statement,518,510,8,0.9845559845559846,True
11306364,validation,"Advertising and marketing, including promotional offers",525,510,15,0.9714285714285714,True
11306369,validation,Getting a credit card,45,45,0,1.0,False
11306401,validation,"Other features, terms, or problems",143,143,0,1.0,False
11306482,validation,Problem with a purchase shown on your statement,134,134,0,1.0,False
11306519,validation,Problem with a purchase shown on your statement,670,510,160,0.7611940298507462,True
11306540,validation,Problem with a purchase shown on your statement,84,84,0,1.0,False
11306603,validation,Fees or interest,243,243,0,1.0,False
11306663,validation,Fees or interest,201,201,0,1.0,False
11306674,validation,Problem with a purchase shown on your statement,144,144,0,1.0,False
11306943,validation,Problem when making payments,2609,510,2099,0.1954771943273285,True
11306961,validation,Fees or interest,539,510,29,0.9461966604823747,True
11307228,validation,Fees or interest,160,160,0,1.0,False
11307270,validation,Problem with a purchase shown on your statement,81,81,0,1.0,False
11307354,validation,Fees or interest,143,143,0,1.0,False
11307374,validation,"Other features, terms, or problems",852,510,342,0.5985915492957746,True
11307461,validation,Problem with a purchase shown on your statement,220,220,0,1.0,False
11307652,validation,Problem with a purchase shown on your statement,233,233,0,1.0,False
11307707,validation,Problem when making payments,375,375,0,1.0,False
11307730,validation,"Other features, terms, or problems",313,313,0,1.0,False
11307887,validation,Problem with a purchase shown on your statement,79,79,0,1.0,False
11308084,validation,Problem with a purchase shown on your statement,159,159,0,1.0,False
11308560,validation,Incorrect information on your report,45,45,0,1.0,False
11308615,validation,"Other features, terms, or problems",47,47,0,1.0,False
11308820,validation,Fees or interest,133,133,0,1.0,False
11308873,validation,Incorrect information on your report,228,228,0,1.0,False
11310913,validation,Getting a credit card,193,193,0,1.0,False
11310919,validation,"Other features, terms, or problems",280,280,0,1.0,False
11311088,validation,Struggling to pay your bill,437,437,0,1.0,False
11311222,validation,"Advertising and marketing, including promotional offers",208,208,0,1.0,False
11311254,validation,Fees or interest,108,108,0,1.0,False
11311293,validation,Closing your account,361,361,0,1.0,False
11311501,validation,Problem when making payments,211,211,0,1.0,False
11311506,validation,Problem when making payments,279,279,0,1.0,False
11311534,validation,"Other features, terms, or problems",382,382,0,1.0,False
11311632,validation,Problem with a purchase shown on your statement,1313,510,803,0.38842345773038844,True
11311679,validation,Problem when making payments,173,173,0,1.0,False
11311833,validation,Problem with a purchase shown on your statement,216,216,0,1.0,False
11311838,validation,"Advertising and marketing, including promotional offers",93,93,0,1.0,False
11311891,validation,"Other features, terms, or problems",158,158,0,1.0,False
11311902,validation,Problem with a purchase shown on your statement,196,196,0,1.0,False
11311969,validation,"Other features, terms, or problems",142,142,0,1.0,False
11312018,validation,Incorrect information on your report,151,151,0,1.0,False
11312099,validation,Problem with a purchase shown on your statement,338,338,0,1.0,False
11332505,validation,Fees or interest,312,312,0,1.0,False
11309427,validation,Problem with a purchase shown on your statement,227,227,0,1.0,False
11309983,validation,"Advertising and marketing, including promotional offers",299,299,0,1.0,False
11310245,validation,Trouble using your card,154,154,0,1.0,False
11310313,validation,Getting a credit card,120,120,0,1.0,False
11310501,validation,"Other features, terms, or problems",105,105,0,1.0,False
11310550,validation,Incorrect information on your report,202,202,0,1.0,False
11310575,validation,Closing your account,148,148,0,1.0,False
11310626,validation,Problem with a purchase shown on your statement,162,162,0,1.0,False
11310827,validation,Problem with a purchase shown on your statement,392,392,0,1.0,False
11310842,validation,"Advertising and marketing, including promotional offers",62,62,0,1.0,False
11310871,validation,Problem when making payments,523,510,13,0.9751434034416826,True
11310872,validation,"Other features, terms, or problems",558,510,48,0.9139784946236559,True
11310939,validation,Fees or interest,118,118,0,1.0,False
11310988,validation,Getting a credit card,55,55,0,1.0,False
11311099,validation,Problem with a purchase shown on your statement,215,215,0,1.0,False
11315118,validation,Fees or interest,930,510,420,0.5483870967741935,True
11315188,validation,Problem with a purchase shown on your statement,598,510,88,0.8528428093645485,True
11315450,validation,Problem with a purchase shown on your statement,397,397,0,1.0,False
11315606,validation,Problem with a purchase shown on your statement,326,326,0,1.0,False
11315644,validation,Problem with a purchase shown on your statement,186,186,0,1.0,False
11315707,validation,Problem with a purchase shown on your statement,303,303,0,1.0,False
11315749,validation,"Advertising and marketing, including promotional offers",392,392,0,1.0,False
11315773,validation,Problem with a purchase shown on your statement,87,87,0,1.0,False
11315785,validation,Problem when making payments,391,391,0,1.0,False
11315790,validation,Problem with a purchase shown on your statement,110,110,0,1.0,False
11315800,validation,Closing your account,219,219,0,1.0,False
11315806,validation,Getting a credit card,64,64,0,1.0,False
11315933,validation,"Other features, terms, or problems",207,207,0,1.0,False
11315936,validation,Problem with a purchase shown on your statement,195,195,0,1.0,False
11315966,validation,Closing your account,95,95,0,1.0,False
11315997,validation,"Advertising and marketing, including promotional offers",361,361,0,1.0,False
11316019,validation,Problem with a purchase shown on your statement,242,242,0,1.0,False
11316037,validation,Problem with a purchase shown on your statement,232,232,0,1.0,False
11316080,validation,Closing your account,156,156,0,1.0,False
11316083,validation,"Advertising and marketing, including promotional offers",422,422,0,1.0,False
11316099,validation,Fees or interest,275,275,0,1.0,False
11316139,validation,Closing your account,107,107,0,1.0,False
11316208,validation,"Advertising and marketing, including promotional offers",282,282,0,1.0,False
11316711,validation,Problem when making payments,134,134,0,1.0,False
11316756,validation,Closing your account,127,127,0,1.0,False
11316787,validation,Closing your account,126,126,0,1.0,False
11317031,validation,Fees or interest,18,18,0,1.0,False
11317041,validation,Problem with a purchase shown on your statement,266,266,0,1.0,False
11317044,validation,Problem with a purchase shown on your statement,147,147,0,1.0,False
11317083,validation,Problem when making payments,266,266,0,1.0,False
11317184,validation,Getting a credit card,20,20,0,1.0,False
11317185,validation,Fees or interest,113,113,0,1.0,False
11317189,validation,Problem when making payments,416,416,0,1.0,False
11317227,validation,Fees or interest,151,151,0,1.0,False
11317229,validation,Problem with a company's investigation into an existing problem,798,510,288,0.6390977443609023,True
11317230,validation,"Other features, terms, or problems",400,400,0,1.0,False
11317237,validation,"Other features, terms, or problems",478,478,0,1.0,False
11317268,validation,"Other features, terms, or problems",48,48,0,1.0,False
11317766,validation,Fees or interest,147,147,0,1.0,False
11317895,validation,"Other features, terms, or problems",145,145,0,1.0,False
11317896,validation,Closing your account,123,123,0,1.0,False
11317963,validation,Fees or interest,525,510,15,0.9714285714285714,True
11318095,validation,Fees or interest,169,169,0,1.0,False
11318123,validation,Fees or interest,497,497,0,1.0,False
11318166,validation,Fees or interest,191,191,0,1.0,False
11318575,validation,"Advertising and marketing, including promotional offers",226,226,0,1.0,False
11318616,validation,Problem with a purchase shown on your statement,913,510,403,0.5585980284775466,True
11330576,validation,Problem with a purchase shown on your statement,440,440,0,1.0,False
11312379,validation,Problem with a purchase shown on your statement,84,84,0,1.0,False
11312465,validation,Problem when making payments,246,246,0,1.0,False
11313985,validation,Fees or interest,219,219,0,1.0,False
11314134,validation,Closing your account,299,299,0,1.0,False
11314368,validation,Problem with a purchase shown on your statement,1700,510,1190,0.3,True
11314498,validation,Problem with a purchase shown on your statement,113,113,0,1.0,False
11314521,validation,Struggling to pay your bill,42,42,0,1.0,False
11314618,validation,Fees or interest,229,229,0,1.0,False
11314640,validation,Problem with a purchase shown on your statement,1196,510,686,0.42642140468227424,True
11314684,validation,"Other features, terms, or problems",577,510,67,0.8838821490467937,True
11314762,validation,Problem with a company's investigation into an existing problem,39,39,0,1.0,False
11314981,validation,Problem with a purchase shown on your statement,687,510,177,0.74235807860262,True
11321567,validation,Problem with a purchase shown on your statement,399,399,0,1.0,False
11321654,validation,Problem with a purchase shown on your statement,450,450,0,1.0,False
11321727,validation,"Other features, terms, or problems",815,510,305,0.6257668711656442,True
11321882,validation,Problem with a purchase shown on your statement,613,510,103,0.831973898858075,True
11321971,validation,Problem with a purchase shown on your statement,867,510,357,0.5882352941176471,True
11322057,validation,"Advertising and marketing, including promotional offers",145,145,0,1.0,False
11322428,validation,Problem with a purchase shown on your statement,385,385,0,1.0,False
11322541,validation,Fees or interest,289,289,0,1.0,False
11322595,validation,Fees or interest,73,73,0,1.0,False
11322602,validation,Getting a credit card,114,114,0,1.0,False
11322687,validation,Fees or interest,178,178,0,1.0,False
11322753,validation,Incorrect information on your report,94,94,0,1.0,False
11322757,validation,Closing your account,229,229,0,1.0,False
11322789,validation,"Advertising and marketing, including promotional offers",399,399,0,1.0,False
11322822,validation,"Other features, terms, or problems",74,74,0,1.0,False
11322846,validation,"Other features, terms, or problems",424,424,0,1.0,False
11322876,validation,Fees or interest,143,143,0,1.0,False
11322927,validation,Closing your account,189,189,0,1.0,False
11322967,validation,Problem with a purchase shown on your statement,106,106,0,1.0,False
11323089,validation,Fees or interest,205,205,0,1.0,False
11323163,validation,Problem when making payments,195,195,0,1.0,False
11323170,validation,Getting a credit card,80,80,0,1.0,False
11323263,validation,Getting a credit card,33,33,0,1.0,False
11323518,validation,"Other features, terms, or problems",748,510,238,0.6818181818181818,True
11323565,validation,Problem with a purchase shown on your statement,163,163,0,1.0,False
11323625,validation,Getting a credit card,89,89,0,1.0,False
11323656,validation,Problem with a purchase shown on your statement,362,362,0,1.0,False
11323671,validation,"Other features, terms, or problems",224,224,0,1.0,False
11323675,validation,Fees or interest,179,179,0,1.0,False
11323681,validation,Trouble using your card,2347,510,1837,0.21729867916489135,True
11323714,validation,Fees or interest,124,124,0,1.0,False
11323790,validation,Fees or interest,134,134,0,1.0,False
11323799,validation,Problem with a purchase shown on your statement,190,190,0,1.0,False
11323910,validation,Problem with a purchase shown on your statement,25,25,0,1.0,False
11323922,validation,Problem with a purchase shown on your statement,302,302,0,1.0,False
11323943,validation,Fees or interest,253,253,0,1.0,False
11323982,validation,Getting a credit card,117,117,0,1.0,False
11323998,validation,Trouble using your card,96,96,0,1.0,False
11324323,validation,Fees or interest,102,102,0,1.0,False
11324329,validation,Closing your account,248,248,0,1.0,False
11324367,validation,Problem with a purchase shown on your statement,710,510,200,0.7183098591549296,True
11324442,validation,Getting a credit card,68,68,0,1.0,False
11324453,validation,"Other features, terms, or problems",176,176,0,1.0,False
11324543,validation,Problem with a purchase shown on your statement,302,302,0,1.0,False
11324550,validation,Problem with a purchase shown on your statement,525,510,15,0.9714285714285714,True
11324575,validation,"Other features, terms, or problems",34,34,0,1.0,False
11324589,validation,Fees or interest,271,271,0,1.0,False
11324620,validation,Fees or interest,205,205,0,1.0,False
11324654,validation,Trouble using your card,125,125,0,1.0,False
11324691,validation,Fees or interest,294,294,0,1.0,False
11325191,validation,Fees or interest,257,257,0,1.0,False
11325242,validation,Fees or interest,351,351,0,1.0,False
11325288,validation,Getting a credit card,115,115,0,1.0,False
11325296,validation,Fees or interest,152,152,0,1.0,False
11325406,validation,Getting a credit card,131,131,0,1.0,False
11325441,validation,Problem with a purchase shown on your statement,231,231,0,1.0,False
11325462,validation,Getting a credit card,150,150,0,1.0,False
11325543,validation,Fees or interest,297,297,0,1.0,False
11325582,validation,Closing your account,188,188,0,1.0,False
11325641,validation,Closing your account,254,254,0,1.0,False
11325714,validation,Problem with a purchase shown on your statement,226,226,0,1.0,False
11325720,validation,Getting a credit card,87,87,0,1.0,False
11325725,validation,Trouble using your card,535,510,25,0.9532710280373832,True
11325738,validation,Problem with a purchase shown on your statement,131,131,0,1.0,False
11325813,validation,Problem with a purchase shown on your statement,249,249,0,1.0,False
11325887,validation,Getting a credit card,125,125,0,1.0,False
11326017,validation,Fees or interest,250,250,0,1.0,False
11326845,validation,Problem with a purchase shown on your statement,313,313,0,1.0,False
11326895,validation,Problem with a purchase shown on your statement,308,308,0,1.0,False
11326996,validation,Struggling to pay your bill,413,413,0,1.0,False
11327357,validation,Getting a credit card,176,176,0,1.0,False
11327517,validation,Getting a credit card,58,58,0,1.0,False
11327664,validation,Fees or interest,416,416,0,1.0,False
11327668,validation,Problem with a purchase shown on your statement,171,171,0,1.0,False
11327802,validation,Incorrect information on your report,49,49,0,1.0,False
11327981,validation,Problem when making payments,284,284,0,1.0,False
11328023,validation,Problem with a company's investigation into an existing problem,78,78,0,1.0,False
11328226,validation,Fees or interest,112,112,0,1.0,False
11328280,validation,Problem with a purchase shown on your statement,555,510,45,0.918918918918919,True
11328461,validation,"Other features, terms, or problems",408,408,0,1.0,False
11328501,validation,"Other features, terms, or problems",109,109,0,1.0,False
11328786,validation,Problem with a purchase shown on your statement,530,510,20,0.9622641509433962,True
11328881,validation,"Advertising and marketing, including promotional offers",211,211,0,1.0,False
11328905,validation,"Other features, terms, or problems",261,261,0,1.0,False
11328920,validation,Closing your account,183,183,0,1.0,False
11328922,validation,Fees or interest,122,122,0,1.0,False
11329576,validation,Problem with a purchase shown on your statement,98,98,0,1.0,False
11329690,validation,Trouble using your card,429,429,0,1.0,False
11330146,validation,Incorrect information on your report,57,57,0,1.0,False
11330539,validation,Problem with a purchase shown on your statement,151,151,0,1.0,False
11330554,validation,Fees or interest,208,208,0,1.0,False
11330875,validation,Trouble using your card,181,181,0,1.0,False
11330924,validation,Problem when making payments,153,153,0,1.0,False
11330969,validation,Closing your account,514,510,4,0.9922178988326849,True
11331336,validation,Problem with a company's investigation into an existing problem,100,100,0,1.0,False
11331476,validation,Getting a credit card,136,136,0,1.0,False
11331640,validation,Getting a credit card,20,20,0,1.0,False
11321052,validation,Getting a credit card,86,86,0,1.0,False
11321348,validation,Fees or interest,106,106,0,1.0,False
11321373,validation,Getting a credit card,48,48,0,1.0,False
11321401,validation,Fees or interest,556,510,46,0.9172661870503597,True
11321779,validation,Getting a credit card,50,50,0,1.0,False
11322051,validation,Getting a credit card,54,54,0,1.0,False
11322052,validation,Getting a credit card,57,57,0,1.0,False
11322102,validation,Fees or interest,313,313,0,1.0,False
11322110,validation,Closing your account,377,377,0,1.0,False
11322339,validation,Getting a credit card,311,311,0,1.0,False
11322407,validation,Problem with a purchase shown on your statement,534,510,24,0.9550561797752809,True
11322663,validation,Problem with a purchase shown on your statement,113,113,0,1.0,False
11332228,validation,Incorrect information on your report,104,104,0,1.0,False
11332236,validation,Problem when making payments,106,106,0,1.0,False
11332254,validation,Problem with a purchase shown on your statement,517,510,7,0.9864603481624759,True
11332270,validation,Problem with a purchase shown on your statement,60,60,0,1.0,False
11332272,validation,Problem with a purchase shown on your statement,139,139,0,1.0,False
11332331,validation,Closing your account,335,335,0,1.0,False
11332337,validation,Problem with a purchase shown on your statement,404,404,0,1.0,False
11332340,validation,Fees or interest,84,84,0,1.0,False
11332355,validation,Problem with a purchase shown on your statement,237,237,0,1.0,False
11332363,validation,Problem when making payments,113,113,0,1.0,False
11332463,validation,"Advertising and marketing, including promotional offers",808,510,298,0.6311881188118812,True
11332494,validation,Problem when making payments,134,134,0,1.0,False
11332552,validation,Problem with a company's investigation into an existing problem,61,61,0,1.0,False
11332657,validation,Problem with a purchase shown on your statement,130,130,0,1.0,False
11332872,validation,Problem with a purchase shown on your statement,113,113,0,1.0,False
11332895,validation,Fees or interest,363,363,0,1.0,False
11332901,validation,Problem with a purchase shown on your statement,486,486,0,1.0,False
11332934,validation,Closing your account,453,453,0,1.0,False
11332937,validation,Problem with a purchase shown on your statement,198,198,0,1.0,False
11332955,validation,"Other features, terms, or problems",191,191,0,1.0,False
11332958,validation,Problem with a purchase shown on your statement,45,45,0,1.0,False
11333282,validation,Problem when making payments,141,141,0,1.0,False
11335504,validation,Fees or interest,322,322,0,1.0,False
11335716,validation,"Other features, terms, or problems",588,510,78,0.8673469387755102,True
11335742,validation,"Other features, terms, or problems",332,332,0,1.0,False
11335749,validation,Fees or interest,87,87,0,1.0,False
11335783,validation,Getting a credit card,159,159,0,1.0,False
11335789,validation,"Advertising and marketing, including promotional offers",489,489,0,1.0,False
11335833,validation,Getting a credit card,153,153,0,1.0,False
11335933,validation,"Other features, terms, or problems",263,263,0,1.0,False
11335994,validation,Problem with a purchase shown on your statement,103,103,0,1.0,False
11336007,validation,Closing your account,135,135,0,1.0,False
11336041,validation,Getting a credit card,454,454,0,1.0,False
11336108,validation,Closing your account,102,102,0,1.0,False
11336110,validation,Closing your account,155,155,0,1.0,False
11336144,validation,"Advertising and marketing, including promotional offers",750,510,240,0.68,True
11336159,validation,Problem with a purchase shown on your statement,292,292,0,1.0,False
11336164,validation,Fees or interest,83,83,0,1.0,False
11336166,validation,"Other features, terms, or problems",424,424,0,1.0,False
11336181,validation,Getting a credit card,393,393,0,1.0,False
11336187,validation,Problem with a purchase shown on your statement,319,319,0,1.0,False
11336319,validation,Getting a credit card,25,25,0,1.0,False
11336337,validation,Trouble using your card,2862,510,2352,0.17819706498951782,True
11336342,validation,Fees or interest,707,510,197,0.7213578500707214,True
11336348,validation,"Advertising and marketing, including promotional offers",43,43,0,1.0,False
11336441,validation,Getting a credit card,121,121,0,1.0,False
11336457,validation,"Advertising and marketing, including promotional offers",192,192,0,1.0,False
11336487,validation,Incorrect information on your report,45,45,0,1.0,False
11336502,validation,Getting a credit card,64,64,0,1.0,False
11336520,validation,Getting a credit card,68,68,0,1.0,False
11336538,validation,Problem with a purchase shown on your statement,50,50,0,1.0,False
11336578,validation,"Other features, terms, or problems",182,182,0,1.0,False
11336744,validation,"Other features, terms, or problems",269,269,0,1.0,False
11336773,validation,Getting a credit card,154,154,0,1.0,False
11336820,validation,Problem with a purchase shown on your statement,113,113,0,1.0,False
11336840,validation,Incorrect information on your report,43,43,0,1.0,False
11336865,validation,Problem when making payments,317,317,0,1.0,False
11337240,validation,Closing your account,96,96,0,1.0,False
11337289,validation,Incorrect information on your report,117,117,0,1.0,False
11337312,validation,"Other features, terms, or problems",69,69,0,1.0,False
11337336,validation,Problem when making payments,90,90,0,1.0,False
11337338,validation,Closing your account,581,510,71,0.8777969018932874,True
11337344,validation,Problem with a purchase shown on your statement,176,176,0,1.0,False
11337568,validation,Fees or interest,96,96,0,1.0,False
11337569,validation,Problem when making payments,76,76,0,1.0,False
11337623,validation,Trouble using your card,217,217,0,1.0,False
11337648,validation,Problem with a purchase shown on your statement,383,383,0,1.0,False
11337663,validation,Problem when making payments,255,255,0,1.0,False
11337671,validation,Fees or interest,113,113,0,1.0,False
11337674,validation,Problem with a purchase shown on your statement,333,333,0,1.0,False
11337676,validation,Closing your account,300,300,0,1.0,False
11337697,validation,Problem with a purchase shown on your statement,32,32,0,1.0,False
11337708,validation,Closing your account,242,242,0,1.0,False
11337736,validation,Problem with a purchase shown on your statement,42,42,0,1.0,False
11337904,validation,Trouble using your card,131,131,0,1.0,False
11337945,validation,"Advertising and marketing, including promotional offers",498,498,0,1.0,False
11337971,validation,"Advertising and marketing, including promotional offers",175,175,0,1.0,False
11338071,validation,Fees or interest,422,422,0,1.0,False
11338231,validation,Problem when making payments,336,336,0,1.0,False
11338241,validation,Problem with a purchase shown on your statement,279,279,0,1.0,False
11338358,validation,Incorrect information on your report,653,510,143,0.781010719754977,True
11338361,validation,Problem with a purchase shown on your statement,115,115,0,1.0,False
11338443,validation,Closing your account,335,335,0,1.0,False
11338515,validation,Incorrect information on your report,134,134,0,1.0,False
11338555,validation,Problem with a purchase shown on your statement,146,146,0,1.0,False
11338714,validation,"Other features, terms, or problems",472,472,0,1.0,False
11338733,validation,Trouble using your card,221,221,0,1.0,False
11338739,validation,Problem when making payments,94,94,0,1.0,False
11338766,validation,Problem with a purchase shown on your statement,233,233,0,1.0,False
11338783,validation,Problem with a purchase shown on your statement,152,152,0,1.0,False
11338820,validation,"Advertising and marketing, including promotional offers",54,54,0,1.0,False
11338822,validation,Incorrect information on your report,39,39,0,1.0,False
11338829,validation,Trouble using your card,338,338,0,1.0,False
11338833,validation,Problem with a purchase shown on your statement,236,236,0,1.0,False
11338865,validation,Problem when making payments,120,120,0,1.0,False
11346173,validation,Problem with a purchase shown on your statement,45,45,0,1.0,False
11346182,validation,Fees or interest,97,97,0,1.0,False
11346192,validation,Fees or interest,301,301,0,1.0,False
11356132,validation,Fees or interest,250,250,0,1.0,False
